RF_Recall,RF_Precision,NB_Recall,NB_Precision
1.0,0.001326259946949602,1.0,0.001326259946949602
0.9588142388531162,0.3378255937560196,1.0,0.0013262599825662848
0.9588142388531162,0.33783523469103827,1.0,0.0013262600181829696
0.9588142388531162,0.33784969712536655,1.0,0.001326260053799656
0.9588142388531162,0.3378593394361876,1.0,0.0013262600894163447
0.9588142388531162,0.3379003253981846,1.0,0.001326260125033035
0.9588142388531162,0.3379147934061229,1.0,0.0013262601606497274
0.9588142388531162,0.337919616350765,1.0,0.0013262601962664214
0.9588142388531162,0.33792202787471365,1.0,0.0013262602318831176
0.9588142388531162,0.3379437331392112,1.0,0.0013262602674998158
0.9588142388531162,0.33795338081847637,1.0,0.0013262603031165157
0.9588142388531162,0.3379606169394266,1.0,0.0013262603387332176
0.9588142388531162,0.3379895645222307,1.0,0.0013262603743499214
0.9588142388531162,0.3380619551792331,1.0,0.001326260409966627
0.9588142388531162,0.33818025996286244,1.0,0.0013262604455833347
0.9588142388531162,0.33826239766833827,1.0,0.0013262604812000441
0.9588142388531162,0.3384243741021591,1.0,0.0013262605168167555
0.9588142388531162,0.3386058751179886,1.0,0.0013262605524334689
0.9588142388531162,0.3387269839907292,1.0,0.0013262605880501842
0.9588142388531162,0.33894519841951554,1.0,0.0013262606236669014
0.9588142388531162,0.33921228706104845,1.0,0.0013262606592836204
0.9588142388531162,0.3392317281102689,1.0,0.0013262606949003416
0.9588142388531162,0.3392365887207703,1.0,0.0013262607305170645
0.9588142388531162,0.3392390190782545,1.0,0.0013262607661337893
0.9588142388531162,0.33924387989769383,1.0,0.001326260801750516
0.9588142388531162,0.33924631035965036,1.0,0.0013262608373672447
0.9588142388531162,0.3392487408564326,1.0,0.0013262608729839752
0.9587939901996517,0.3395700065976306,1.0,0.0013262609086007078
0.9587939901996517,0.33957244178624957,1.0,0.0013262609442174422
0.9587939901996517,0.33957487700979616,1.0,0.0013262609798341785
0.9587939901996517,0.33958218289000924,1.0,0.0013262610154509166
0.9587939901996517,0.33958461825327385,1.0,0.0013262610510676569
0.9587737415461872,0.339960224294771,1.0,0.0013262610866843988
0.9587737415461872,0.3399626651349799,1.0,0.0013262611223011428
0.9587737415461872,0.3399699878659075,1.0,0.0013262611579178886
0.9587737415461872,0.33997242884631956,1.0,0.0013262611935346365
0.9587332442392581,0.3403979985046299,1.0,0.0013262612291513863
0.9587332442392581,0.3404053403118777,1.0,0.0013262612647681378
0.9587332442392581,0.34040778765133867,1.0,0.0013262613003848912
0.9587332442392581,0.3404126824358329,1.0,0.0013262613360016467
0.9587332442392581,0.34048122420215443,1.0,0.001326261371618404
0.9587332442392581,0.3404910181363172,1.0,0.0013262614072351634
0.9587332442392581,0.34049346670789676,1.0,0.0013262614428519246
0.9587332442392581,0.3405008126339408,1.0,0.0013262614784686877
0.9587332442392581,0.3405155054369714,1.0,0.0013262615140854526
0.9586724982788645,0.34118342257164885,1.0,0.0013262615497022195
0.9586724982788645,0.3411858812677457,1.0,0.0013262615853189884
0.9586724982788645,0.34118833999927933,1.0,0.0013262616209357592
0.9586724982788645,0.34119325756866026,1.0,0.0013262616565525318
0.9586724982788645,0.3412522794599932,1.0,0.0013262616921693063
0.9586724982788645,0.3412571988726872,1.0,0.001326261727786083
0.9586724982788645,0.34125965863222235,1.0,0.0013262617634028611
0.9586724982788645,0.341264578257673,1.0,0.0013262617990196415
0.9586724982788645,0.34126703812358994,1.0,0.0013262618346364238
0.9585712550115417,0.34225975302929523,1.0,0.0013262618702532078
0.9585712550115417,0.342264702054745,1.0,0.001326261905869994
0.9585712550115417,0.3422696512233212,1.0,0.001326261941486782
0.9585712550115417,0.34227460053503,1.0,0.0013262619771035717
0.9585712550115417,0.34228944932901434,1.0,0.0013262620127203635
0.9585712550115417,0.34229192425327,1.0,0.0013262620483371573
0.9585712550115417,0.3423018243082018,1.0,0.0013262620839539529
0.9585510063580772,0.34246050118641125,1.0,0.0013262621195707504
0.9585510063580772,0.3424629786372087,1.0,0.0013262621551875498
0.9585510063580772,0.3424704112046763,1.0,0.0013262621908043512
0.9585510063580772,0.34248032179650423,1.0,0.0013262622264211545
0.9585510063580772,0.3424827995340862,1.0,0.0013262622620379596
0.9585510063580772,0.34248527730751976,1.0,0.0013262622976547666
0.9585510063580772,0.34249271084293764,1.0,0.0013262623332715756
0.9585510063580772,0.34249518875978524,1.0,0.0013262623688883866
0.9584902603976836,0.3435971139468374,1.0,0.0013262624045051994
0.9584902603976836,0.3435996080281639,1.0,0.0013262624401220143
0.9584902603976836,0.3436021021456984,1.0,0.0013262624757388309
0.9584902603976836,0.34360709048939475,1.0,0.0013262625113556494
0.9584902603976836,0.3436095847155581,1.0,0.0013262625469724698
0.9584902603976836,0.3436120789779326,1.0,0.0013262625825892923
0.9584902603976836,0.3436170676113184,1.0,0.0013262626182061167
0.9584902603976836,0.3436195619823312,1.0,0.0013262626538229428
0.9584902603976836,0.34373434220940957,1.0,0.001326262689439771
0.9584902603976836,0.34373933439354,1.0,0.001326262725056601
0.9584902603976836,0.34375930458021364,1.0,0.001326262760673433
0.9584902603976836,0.34376429748945164,1.0,0.001326262796290267
0.9584902603976836,0.34376929054373007,1.0,0.0013262628319071026
0.9584902603976836,0.34377678039711246,1.0,0.0013262628675239404
0.9584902603976836,0.34377927708743367,1.0,0.00132626290314078
0.9584902603976836,0.3437817738140197,1.0,0.0013262629387576215
0.9584902603976836,0.34378676737598957,1.0,0.001326262974374465
0.9584902603976836,0.3437917610830283,1.0,0.0013262630099913103
0.9584902603976836,0.3437967549351423,1.0,0.0013262630456081575
0.9583282711699672,0.34523809523809523,1.0,0.0013262630812250066
0.9583282711699672,0.345260762042326,1.0,0.0013262631168418579
0.9583282711699672,0.3452733559974904,1.0,0.0013262631524587109
0.9583282711699672,0.3452783938368157,1.0,0.0013262631880755656
0.9583282711699672,0.3452859508714589,1.0,0.0013262632236924225
0.9583282711699672,0.3452884699565179,1.0,0.0013262632593092813
0.9583282711699672,0.34529098907833394,1.0,0.001326263294926142
0.9583282711699672,0.345301065933184,1.0,0.0013262633305430045
0.9583080225165026,0.3453366023087139,1.0,0.001326263366159869
0.9583080225165026,0.3453391221861432,1.0,0.0013262634017767354
0.9583080225165026,0.34534164210034735,1.0,0.0013262634373936036
0.9583080225165026,0.34534416205132695,1.0,0.001326263473010474
0.9583080225165026,0.3453466820390829,1.0,0.001326263508627346
0.9583080225165026,0.345349202063616,1.0,0.00132626354424422
0.9582675252095736,0.34556659778457677,1.0,0.001326263579861096
0.9582675252095736,0.3455691211262669,1.0,0.001326263615477974
0.9582675252095736,0.34557921486154924,1.0,0.0013262636510948536
0.9582675252095736,0.34558930918650504,1.0,0.0013262636867117353
0.9582675252095736,0.34559183285988654,1.0,0.001326263722328619
0.9582675252095736,0.3455943565701266,1.0,0.0013262637579455046
0.9582675252095736,0.3455968803172262,1.0,0.0013262637935623918
0.9582675252095736,0.3456019279220068,1.0,0.0013262638291792813
0.9582675252095736,0.3456120235739168,1.0,0.0013262638647961724
0.9582675252095736,0.34561454757905496,1.0,0.0013262639004130658
0.9582675252095736,0.3456195956999299,1.0,0.0013262639360299608
0.9582675252095736,0.3456347409474007,1.0,0.0013262639716468579
0.9582675252095736,0.3456397896581946,1.0,0.0013262640072637566
0.9582675252095736,0.34564231406890206,1.0,0.0013262640428806575
0.9582675252095736,0.3456448385164843,1.0,0.0013262640784975602
0.9582675252095736,0.3456473630009422,1.0,0.001326264114114465
0.9582675252095736,0.34566251068212195,1.0,0.0013262641497313716
0.9582675252095736,0.34566756020422323,1.0,0.0013262641853482799
0.9582675252095736,0.34567260987385595,1.0,0.0013262642209651903
0.9581055359818572,0.3480035596872771,1.0,0.0013262642565821027
0.9581055359818572,0.34801635751165766,1.0,0.001326264292199017
0.9581055359818572,0.34802147690497204,1.0,0.001326264327815933
0.9581055359818572,0.3480368359886432,1.0,0.001326264363432851
0.9581055359818572,0.34803939596772415,1.0,0.001326264399049771
0.9581055359818572,0.34806755822335994,1.0,0.0013262644346666928
0.9581055359818572,0.3481110906750046,1.0,0.0013262644702836167
0.9581055359818572,0.34811621285580807,1.0,0.0013262645059005423
0.9581055359818572,0.3481341416757409,1.0,0.00132626454151747
0.9581055359818572,0.34813670308648786,1.0,0.0013262645771343995
0.9581055359818572,0.3481392645349265,1.0,0.001326264612751331
0.9581055359818572,0.3481418260210576,1.0,0.0013262646483682642
0.9581055359818572,0.348144387544882,1.0,0.0013262646839851996
0.9581055359818572,0.34814694910640054,1.0,0.0013262647196021367
0.9581055359818572,0.3481520723425233,1.0,0.0013262647552190758
0.9581055359818572,0.3481571957294326,1.0,0.0013262647908360169
0.9581055359818572,0.34815975747943434,1.0,0.0013262648264529596
0.9581055359818572,0.3485213420248223,1.0,0.0013262648620699046
0.9581055359818572,0.3485418799767231,1.0,0.0013262648976868512
0.9581055359818572,0.34856755582075477,1.0,0.0013262649333037999
0.9581055359818572,0.3485701236132188,1.0,0.0013262649689207504
0.9581055359818572,0.34857269144351544,1.0,0.001326265004537703
0.9581055359818572,0.34857525931164546,1.0,0.0013262650401546572
0.9581055359818572,0.3486035083583211,1.0,0.0013262650757716137
0.9581055359818572,0.348611213438444,1.0,0.0013262651113885718
0.9581055359818572,0.34861635034775434,1.0,0.001326265147005532
0.9581055359818572,0.3486214874084553,1.0,0.001326265182622494
0.9581055359818572,0.3486240559955793,1.0,0.001326265218239458
0.9581055359818572,0.34862919328337866,1.0,0.0013262652538564238
0.9581055359818572,0.34864717498305287,1.0,0.0013262652894733917
0.9581055359818572,0.3486780050698579,1.0,0.0013262653250903614
0.9581055359818572,0.34868057448987866,1.0,0.001326265360707333
0.9581055359818572,0.348713980396492,1.0,0.0013262653963243064
0.9581055359818572,0.34872940066625396,1.0,0.0013262654319412819
0.9581055359818572,0.34873454105924145,1.0,0.0013262654675582593
0.9581055359818572,0.348737111312564,1.0,0.0013262655031752385
0.9581055359818572,0.3487396816037736,1.0,0.0013262655387922197
0.9581055359818572,0.34874225193287095,1.0,0.0013262655744092028
0.9581055359818572,0.34874482229985704,1.0,0.0013262656100261878
0.9581055359818572,0.34874996314749845,1.0,0.0013262656456431746
0.9581055359818572,0.3487551041467046,1.0,0.0013262656812601634
0.9581055359818572,0.34875767470314656,1.0,0.0013262657168771543
0.9581055359818572,0.3487628159297123,1.0,0.001326265752494147
0.95753857368485,0.35180556175512206,1.0,0.0013262657881111415
0.95753857368485,0.3518081790249745,1.0,0.0013262658237281379
0.95753857368485,0.35181079633376977,1.0,0.0013262658593451364
0.95753857368485,0.35181341368150876,1.0,0.0013262658949621366
0.95753857368485,0.3518186484938213,1.0,0.0013262659305791388
0.95753857368485,0.35182388346191906,1.0,0.001326265966196143
0.95753857368485,0.35185791455229987,1.0,0.001326266001813149
0.95753857368485,0.3518605326011741,1.0,0.0013262660374301568
0.95753857368485,0.3518631506890086,1.0,0.0013262660730471668
0.95753857368485,0.3518683869815617,1.0,0.0013262661086641786
0.95753857368485,0.351871005186282,1.0,0.0013262661442811922
0.95753857368485,0.3518736234299661,1.0,0.0013262661798982079
0.95753857368485,0.3518814783948091,1.0,0.0013262662155152254
0.95753857368485,0.3518840967943566,1.0,0.0013262662511322448
0.95753857368485,0.35188671523287224,1.0,0.0013262662867492662
0.95753857368485,0.35189457078223596,1.0,0.0013262663223662895
0.95753857368485,0.3519076641439511,1.0,0.0013262663579833146
0.95753857368485,0.35191028293321824,1.0,0.0013262663936003418
0.95753857368485,0.3519364729697547,1.0,0.0013262664292173706
0.95753857368485,0.35197052584570726,1.0,0.0013262664648344016
0.95753857368485,0.3519731455706566,1.0,0.0013262665004514344
0.95753857368485,0.351981004979494,1.0,0.0013262665360684691
0.95753857368485,0.35198362486043916,1.0,0.0013262665716855058
0.95753857368485,0.3519862447803854,1.0,0.0013262666073025444
0.95753857368485,0.35198886473933366,1.0,0.0013262666429195847
0.95753857368485,0.3519914847372848,1.0,0.0013262666785366273
0.9575183250313855,0.3521098444515596,1.0,0.0013262667141536715
0.9575183250313855,0.35211246630627413,1.0,0.0013262667497707177
0.9575183250313855,0.35213082038260196,1.0,0.0013262667853877659
0.9575183250313855,0.35214393160865615,1.0,0.001326266821004816
0.9575183250313855,0.3521465539710318,1.0,0.0013262668566218678
0.9575183250313855,0.3521517988129547,1.0,0.0013262668922389216
0.9575183250313855,0.3521570438111125,1.0,0.0013262669278559776
0.9575183250313855,0.35215966636878165,1.0,0.0013262669634730353
0.9575183250313855,0.3521622889655121,1.0,0.0013262669990900947
0.9575183250313855,0.35216491160130475,1.0,0.0013262670347071563
0.9575183250313855,0.3521780253662315,1.0,0.0013262670703242197
0.9575183250313855,0.35218064823641565,1.0,0.0013262671059412852
0.9575183250313855,0.3521832711456681,1.0,0.0013262671415583524
0.9575183250313855,0.3521885170813814,1.0,0.0013262671771754216
0.9575183250313855,0.3521990094216661,1.0,0.0013262672127924925
0.9575183250313855,0.35220163260442117,1.0,0.0013262672484095656
0.9575183250313855,0.3522042558262515,1.0,0.0013262672840266404
0.9574575790709918,0.3527941505633067,1.0,0.0013262673196437174
0.9574575790709918,0.352796782785815,1.0,0.0013262673552607962
0.9574575790709918,0.35280204734866855,1.0,0.0013262673908778766
0.9574575790709918,0.3528099444875545,1.0,0.0013262674264949593
0.9574575790709918,0.35281520944322575,1.0,0.0013262674621120438
0.9574575790709918,0.35284153657881384,1.0,0.0013262674977291302
0.9574575790709918,0.35284680247742706,1.0,0.0013262675333462184
0.9574575790709918,0.3528678676437665,1.0,0.0013262675689633087
0.9574575790709918,0.3528705009664107,1.0,0.0013262676045804008
0.9574575790709918,0.3528731343283582,1.0,0.0013262676401974947
0.9574575790709918,0.35287576772960993,1.0,0.0013262676758145908
0.9574575790709918,0.35288103465002946,1.0,0.0013262677114316886
0.9574575790709918,0.35289156896255774,1.0,0.0013262677470487884
0.9574575790709918,0.35289420263896354,1.0,0.0013262677826658901
0.9574373304175272,0.3529868462307956,1.0,0.0013262678182829938
0.9574373304175272,0.3529921165790731,1.0,0.0013262678539000992
0.9574373304175272,0.35299475181222983,1.0,0.0013262678895172065
0.9574373304175272,0.3529973870847331,1.0,0.001326267925134316
0.9574373304175272,0.3530263776793914,1.0,0.0013262679607514273
0.9574170817640627,0.35305317862102953,1.0,0.0013262679963685403
0.9574170817640627,0.3530742693289924,1.0,0.0013262680319856555
0.9574170817640627,0.353076905844665,1.0,0.0013262680676027726
0.9574170817640627,0.35309536255694124,1.0,0.0013262681032198914
0.9574170817640627,0.35309799938764386,1.0,0.0013262681388370122
0.9574170817640627,0.3531138211989276,1.0,0.001326268174454135
0.9574170817640627,0.35312964442817985,1.0,0.0013262682100712597
0.9574170817640627,0.3531322817709267,1.0,0.001326268245688386
0.9574170817640627,0.3531349191530677,1.0,0.0013262682813055147
0.9574170817640627,0.3531375565746038,1.0,0.001326268316922645
0.9574170817640627,0.3531401940355358,1.0,0.0013262683525397773
0.9574170817640627,0.35314283153586473,1.0,0.0013262683881569116
0.9574170817640627,0.3531481066547166,1.0,0.0013262684237740476
0.9574170817640627,0.3531507442732413,1.0,0.0013262684593911857
0.9574170817640627,0.35315338193116635,1.0,0.0013262684950083256
0.9574170817640627,0.35318503689981773,1.0,0.0013262685306254674
0.9574170817640627,0.353187675070028,1.0,0.0013262685662426112
0.9574170817640627,0.353190313279651,1.0,0.001326268601859757
0.9574170817640627,0.3532087818506428,1.0,0.0013262686374769046
0.9574170817640627,0.3532114203755995,1.0,0.001326268673094054
0.9574170817640627,0.3532140589399768,1.0,0.0013262687087112054
0.9574170817640627,0.35321933618699713,1.0,0.001326268744328359
0.9574170817640627,0.35322197486964185,1.0,0.001326268779945514
0.9574170817640627,0.3532246135917108,1.0,0.0013262688155626712
0.9574170817640627,0.35322725235320485,1.0,0.0013262688511798304
0.9574170817640627,0.35323252999447174,1.0,0.0013262688867969913
0.9574170817640627,0.3532351688742464,1.0,0.0013262689224141542
0.9574170817640627,0.3532404467520825,1.0,0.001326268958031319
0.9574170817640627,0.3532430857501457,1.0,0.0013262689936484858
0.9574170817640627,0.35324572478764016,1.0,0.0013262690292656545
0.9565666383185518,0.3578131745779272,1.0,0.001326269064882825
0.9565666383185518,0.3578158847499735,1.0,0.0013262691004999976
0.9565666383185518,0.3578213052172332,1.0,0.001326269136117172
0.9565666383185518,0.3578240155124486,1.0,0.0013262691717343482
0.9565666383185518,0.35782672584872216,1.0,0.0013262692073515263
0.9565666383185518,0.35782943622605495,1.0,0.0013262692429687065
0.9565666383185518,0.3578321466444478,1.0,0.0013262692785858884
0.9565666383185518,0.35784027814599634,1.0,0.0013262693142030726
0.9565666383185518,0.35784569935234634,1.0,0.0013262693498202584
0.9565666383185518,0.35785654225784214,1.0,0.0013262693854374462
0.9565666383185518,0.35789992045153224,1.0,0.0013262694210546357
0.9565666383185518,0.35790263193781535,1.0,0.0013262694566718275
0.9565666383185518,0.35790805503363843,1.0,0.001326269492289021
0.9565666383185518,0.35791347829381015,1.0,0.0013262695279062163
0.9565666383185518,0.3579161899855291,1.0,0.0013262695635234136
0.9565666383185518,0.357918901718338,1.0,0.001326269599140613
0.9565666383185518,0.35794330916282135,1.0,0.0013262696347578142
0.9565666383185518,0.3579460213065814,1.0,0.0013262696703750171
0.9565666383185518,0.3579487334914417,1.0,0.0013262697059922223
0.9565666383185518,0.35795144571740317,1.0,0.0013262697416094292
0.9565666383185518,0.3579541579844668,1.0,0.001326269777226638
0.9565666383185518,0.357965007463761,1.0,0.0013262698128438486
0.9565666383185518,0.3579677199363492,1.0,0.0013262698484610613
0.9565666383185518,0.35797043245004506,1.0,0.0013262698840782758
0.9565666383185518,0.35797314500484967,1.0,0.0013262699196954924
0.9565666383185518,0.3579812829159247,1.0,0.0013262699553127108
0.9565666383185518,0.35798399563517325,1.0,0.001326269990929931
0.9565666383185518,0.3579867083955351,1.0,0.0013262700265471532
0.9565666383185518,0.35798942119701127,1.0,0.0013262700621643774
0.9565666383185518,0.35799755984813464,1.0,0.0013262700977816034
0.9565666383185518,0.3580002728140772,1.0,0.0013262701333988313
0.9565666383185518,0.3580138382605928,1.0,0.0013262701690160612
0.9565666383185518,0.358016551473263,1.0,0.001326270204633293
0.9565666383185518,0.35803011815350105,1.0,0.0013262702402505266
0.9565666383185518,0.3580328316129326,1.0,0.0013262702758677623
0.9565666383185518,0.35803825865518707,1.0,0.0013262703114849997
0.9565666383185518,0.35812511371217176,1.0,0.0013262703471022391
0.9565666383185518,0.3581821352480457,1.0,0.0013262703827194805
0.9565666383185518,0.35818485101220715,1.0,0.0013262704183367238
0.9565666383185518,0.3581902826640786,1.0,0.0013262704539539689
0.9565666383185518,0.35819299855179054,1.0,0.001326270489571216
0.9565666383185518,0.3581957144806879,1.0,0.001326270525188465
0.9565666383185518,0.3581984304507715,1.0,0.001326270560805716
0.9565666383185518,0.3582120109190173,1.0,0.0013262705964229688
0.9565666383185518,0.3582174433946526,1.0,0.0013262706320402236
0.9565666383185518,0.3582201596942606,1.0,0.0013262706676574801
0.9565666383185518,0.35822287603506325,1.0,0.0013262707032747386
0.9565666383185518,0.3582255924170616,1.0,0.001326270738891999
0.9565463896650873,0.3583593151422741,1.0,0.0013262707745092615
0.9565463896650873,0.3583647522018495,1.0,0.0013262708101265258
0.9565463896650873,0.3583756268159646,1.0,0.0013262708457437921
0.9565463896650873,0.3583783455726164,1.0,0.0013262708813610601
0.9565463896650873,0.3583810643705193,1.0,0.0013262709169783301
0.9565463896650873,0.35838650209008216,1.0,0.001326270952595602
0.9565463896650873,0.3584000971109493,1.0,0.001326270988212876
0.9565463896650873,0.3584408883628114,1.0,0.0013262710238301518
0.9565463896650873,0.3584436081097487,1.0,0.0013262710594474296
0.9565463896650873,0.35852249872877817,1.0,0.001326271095064709
0.9565463896650873,0.35855243184164187,1.0,0.0013262711306819906
0.9565463896650873,0.358555153281569,1.0,0.001326271166299274
0.9565463896650873,0.35855787476280837,1.0,0.0013262712019165594
0.9565463896650873,0.3585605962853608,1.0,0.0013262712375338467
0.9565463896650873,0.3585633178492273,1.0,0.0013262712731511358
0.9565463896650873,0.35856603945440885,1.0,0.0013262713087684268
0.9565463896650873,0.35857964810007437,1.0,0.0013262713443857198
0.9565463896650873,0.35858236995316567,1.0,0.0013262713800030147
0.9565463896650873,0.3585850918475786,1.0,0.0013262714156203116
0.9565463896650873,0.35861231306460184,1.0,0.0013262714512376104
0.9565463896650873,0.35861503541361434,1.0,0.001326271486854911
0.9565463896650873,0.35861775780395966,1.0,0.0013262715224722135
0.9565463896650873,0.35862048023563886,1.0,0.001326271558089518
0.9565463896650873,0.35862320270865283,1.0,0.0013262715937068243
0.9565463896650873,0.35862592522300246,1.0,0.0013262716293241327
0.9564653950512291,0.3597727238106844,1.0,0.0013262716649414428
0.9564653950512291,0.3597809446192047,1.0,0.001326271700558755
0.9564653950512291,0.3597864253669386,1.0,0.001326271736176069
0.9564653950512291,0.3597891658034245,1.0,0.001326271771793385
0.9564653950512291,0.3597946468016392,1.0,0.001326271807410703
0.9564653950512291,0.35979738736336975,1.0,0.0013262718430280226
0.9564653950512291,0.3598001279668505,1.0,0.0013262718786453444
0.9564653950512291,0.35980560929906613,1.0,0.001326271914262668
0.9564653950512291,0.359808350027803,1.0,0.0013262719498799934
0.9564653950512291,0.3598110907982937,1.0,0.0013262719854973209
0.9564653950512291,0.35985494880546076,1.0,0.0013262720211146503
0.9564653950512291,0.3598576902859145,1.0,0.0013262720567319814
0.9564653950512291,0.35986591497790643,1.0,0.0013262720923493147
0.9564653950512291,0.3599180134256825,1.0,0.0013262721279666497
0.9564653950512291,0.3599207558671137,1.0,0.0013262721635839867
0.9564653950512291,0.3599481825802027,1.0,0.0013262721992013257
0.9564653950512291,0.35995641140923745,1.0,0.0013262722348186663
0.9564653950512291,0.35997012696041825,1.0,0.0013262722704360092
0.9564653950512291,0.35997287019608143,1.0,0.0013262723060533538
0.9564653950512291,0.3599811001539423,1.0,0.0013262723416707003
0.9564653950512291,0.35998658700158515,1.0,0.0013262723772880488
0.9564653950512291,0.35998933048813014,1.0,0.0013262724129053992
0.9564653950512291,0.35999207401649214,1.0,0.0013262724485227516
0.9564653950512291,0.3600085360648741,1.0,0.0013262724841401057
0.9564653950512291,0.3600112798859817,1.0,0.0013262725197574618
0.9564653950512291,0.36001676765367174,1.0,0.0013262725553748198
0.9564653950512291,0.3602419102674588,1.0,0.0013262725909921798
0.9564653950512291,0.36030511060259346,1.0,0.0013262726266095417
0.9564653950512291,0.36030785894629247,1.0,0.0013262726622269053
0.9564653950512291,0.3603106073319196,1.0,0.0013262726978442712
0.9564653950512291,0.3603133557594758,1.0,0.0013262727334616387
0.9564653950512291,0.360316104228962,1.0,0.0013262727690790082
0.9564653950512291,0.3603188527403791,1.0,0.0013262728046963797
0.9564653950512291,0.3603325959264627,1.0,0.001326272840313753
0.9564653950512291,0.36033534468948575,1.0,0.0013262728759311283
0.9564653950512291,0.36033809349444645,1.0,0.0013262729115485054
0.9564653950512291,0.36034084234134584,1.0,0.0013262729471658844
0.9564653950512291,0.36035458720495567,1.0,0.0013262729827832654
0.9564653950512291,0.36035733630350697,1.0,0.0013262730184006484
0.9564653950512291,0.36036008544400366,1.0,0.001326273054018033
0.9564653950512291,0.36042332725455334,1.0,0.00132627308963542
0.9564653950512291,0.3604260774020266,1.0,0.0013262731252528086
0.9564451463977646,0.36054774862795685,1.0,0.001326273160870199
0.9564451463977646,0.36055050073277967,1.0,0.0013262731964875916
0.9564451463977646,0.3605532528796171,1.0,0.001326273232104986
0.9564451463977646,0.3606055516535866,1.0,0.0013262732677223822
0.9564451463977646,0.3606248234476756,1.0,0.0013262733033397804
0.9564451463977646,0.36062757672927165,1.0,0.0013262733389571807
0.9564451463977646,0.36063859027608114,1.0,0.0013262733745745827
0.9564451463977646,0.36064134376789464,1.0,0.0013262734101919865
0.9564451463977646,0.36064409730175456,1.0,0.0013262734458093924
0.9564451463977646,0.3606496044956174,1.0,0.0013262734814268001
0.9564451463977646,0.36065511185767735,1.0,0.00132627351704421
0.9564451463977646,0.36065786560178364,1.0,0.0013262735526616215
0.9564451463977646,0.36066337321615366,1.0,0.001326273588279035
0.9564451463977646,0.3606661270864194,1.0,0.0013262736238964503
0.9564451463977646,0.36067989706859294,1.0,0.0013262736595138678
0.9564451463977646,0.3606826511912034,1.0,0.001326273695131287
0.9564451463977646,0.36068540535587473,1.0,0.0013262737307487083
0.9564451463977646,0.36068815956260786,1.0,0.0013262737663661314
0.9564451463977646,0.3606909138114037,1.0,0.0013262738019835562
0.9564451463977646,0.36069366810226333,1.0,0.0013262738376009831
0.9564451463977646,0.3606991768101776,1.0,0.001326273873218412
0.9564451463977646,0.3607019312272342,1.0,0.0013262739088358427
0.9564451463977646,0.3607101947308133,1.0,0.0013262739444532753
0.9564451463977646,0.360712949316146,1.0,0.00132627398007071
0.9564451463977646,0.3607157039435501,1.0,0.0013262740156881464
0.9564451463977646,0.36071845861302665,1.0,0.0013262740513055847
0.9564451463977646,0.3607212133245765,1.0,0.001326274086923025
0.9564451463977646,0.36072947771167607,1.0,0.0013262741225404673
0.9564451463977646,0.3607377424774706,1.0,0.0013262741581579114
0.9564451463977646,0.3607404974835611,1.0,0.0013262741937753574
0.9564451463977646,0.36074325253173256,1.0,0.0013262742293928054
0.9564451463977646,0.36075427314524877,1.0,0.0013262742650102552
0.9564248977443,0.36083757954484685,1.0,0.001326274300627707
0.9564248977443,0.3608430927661785,1.0,0.0013262743362451607
0.9564248977443,0.36084860615598524,1.0,0.0013262743718626163
0.9564248977443,0.36085136291406916,1.0,0.0013262744074800739
0.9564248977443,0.3608541197142748,1.0,0.0013262744430975332
0.9564248977443,0.36085687655660303,1.0,0.0013262744787149946
0.9564248977443,0.360887204602584,1.0,0.0013262745143324578
0.9564248977443,0.3608899619504592,1.0,0.001326274549949923
0.9564248977443,0.36089271934046957,1.0,0.00132627458556739
0.9564248977443,0.36089547677261613,1.0,0.001326274621184859
0.9564248977443,0.3609009917633216,1.0,0.0013262746568023299
0.9564248977443,0.3609037493218824,1.0,0.0013262746924198028
0.9564248977443,0.3609065069225832,1.0,0.0013262747280372775
0.9564248977443,0.36090926456542505,1.0,0.0013262747636547541
0.9564248977443,0.360917537746806,1.0,0.0013262747992722327
0.9564248977443,0.36092029555822147,1.0,0.0013262748348897133
0.9564248977443,0.3609258113074907,1.0,0.0013262748705071955
0.9564248977443,0.36092856924534644,1.0,0.0013262749061246797
0.9564248977443,0.36093132722535093,1.0,0.0013262749417421661
0.9549669946948528,0.3680936585365854,1.0,0.0013262749773596543
0.9549669946948528,0.3680965314851238,1.0,0.0013262750129771441
0.9549669946948528,0.3680994044785089,1.0,0.0013262750485946362
0.9549669946948528,0.36810227751674185,1.0,0.00132627508421213
0.9549669946948528,0.36810802372775525,1.0,0.0013262751198296258
0.9549669946948528,0.36811664338065986,1.0,0.0013262751554471235
0.9549669946948528,0.36812239004019826,1.0,0.0013262751910646231
0.9549669946948528,0.3681252634372512,1.0,0.0013262752266821245
0.9549669946948528,0.3681310103659298,1.0,0.001326275262299628
0.9549669946948528,0.3681338838975576,1.0,0.0013262752979171333
0.9549669946948528,0.3681482522286232,1.0,0.0013262753335346407
0.9549669946948528,0.36820286211715475,1.0,0.0013262753691521498
0.9549669946948528,0.36820573677060725,1.0,0.0013262754047696607
0.9549669946948528,0.36821436100028887,1.0,0.0013262754403871738
0.9549669946948528,0.3682172358332943,1.0,0.0013262754760046888
0.9549669946948528,0.3682201107111906,1.0,0.0013262755116222056
0.9549669946948528,0.36822298563397876,1.0,0.0013262755472397243
0.9549467460413883,0.36841652995859697,1.0,0.001326275582857245
0.9549467460413883,0.36841940801037426,1.0,0.0013262756184747675
0.9549467460413883,0.3684222861071183,1.0,0.0013262756540922919
0.9549467460413883,0.36842804243551086,1.0,0.0013262756897098184
0.9549264973879237,0.368425986687916,1.0,0.0013262757253273466
0.9549264973879237,0.36842886494847776,1.0,0.0013262757609448768
0.9549264973879237,0.3684317432540117,1.0,0.001326275796562409
0.9549264973879237,0.3684634075833457,1.0,0.001326275832179943
0.9549264973879237,0.3684662864286272,1.0,0.0013262758677974789
0.9549264973879237,0.36846916531889456,1.0,0.0013262759034150169
0.9549264973879237,0.3684720442541488,1.0,0.0013262759390325566
0.9549264973879237,0.3684778022596221,1.0,0.0013262759746500983
0.9549264973879237,0.36850659498655997,1.0,0.001326276010267642
0.9549264973879237,0.3685094745067396,1.0,0.0013262760458851873
0.9549264973879237,0.36851235407192084,1.0,0.0013262760815027348
0.9549264973879237,0.3685152336821048,1.0,0.001326276117120284
0.9549264973879237,0.3685497925149069,1.0,0.0013262761527378353
0.9549264973879237,0.36855267271022196,1.0,0.0013262761883553885
0.9549264973879237,0.36855843323590554,1.0,0.0013262762239729436
0.9549264973879237,0.3685613135662762,1.0,0.0013262762595905005
0.9549264973879237,0.36857859649397035,1.0,0.0013262762952080595
0.9549264973879237,0.36858435783007293,1.0,0.0013262763308256203
0.9549264973879237,0.36858723856566733,1.0,0.001326276366443183
0.9549264973879237,0.3685901193462918,1.0,0.0013262764020607477
0.9549264973879237,0.3685930001719475,1.0,0.0013262764376783143
0.9549264973879237,0.3685987619583568,1.0,0.0013262764732958827
0.9549264973879237,0.3686016429191124,1.0,0.0013262765089134532
0.9549264973879237,0.36861028607159607,1.0,0.0013262765445310255
0.9549264973879237,0.3686131672124997,1.0,0.0013262765801485997
0.9549264973879237,0.368616048398443,1.0,0.0013262766157661756
0.9549264973879237,0.368618929629427,1.0,0.0013262766513837537
0.9549264973879237,0.3686218109054527,1.0,0.0013262766870013338
0.9549264973879237,0.3686246922265213,1.0,0.0013262767226189156
0.9549264973879237,0.36863333645999435,1.0,0.0013262767582364993
0.9549264973879237,0.36864774441673764,1.0,0.001326276793854085
0.9549264973879237,0.36865350791479384,1.0,0.0013262768294716727
0.9549264973879237,0.3686592715930677,1.0,0.001326276865089262
0.9549264973879237,0.3686621534997889,1.0,0.0013262769007068537
0.9549264973879237,0.36866503545156776,1.0,0.001326276936324447
0.9549264973879237,0.36866791744840527,1.0,0.0013262769719420422
0.9549264973879237,0.36867079949030246,1.0,0.0013262770075596394
0.9549264973879237,0.36867368157726044,1.0,0.0013262770431772383
0.9549264973879237,0.36876016514450144,1.0,0.0013262770787948394
0.9549264973879237,0.36876593215832854,1.0,0.0013262771144124422
0.9549264973879237,0.368768815732885,1.0,0.001326277150030047
0.9549264973879237,0.36877169935253823,1.0,0.0013262771856476538
0.9549264973879237,0.3687745830172892,1.0,0.0013262772212652625
0.9549264973879237,0.36887265445955775,1.0,0.001326277256882873
0.9549264973879237,0.36887553970339776,1.0,0.0013262772925004855
0.9549264973879237,0.3688784249923737,1.0,0.0013262773281180998
0.9549264973879237,0.3688813103264866,1.0,0.001326277363735716
0.9549264973879237,0.3689101661503802,1.0,0.0013262773993533343
0.9549264973879237,0.36891305198106933,1.0,0.0013262774349709545
0.9549264973879237,0.3689159378569082,1.0,0.0013262774705885764
0.9549264973879237,0.3691325072988987,1.0,0.0013262775062062005
0.9549264973879237,0.3691353966092143,1.0,0.0013262775418238263
0.9549264973879237,0.3691382859647612,1.0,0.001326277577441454
0.9549264973879237,0.3691411753655406,1.0,0.0013262776130590838
0.9549264973879237,0.3691556230479605,1.0,0.0013262776486767155
0.9549264973879237,0.36915851272015654,1.0,0.0013262776842943489
0.9549264973879237,0.3691614024375925,1.0,0.0013262777199119842
0.9549264973879237,0.3691642922002693,1.0,0.0013262777555296216
0.9549264973879237,0.36917007186134987,1.0,0.0013262777911472608
0.9549264973879237,0.3691729617597558,1.0,0.001326277826764902
0.9549264973879237,0.36917585170340683,1.0,0.0013262778623825452
0.9549264973879237,0.3691787416923041,1.0,0.00132627789800019
0.9549264973879237,0.36918163172644863,1.0,0.001326277933617837
0.9549264973879237,0.3691989728815682,1.0,0.0013262779692354858
0.9549264973879237,0.36920475362863453,1.0,0.0013262780048531365
0.9549264973879237,0.36921053455672814,1.0,0.0013262780404707892
0.9549264973879237,0.3692134250886629,1.0,0.0013262780760884439
0.9549264973879237,0.3696706983452611,1.0,0.0013262781117061003
0.9549264973879237,0.36967359608691563,1.0,0.0013262781473237586
0.9549264973879237,0.3696764938739996,1.0,0.001326278182941419
0.9549264973879237,0.3696793917065141,1.0,0.0013262782185590812
0.9549264973879237,0.3696822895844602,1.0,0.0013262782541767452
0.9549264973879237,0.3697025760022577,1.0,0.0013262782897944113
0.9549264973879237,0.36970547424369515,1.0,0.0013262783254120792
0.9549264973879237,0.36970837253057387,1.0,0.001326278361029749
0.9549264973879237,0.36971996613252217,1.0,0.0013262783966474208
0.9549264973879237,0.3697257632061715,1.0,0.0013262784322650946
0.9549264973879237,0.3697286618111687,1.0,0.0013262784678827703
0.9549264973879237,0.36973156046161565,1.0,0.0013262785035004477
0.9549264973879237,0.36974315551792264,1.0,0.001326278539118127
0.9549264973879237,0.36974605439563457,1.0,0.0013262785747358084
0.9549264973879237,0.36975475130151164,1.0,0.0013262786103534917
0.9549264973879237,0.3697750456730204,1.0,0.001326278645971177
0.9549264973879237,0.3697779450508092,1.0,0.0013262786815888639
0.9549264973879237,0.36978084447406595,1.0,0.001326278717206553
0.9549264973879237,0.3697953422724065,1.0,0.0013262787528242439
0.9549264973879237,0.3697982419684934,1.0,0.0013262787884419367
0.9549264973879237,0.36980114171005585,1.0,0.0013262788240596313
0.9549264973879237,0.36982724143068874,1.0,0.001326278859677328
0.9549264973879237,0.3698330418689273,1.0,0.0013262788952950267
0.9549264973879237,0.3698359421562784,1.0,0.001326278930912727
0.9549264973879237,0.3698388424891189,1.0,0.0013262789665304294
0.9549264973879237,0.36984174286744986,1.0,0.0013262790021481338
0.9549264973879237,0.36984464329127226,1.0,0.0013262790377658398
0.9549264973879237,0.3698504442753959,1.0,0.001326279073383548
0.9549264973879237,0.36985334483569915,1.0,0.001326279109001258
0.9549264973879237,0.3698765509560634,1.0,0.00132627914461897
0.9549264973879237,0.3698852540019922,1.0,0.001326279180236684
0.9549264973879237,0.3698881551083154,1.0,0.0013262792158543995
0.9549264973879237,0.3698910562601473,1.0,0.0013262792514721173
0.9549264973879237,0.36989685870034117,1.0,0.001326279287089837
0.9549264973879237,0.36990556270197344,1.0,0.0013262793227075585
0.9549264973879237,0.36990846412687955,1.0,0.0013262793583252819
0.9549264973879237,0.3699229719341732,1.0,0.0013262793939430072
0.9549264973879237,0.36992587363219204,1.0,0.0013262794295607345
0.9549264973879237,0.36992877537573343,1.0,0.0013262794651784635
0.9549062487344592,0.3700196155355041,1.0,0.0013262795007961947
0.9549062487344592,0.37002251881144615,1.0,0.0013262795364139277
0.9549062487344592,0.37002542213294837,1.0,0.0013262795720316626
0.9549062487344592,0.3700515540768525,1.0,0.0013262796076493994
0.9549062487344592,0.3700544578540153,1.0,0.0013262796432671382
0.9549062487344592,0.3700573616767501,1.0,0.0013262796788848787
0.9549062487344592,0.37006316945893986,1.0,0.0013262797145026214
0.9549062487344592,0.370066073418397,1.0,0.0013262797501203659
0.9549062487344592,0.37006897742343037,1.0,0.0013262797857381122
0.9549062487344592,0.3700718814740411,1.0,0.0013262798213558606
0.9549062487344592,0.37007478557023016,1.0,0.0013262798569736107
0.9549062487344592,0.3700776897119987,1.0,0.0013262798925913629
0.9549062487344592,0.3700805938993479,1.0,0.0013262799282091169
0.9549062487344592,0.37008349813227864,1.0,0.0013262799638268728
0.95464301623942,0.3724306817284146,1.0,0.0013262799994446307
0.95464301623942,0.37243362377457756,1.0,0.0013262800350623905
0.95464301623942,0.37243950800635134,1.0,0.001326280070680152
0.95464301623942,0.3724453924240629,1.0,0.0013262801062979158
0.95464301623942,0.3724601042818771,1.0,0.0013262801419156812
0.95464301623942,0.3724630467929119,1.0,0.0013262801775334487
0.95464301623942,0.3724807028355178,1.0,0.001326280213151218
0.95464301623942,0.372489531484554,1.0,0.0013262802487689893
0.95464301623942,0.37249247446057093,1.0,0.0013262802843867624
0.95464301623942,0.3724954174830921,1.0,0.0013262803200045374
0.95464301623942,0.37249836055211866,1.0,0.0013262803556223146
0.95464301623942,0.37250130366765166,1.0,0.0013262803912400935
0.95464301623942,0.3725071900382415,1.0,0.0013262804268578741
0.95464301623942,0.37251013329330057,1.0,0.001326280462475657
0.95464301623942,0.3725160199429524,1.0,0.0013262804980934415
0.95464301623942,0.3725219067786566,1.0,0.0013262805337112282
0.95464301623942,0.3725395684021714,1.0,0.0013262805693290167
0.95464301623942,0.3725425121689108,1.0,0.001326280604946807
0.95464301623942,0.3725454559821732,1.0,0.0013262806405645992
0.95464301623942,0.37257195239525215,1.0,0.0013262806761823935
0.95464301623942,0.3725807853705182,1.0,0.0013262807118001895
0.95464301623942,0.3725837297886801,1.0,0.0013262807474179877
0.95464301623942,0.3725896187646203,1.0,0.0013262807830357877
0.95464301623942,0.3725925633224009,1.0,0.0013262808186535894
0.95464301623942,0.37259845257758845,1.0,0.0013262808542713932
0.95464301623942,0.37260139727499764,1.0,0.001326280889889199
0.95464301623942,0.37261023164650003,1.0,0.0013262809255070065
0.954602518932491,0.3728419470916209,1.0,0.001326280961124816
0.954602518932491,0.3728448957641327,1.0,0.0013262809967426274
0.954602518932491,0.37284784448328495,1.0,0.0013262810323604408
0.954602518932491,0.3728507932490786,1.0,0.001326281067978256
0.954602518932491,0.3728596398263194,1.0,0.0013262811035960732
0.954602518932491,0.37286258877868994,1.0,0.0013262811392138923
0.954602518932491,0.3728655377777075,1.0,0.0013262811748317132
0.954602518932491,0.37287438505465303,1.0,0.0013262812104495362
0.954602518932491,0.3728802834725386,1.0,0.001326281246067361
0.954602518932491,0.3729451783877858,1.0,0.0013262812816851877
0.954602518932491,0.37294812869336835,1.0,0.0013262813173030164
0.954602518932491,0.37295107904563,1.0,0.001326281352920847
0.954602518932491,0.3729569798901951,1.0,0.0013262813885386794
0.954602518932491,0.3729628809214898,1.0,0.0013262814241565138
0.9545822702790264,0.3729903791379201,1.0,0.00132628145977435
0.9545822702790264,0.3729992325281472,1.0,0.0013262814953921883
0.9545822702790264,0.3730139891125459,1.0,0.0013262815310100284
0.9545822702790264,0.3730169405695386,1.0,0.0013262815666278704
0.9545822702790264,0.37301989207323827,1.0,0.0013262816022457144
0.9545822702790264,0.37302284362364596,1.0,0.0013262816378635603
0.9545822702790264,0.3730257952207628,1.0,0.001326281673481408
0.9545822702790264,0.37303169855512824,1.0,0.0013262817090992577
0.9545620216255619,0.37373056707283236,1.0,0.0013262817447171093
0.9545620216255619,0.3737364928609369,1.0,0.0013262817803349628
0.9545620216255619,0.37373945582545826,1.0,0.0013262818159528182
0.9545620216255619,0.373757234599223,1.0,0.0013262818515706756
0.9545620216255619,0.3737839059316054,1.0,0.0013262818871885348
0.9545620216255619,0.373789833411302,1.0,0.001326281922806396
0.9545620216255619,0.37379279722164954,1.0,0.0013262819584242591
0.9545620216255619,0.37379872498334865,1.0,0.0013262819940421241
0.9545620216255619,0.37380761697842413,1.0,0.001326282029659991
0.9545620216255619,0.3738846986604487,1.0,0.0013262820652778597
0.9545620216255619,0.37389656020240636,1.0,0.0013262821008957306
0.9545620216255619,0.37389952570549323,1.0,0.0013262821365136032
0.9545620216255619,0.37390249125562136,1.0,0.0013262821721314777
0.9545620216255619,0.37390545685279186,1.0,0.0013262822077493542
0.9545620216255619,0.37390842249700584,1.0,0.0013262822433672326
0.9545620216255619,0.3739113881882644,1.0,0.0013262822789851128
0.9545620216255619,0.3739143539265687,1.0,0.0013262823146029952
0.9545620216255619,0.37391731971191977,1.0,0.0013262823502208792
0.9545620216255619,0.37392028554431883,1.0,0.0013262823858387653
0.9545620216255619,0.373923251423767,1.0,0.0013262824214566532
0.9545620216255619,0.3739262173502653,1.0,0.001326282457074543
0.9545620216255619,0.373941047688549,1.0,0.0013262824926924348
0.9545620216255619,0.37394401389737203,1.0,0.0013262825283103285
0.9545620216255619,0.37394698015325306,1.0,0.001326282563928224
0.9545620216255619,0.3739499464561932,1.0,0.0013262825995461215
0.9545620216255619,0.3739529128061937,1.0,0.001326282635164021
0.9545620216255619,0.3739558792032555,1.0,0.0013262826707819224
0.9545620216255619,0.37395884564737986,1.0,0.0013262827063998256
0.9545620216255619,0.37396181213856783,1.0,0.001326282742017731
0.9545620216255619,0.37396477867682054,1.0,0.001326282777635638
0.9545620216255619,0.37396774526213916,1.0,0.001326282813253547
0.9545620216255619,0.37397071189452474,1.0,0.0013262828488714577
0.9545620216255619,0.3739825788947594,1.0,0.0013262828844893707
0.9545620216255619,0.3739855457624967,1.0,0.0013262829201072853
0.9545620216255619,0.37398851267730776,1.0,0.001326282955725202
0.9545620216255619,0.37399147963919366,1.0,0.0013262829913431205
0.9545620216255619,0.3739944466481555,1.0,0.001326283026961041
0.9545417729720973,0.3742477890157349,1.0,0.0013262830625789634
0.9545417729720973,0.3742537313432836,1.0,0.0013262830981968876
0.9545417729720973,0.37425670257782295,1.0,0.001326283133814814
0.9545417729720973,0.3742596738595405,1.0,0.001326283169432742
0.9545417729720973,0.3742626451884373,1.0,0.0013262832050506721
0.9545417729720973,0.37426561656451457,1.0,0.0013262832406686041
0.9545417729720973,0.3742685879877734,1.0,0.0013262832762865379
0.9545417729720973,0.3742715594582149,1.0,0.0013262833119044738
0.9545417729720973,0.3742745309758402,1.0,0.0013262833475224114
0.9545417729720973,0.3742775025406504,1.0,0.001326283383140351
0.9545417729720973,0.37428047415264665,1.0,0.0013262834187582925
0.9544810270117037,0.374559988557716,1.0,0.0013262834543762358
0.9544810270117037,0.3745629648464815,1.0,0.0013262834899941812
0.9544810270117037,0.37456594118254705,1.0,0.0013262835256121284
0.9544810270117037,0.3745689175659139,1.0,0.0013262835612300778
0.9544810270117037,0.3745748704745558,1.0,0.0013262835968480288
0.9544810270117037,0.37458677685950414,1.0,0.0013262836324659816
0.9544810270117037,0.3746701427526786,1.0,0.0013262836680839366
0.9544810270117037,0.3746760988792624,1.0,0.0013262837037018933
0.9544810270117037,0.3746790770135682,1.0,0.0013262837393198522
0.9544810270117037,0.37468205519521813,1.0,0.0013262837749378129
0.9544810270117037,0.3746880117005548,1.0,0.0013262838105557754
0.9544810270117037,0.37470290379249765,1.0,0.00132628384617374
0.9544810270117037,0.37470588235294117,1.0,0.0013262838817917062
0.9544810270117037,0.3747356705620479,1.0,0.0013262839174096746
0.9544810270117037,0.37473864964345055,1.0,0.0013262839530276448
0.9544810270117037,0.37474162877221995,1.0,0.001326283988645617
0.9544810270117037,0.3747446079483571,1.0,0.001326284024263591
0.9544810270117037,0.3748131420756337,1.0,0.0013262840598815668
0.9544810270117037,0.3748161223889379,1.0,0.0013262840954995447
0.9544810270117037,0.3748191027496382,1.0,0.0013262841311175244
0.9544810270117037,0.3748220831577357,1.0,0.001326284166735506
0.9544810270117037,0.37482506361323153,1.0,0.0013262842023534897
0.9544810270117037,0.37482804411612686,1.0,0.0013262842379714753
0.9544810270117037,0.3748310246664228,1.0,0.0013262842735894628
0.9544810270117037,0.3748340052641205,1.0,0.001326284309207452
0.9544810270117037,0.37483698590922104,1.0,0.0013262843448254434
0.9544810270117037,0.37484294734163526,1.0,0.0013262843804434366
0.9544810270117037,0.3748459281289512,1.0,0.0013262844160614317
0.9544810270117037,0.3748489089636745,1.0,0.0013262844516794285
0.9544810270117037,0.3748518898458064,1.0,0.0013262844872974275
0.9544810270117037,0.3748548707753479,1.0,0.0013262845229154282
0.9544810270117037,0.37485785175230024,1.0,0.001326284558533431
0.9544810270117037,0.37486083277666443,1.0,0.0013262845941514356
0.9544810270117037,0.3748638138484417,1.0,0.0013262846297694422
0.9544810270117037,0.374893627174181,1.0,0.0013262846653874507
0.9544810270117037,0.3748995904083986,1.0,0.001326284701005461
0.9544810270117037,0.37490257209664846,1.0,0.0013262847366234734
0.9544810270117037,0.3749055538323272,1.0,0.0013262847722414876
0.9544810270117037,0.374908535615436,1.0,0.0013262848078595037
0.9544810270117037,0.37491151744597595,1.0,0.0013262848434775218
0.9544810270117037,0.37491449932394816,1.0,0.0013262848790955416
0.9544810270117037,0.37491748124935376,1.0,0.0013262849147135636
0.9544810270117037,0.3749234452424698,1.0,0.0013262849503315874
0.9544810270117037,0.37492642731018244,1.0,0.001326284985949613
0.9544810270117037,0.3749294094253331,1.0,0.0013262850215676406
0.9544810270117037,0.37493239158792274,1.0,0.0013262850571856702
0.9544810270117037,0.37493537379795266,1.0,0.0013262850928037015
0.9544810270117037,0.37493835605542386,1.0,0.001326285128421735
0.9544810270117037,0.37499204480366577,1.0,0.0013262851640397702
0.9544810270117037,0.375006961073676,1.0,0.0013262851996578074
0.9544810270117037,0.37500994447007907,1.0,0.0013262852352758465
0.9544810270117037,0.3750129279139518,1.0,0.0013262852708938874
0.9544810270117037,0.37501591140529533,1.0,0.0013262853065119304
0.9544607783582392,0.37519600741843306,1.0,0.0013262853421299751
0.9544607783582392,0.3751989938869078,1.0,0.0013262853777480218
0.9544607783582392,0.37521094023625307,1.0,0.0013262854133660705
0.9544607783582392,0.37521392694245664,1.0,0.0013262854489841211
0.9544607783582392,0.3752169136962094,1.0,0.0013262854846021737
0.9544607783582392,0.37522587424277404,1.0,0.001326285520220228
0.9544607783582392,0.3752288611867348,1.0,0.0013262855558382842
0.9544607783582392,0.37523184817825045,1.0,0.0013262855914563424
0.9544607783582392,0.3752348352173221,1.0,0.0013262856270744026
0.9544607783582392,0.37523782230395086,1.0,0.0013262856626924647
0.9544607783582392,0.3752467838491912,1.0,0.0013262856983105285
0.9544607783582392,0.3752497711260598,1.0,0.0013262857339285945
0.9544607783582392,0.37525574582248655,1.0,0.0013262857695466623
0.9544607783582392,0.37526470822386754,1.0,0.001326285805164732
0.9544607783582392,0.37526769578612995,1.0,0.0013262858407828036
0.9544607783582392,0.3752826343110092,1.0,0.001326285876400877
0.9544607783582392,0.3752856221587064,1.0,0.0013262859120189525
0.9544607783582392,0.37528861005398,1.0,0.0013262859476370298
0.9544607783582392,0.37529159799683126,1.0,0.001326285983255109
0.9544607783582392,0.3752945859872611,1.0,0.0013262860188731902
0.9544607783582392,0.3752975740252709,1.0,0.0013262860544912733
0.9544607783582392,0.37537527971777374,1.0,0.0013262860901093582
0.9544607783582392,0.37537826904086896,1.0,0.0013262861257274453
0.9544607783582392,0.3753872372958294,1.0,0.001326286161345534
0.9544607783582392,0.3753962059793256,1.0,0.0013262861969636248
0.9544607783582392,0.3753991956357265,1.0,0.0013262862325817174
0.9544607783582392,0.37540218533974706,1.0,0.001326286268199812
0.9544607783582392,0.3754051750913884,1.0,0.0013262863038179084
0.9544607783582392,0.37540816489065165,1.0,0.001326286339436007
0.9544607783582392,0.37541115473753794,1.0,0.0013262863750541072
0.9544607783582392,0.37541713457418424,1.0,0.0013262864106722094
0.9544607783582392,0.3754201245639465,1.0,0.0013262864462903134
0.9544607783582392,0.37542610468635507,1.0,0.0013262864819084195
0.9544607783582392,0.37543208499928316,1.0,0.0013262865175265276
0.9544607783582392,0.3754380655027399,1.0,0.0013262865531446374
0.9544607783582392,0.3754440461967344,1.0,0.0013262865887627491
0.9544607783582392,0.3754470366151861,1.0,0.0013262866243808629
0.9544607783582392,0.3754500270812757,1.0,0.0013262866599989785
0.9544607783582392,0.37545301759500427,1.0,0.001326286695617096
0.9544607783582392,0.375456008156373,1.0,0.0013262867312352153
0.9544607783582392,0.3754619894220353,1.0,0.0013262867668533368
0.9544607783582392,0.3754649801263312,1.0,0.00132628680247146
0.9544607783582392,0.37546797087827183,1.0,0.0013262868380895852
0.9544607783582392,0.37547993436250376,1.0,0.0013262868737077122
0.9544607783582392,0.37548292535268485,1.0,0.0013262869093258413
0.9544607783582392,0.3754859163905175,1.0,0.0013262869449439721
0.9544405297047747,0.37548094157008005,1.0,0.001326286980562105
0.9544405297047747,0.37548692375709974,1.0,0.0013262870161802397
0.9544405297047747,0.3754899149220916,1.0,0.0013262870517983763
0.9544405297047747,0.3754929061347396,1.0,0.001326287087416515
0.9544405297047747,0.375495897395045,1.0,0.0013262871230346554
0.9544405297047747,0.37549888870300885,1.0,0.0013262871586527977
0.952111934556352,0.3874952614836913,1.0,0.001326287194270942
0.952111934556352,0.38749845481890477,1.0,0.0013262872298890882
0.952111934556352,0.3875048416472314,1.0,0.0013262872655072364
0.952111934556352,0.3875080351403471,1.0,0.0013262873011253863
0.952111934556352,0.38751442228448985,1.0,0.0013262873367435384
0.952111934556352,0.3875176159355195,1.0,0.0013262873723616923
0.952111934556352,0.3875208096391897,1.0,0.001326287407979848
0.952111934556352,0.3875367789471949,1.0,0.0013262874435980058
0.952111934556352,0.3875399729667359,1.0,0.0013262874792161654
0.952111934556352,0.38754316703892655,1.0,0.0013262875148343269
0.952111934556352,0.3875463611637682,1.0,0.0013262875504524902
0.952111934556352,0.38755594385421216,1.0,0.0013262875860706555
0.952111934556352,0.3875591381896708,1.0,0.0013262876216888228
0.952111934556352,0.38756233257778694,1.0,0.001326287657306992
0.952111934556352,0.3875687215119969,1.0,0.0013262876929251632
0.952111934556352,0.3875719160580933,1.0,0.0013262877285433361
0.952111934556352,0.38757511065685246,1.0,0.001326287764161511
0.952111934556352,0.3876070595411793,1.0,0.0013262877997796878
0.952111934556352,0.38761025471931415,1.0,0.0013262878353978665
0.952111934556352,0.38761344995012736,1.0,0.0013262878710160473
0.952111934556352,0.3876166452336202,1.0,0.00132628790663423
0.9520916859028875,0.3876115970224307,1.0,0.0013262879422524143
0.9520916859028875,0.3876147923433301,1.0,0.0013262879778706007
0.9520916859028875,0.3876371610648068,1.0,0.001326288013488789
0.9520916859028875,0.3876403568072021,1.0,0.0013262880491069792
0.9520916859028875,0.3876435526022902,1.0,0.0013262880847251712
0.9520916859028875,0.38769149585264095,1.0,0.0013262881203433654
0.9520916859028875,0.387694692490992,1.0,0.0013262881559615613
0.9520916859028875,0.38769788918205805,1.0,0.0013262881915797591
0.9520916859028875,0.3877010859258404,1.0,0.001326288227197959
0.9520916859028875,0.3877042827223404,1.0,0.0013262882628161607
0.9520916859028875,0.38773945096357626,1.0,0.0013262882984343644
0.9520916859028875,0.3877426483927894,1.0,0.0013262883340525698
0.9520916859028875,0.38774584587473715,1.0,0.0013262883696707772
0.9520916859028875,0.3877490434094208,1.0,0.0013262884052889865
0.9520916859028875,0.3877586363299,1.0,0.0013262884409071978
0.9520916859028875,0.38776183407554016,1.0,0.001326288476525411
0.9520916859028875,0.38776503187392275,1.0,0.001326288512143626
0.9520916859028875,0.38780340956889653,1.0,0.0013262885477618432
0.9520916859028875,0.3878066080530492,1.0,0.001326288583380062
0.9520916859028875,0.38780980658996245,1.0,0.0013262886189982829
0.9520916859028875,0.38781300517963774,1.0,0.0013262886546165057
0.9520916859028875,0.3878162038220763,1.0,0.0013262886902347302
0.9520916859028875,0.3878194025172795,1.0,0.0013262887258529569
0.9520916859028875,0.38782260126524853,1.0,0.0013262887614711853
0.9520916859028875,0.3878258000659848,1.0,0.0013262887970894156
0.9520916859028875,0.3878289989194896,1.0,0.001326288832707648
0.9520916859028875,0.3878321978257642,1.0,0.0013262888683258822
0.9520916859028875,0.3878545916473509,1.0,0.0013262889039441182
0.9520916859028875,0.38785779097583106,1.0,0.0013262889395623564
0.9520916859028875,0.38786099035709276,1.0,0.0013262889751805963
0.9520916859028875,0.38786418979113735,1.0,0.0013262890107988382
0.9520916859028875,0.3879345906968302,1.0,0.001326289046417082
0.9520916859028875,0.3879409920464671,1.0,0.0013262890820353276
0.9520916859028875,0.38794419280050824,1.0,0.0013262891176535753
0.9520916859028875,0.3879601973629928,1.0,0.0013262891532718247
0.9520916859028875,0.3879698007343537,1.0,0.0013262891888900761
0.9520916859028875,0.3879730019637936,1.0,0.0013262892245083295
0.9520916859028875,0.3879762032460621,1.0,0.0013262892601265848
0.9520916859028875,0.3879794045811605,1.0,0.001326289295744842
0.9520916859028875,0.3879826059690901,1.0,0.001326289331363101
0.9520916859028875,0.3879858074098523,1.0,0.001326289366981362
0.9520511885959584,0.3884757750016525,1.0,0.0013262894025996249
0.9520511885959584,0.38847898472292225,1.0,0.0013262894382178897
0.9520511885959584,0.3884821944972321,1.0,0.0013262894738361565
0.9520511885959584,0.3884918241384154,1.0,0.0013262895094544253
0.9520511885959584,0.3884950341248988,1.0,0.0013262895450726958
0.9520511885959584,0.38849824416442885,1.0,0.0013262895806909682
0.9520309399424938,0.3886087876483618,1.0,0.0013262896163092426
0.9520309399424938,0.3886119996363246,1.0,0.001326289651927519
0.9520309399424938,0.38861521167738416,1.0,0.0013262896875457972
0.9520309399424938,0.38861842377154193,1.0,0.0013262897231640773
0.9520309399424938,0.38862163591879917,1.0,0.0013262897587823592
0.9520309399424938,0.38862484811915726,1.0,0.0013262897944006434
0.9520309399424938,0.38862806037261743,1.0,0.0013262898300189293
0.9520309399424938,0.38863769745162385,1.0,0.0013262898656372169
0.9520309399424938,0.38864090991750566,1.0,0.0013262899012555067
0.9520309399424938,0.3886473350085968,1.0,0.0013262899368737982
0.9520309399424938,0.38865054763380863,1.0,0.0013262899724920919
0.9520309399424938,0.3886923165952944,1.0,0.0013262900081103873
0.9520309399424938,0.3886955299642033,1.0,0.0013262900437286845
0.9520309399424938,0.3886987433862434,1.0,0.0013262900793469838
0.9520106912890293,0.38877725682816106,1.0,0.001326290114965285
0.9520106912890293,0.38878047167002944,1.0,0.001326290150583588
0.9520106912890293,0.388783686565066,1.0,0.001326290186201893
0.9520106912890293,0.38878690151327217,1.0,0.0013262902218202
0.9520106912890293,0.38879011651464906,1.0,0.0013262902574385088
0.9520106912890293,0.3887933315691982,1.0,0.0013262902930568196
0.9520106912890293,0.38879654667692076,1.0,0.0013262903286751322
0.9520106912890293,0.38879976183781817,1.0,0.0013262903642934467
0.9520106912890293,0.38880297705189165,1.0,0.0013262903999117634
0.9519904426355648,0.38879792266216795,1.0,0.0013262904355300816
0.9519904426355648,0.3888011379142099,1.0,0.001326290471148402
0.9519904426355648,0.3888043532194307,1.0,0.0013262905067667242
0.9519904426355648,0.38880756857783183,1.0,0.0013262905423850483
0.9519904426355648,0.3888107839894145,1.0,0.0013262905780033743
0.9519904426355648,0.3888268618450978,1.0,0.0013262906136217022
0.9519904426355648,0.38883329335968836,1.0,0.0013262906492400321
0.9519904426355648,0.3888365091967712,1.0,0.001326290684858364
0.9519904426355648,0.3888397250870475,1.0,0.0013262907204766978
0.9519904426355648,0.3888493730770503,1.0,0.0013262907560950333
0.9519904426355648,0.3888622378085092,1.0,0.0013262907917133708
0.9519904426355648,0.3888654541243807,1.0,0.0013262908273317102
0.9519904426355648,0.3888686704934575,1.0,0.0013262908629500516
0.9519904426355648,0.3889040540652323,1.0,0.0013262908985683948
0.9519904426355648,0.38890727107287615,1.0,0.00132629093418674
0.9519904426355648,0.3889104881337425,1.0,0.001326290969805087
0.9519904426355648,0.3889137052478327,1.0,0.001326291005423436
0.9519904426355648,0.388916922415148,1.0,0.001326291041041787
0.9519904426355648,0.3889265742364581,1.0,0.0013262910766601399
0.9519904426355648,0.3889330090501481,1.0,0.0013262911122784945
0.9519904426355648,0.3889490970159749,1.0,0.0013262911478968513
0.9519904426355648,0.38895553257497417,1.0,0.0013262911835152098
0.9519904426355648,0.3889587504343366,1.0,0.0013262912191335703
0.9519701939821001,0.38916296933977884,1.0,0.0013262912547519327
0.9519701939821001,0.38916619070087,1.0,0.001326291290370297
0.9519701939821001,0.38916941211529227,1.0,0.0013262913259886632
0.9519701939821001,0.38917263358304705,1.0,0.0013262913616070313
0.9519701939821001,0.3891887417218543,1.0,0.0013262913972254015
0.9519701939821001,0.38919840724521304,1.0,0.0013262914328437735
0.9519701939821001,0.38920162919301965,1.0,0.0013262914684621472
0.9519701939821001,0.38923062912399514,1.0,0.001326291504080523
0.9519701939821001,0.3892338516053185,1.0,0.0013262915396989006
0.9519701939821001,0.38924029672804344,1.0,0.0013262915753172804
0.9519701939821001,0.3892499648123463,1.0,0.001326291610935662
0.9519701939821001,0.38925318761384337,1.0,0.0013262916465540454
0.9519701939821001,0.38925963337693953,1.0,0.0013262916821724306
0.9519701939821001,0.3892628563385413,1.0,0.001326291717790818
0.9519701939821001,0.3892660793535139,1.0,0.001326291753409207
0.9519701939821001,0.3892693024218588,1.0,0.001326291789027598
0.9519701939821001,0.3892725255435773,1.0,0.001326291824645991
0.9519701939821001,0.38927897194714006,1.0,0.001326291860264386
0.9519701939821001,0.3892821952289871,1.0,0.001326291895882783
0.9519701939821001,0.38928541856421295,1.0,0.0013262919315011816
0.9519701939821001,0.38928864195281904,1.0,0.0013262919671195824
0.9519701939821001,0.3892918653948066,1.0,0.001326292002737985
0.9519701939821001,0.3892983124389315,1.0,0.0013262920383563894
0.9519701939821001,0.3893015360410715,1.0,0.0013262920739747959
0.9519499453286356,0.3892997027235163,1.0,0.001326292109593204
0.9519499453286356,0.38930292641725045,1.0,0.0013262921452116144
0.9519499453286356,0.38930615016437425,1.0,0.0013262921808300265
0.9519499453286356,0.3894222406295299,1.0,0.0013262922164484405
0.9519499453286356,0.38942546635300357,1.0,0.0013262922520668565
0.9519499453286356,0.38942869212991726,1.0,0.0013262922876852742
0.9519499453286356,0.3894448218161335,1.0,0.0013262923233036941
0.9519499453286356,0.38944804791371557,1.0,0.0013262923589221157
0.9518082047543839,0.3898260105156657,1.0,0.0013262923945405395
0.9518082047543839,0.38982924341314135,1.0,0.001326292430158965
0.9518082047543839,0.3898324763642395,1.0,0.0013262924657773923
0.9518082047543839,0.38983570936896145,1.0,0.0013262925013958217
0.9518082047543839,0.3898389424273085,1.0,0.001326292537014253
0.9518082047543839,0.3898939126251441,1.0,0.0013262925726326862
0.9518082047543839,0.38989714664897146,1.0,0.0013262926082511213
0.9518082047543839,0.3899003807264493,1.0,0.0013262926438695583
0.9518082047543839,0.3899068490423617,1.0,0.0013262926794879973
0.9518082047543839,0.38991331757289205,1.0,0.001326292715106438
0.9518082047543839,0.3899165519186423,1.0,0.0013262927507248809
0.9518082047543839,0.38993272445229743,1.0,0.0013262927863433255
0.9518082047543839,0.3899359591200186,1.0,0.001326292821961772
0.9518082047543839,0.38993919384140624,1.0,0.0013262928575802206
0.9518082047543839,0.3899424286164618,1.0,0.0013262928931986708
0.9518082047543839,0.38994566344518644,1.0,0.0013262929288171232
0.9518082047543839,0.3899488983275816,1.0,0.0013262929644355774
0.9518082047543839,0.38995213326364864,1.0,0.0013262930000540335
0.9518082047543839,0.3899586032968036,1.0,0.0013262930356724915
0.9518082047543839,0.38996183839389414,1.0,0.0013262930712909515
0.9518082047543839,0.38997154400723427,1.0,0.0013262931069094135
0.9518082047543839,0.3899747793190416,1.0,0.0013262931425278772
0.9518082047543839,0.38997801468453147,1.0,0.001326293178146343
0.9518082047543839,0.38998125010370516,1.0,0.0013262932137648106
0.9517069614870611,0.39052944695559694,1.0,0.0013262932493832802
0.9517069614870611,0.39054567209818275,1.0,0.0013262932850017515
0.9517069614870611,0.39054891728848484,1.0,0.001326293320620225
0.9517069614870611,0.39055216253271846,1.0,0.0013262933562387
0.9517069614870611,0.39055540783088477,1.0,0.0013262933918571772
0.9517069614870611,0.3905586531829853,1.0,0.0013262934274756565
0.9517069614870611,0.3905618985890213,1.0,0.0013262934630941373
0.9517069614870611,0.3905651440489941,1.0,0.0013262934987126203
0.9517069614870611,0.3905683895629051,1.0,0.0013262935343311053
0.9517069614870611,0.3905911096706639,1.0,0.001326293569949592
0.9517069614870611,0.3905943556161287,1.0,0.0013262936055680806
0.9517069614870611,0.3905976016155438,1.0,0.0013262936411865712
0.9517069614870611,0.3906040937762302,1.0,0.0013262936768050637
0.9517069614870611,0.3906073399375041,1.0,0.001326293712423558
0.9517069614870611,0.3906105861527338,1.0,0.0013262937480420544
0.9517069614870611,0.39061383242192044,1.0,0.0013262937836605526
0.9517069614870611,0.390626818038264,1.0,0.0013262938192790527
0.9517069614870611,0.39063006457725585,1.0,0.0013262938548975547
0.9517069614870611,0.3906787691386963,1.0,0.0013262938905160588
0.9517069614870611,0.39068201654129087,1.0,0.0013262939261345645
0.9517069614870611,0.39068526399787207,1.0,0.0013262939617530725
0.9517069614870611,0.3906885115084412,1.0,0.0013262939973715821
0.9517069614870611,0.3907372306464485,1.0,0.0013262940329900937
0.9517069614870611,0.3907404790210081,1.0,0.0013262940686086073
0.9517069614870611,0.3907437274495785,1.0,0.0013262941042271226
0.9517069614870611,0.3907534730593683,1.0,0.00132629413984564
0.9517069614870611,0.3907664679619884,1.0,0.0013262941754641593
0.9517069614870611,0.39076971682269407,1.0,0.0013262942110826804
0.9517069614870611,0.39077296573742276,1.0,0.0013262942467012035
0.9517069614870611,0.3907762147061758,1.0,0.0013262942823197286
0.9517069614870611,0.3907794637289545,1.0,0.0013262943179382556
0.9517069614870611,0.39078271280576016,1.0,0.0013262943535567843
0.9517069614870611,0.39078596193659426,1.0,0.001326294389175315
0.9517069614870611,0.39078921112145804,1.0,0.0013262944247938479
0.9517069614870611,0.39079246036035287,1.0,0.0013262944604123823
0.9517069614870611,0.39079570965328014,1.0,0.0013262944960309188
0.9514032316850929,0.39230518748591037,1.0,0.0013262945316494573
0.9513829830316284,0.39240823485196474,1.0,0.0013262945672679975
0.9513829830316284,0.3924115121853442,1.0,0.0013262946028865397
0.9513829830316284,0.39241478957346765,1.0,0.0013262946385050839
0.9513829830316284,0.39241806701633647,1.0,0.00132629467412363
0.9513829830316284,0.3924246220663159,1.0,0.001326294709742178
0.9513829830316284,0.39242789967342917,1.0,0.0013262947453607278
0.9513829830316284,0.3924311773352933,1.0,0.0013262947809792795
0.9513829830316284,0.39243445505190977,1.0,0.0013262948165978334
0.9513829830316284,0.3924377328232798,1.0,0.001326294852216389
0.9513829830316284,0.3924410106494049,1.0,0.0013262948878349464
0.9513829830316284,0.39244428853028634,1.0,0.001326294923453506
0.9513829830316284,0.3924475664659255,1.0,0.0013262949590720672
0.9513829830316284,0.39245084445632383,1.0,0.0013262949946906306
0.9513829830316284,0.3924541225014826,1.0,0.0013262950303091958
0.9513829830316284,0.3924574006014033,1.0,0.0013262950659277627
0.9513829830316284,0.39246067875608714,1.0,0.0013262951015463318
0.9513829830316284,0.39246395696553565,1.0,0.0013262951371649028
0.9513829830316284,0.39246723522975013,1.0,0.0013262951727834756
0.9513829830316284,0.392470513548732,1.0,0.0013262952084020503
0.9513829830316284,0.39247379192248255,1.0,0.001326295244020627
0.9513829830316284,0.3924770703510032,1.0,0.0013262952796392056
0.9513829830316284,0.39248690596519953,1.0,0.0013262953152577861
0.9513829830316284,0.3924901846128143,1.0,0.0013262953508763684
0.9513829830316284,0.39251641576581847,1.0,0.0013262953864949527
0.9513829830316284,0.3926180946093874,1.0,0.001326295422113539
0.9513829830316284,0.3926213754491518,1.0,0.001326295457732127
0.9513829830316284,0.39262465634374816,1.0,0.0013262954933507172
0.9513829830316284,0.3926279372931778,1.0,0.0013262955289693092
0.9513829830316284,0.3926410616392566,1.0,0.001326295564587903
0.9513829830316284,0.39264434286287325,1.0,0.0013262956002064988
0.9513829830316284,0.3926476241413314,1.0,0.0013262956358250965
0.9513829830316284,0.39265418686277787,1.0,0.0013262956714436961
0.9513829830316284,0.3926804399424999,1.0,0.0013262957070622977
0.9513829830316284,0.3926870037609695,1.0,0.001326295742680901
0.9513829830316284,0.3926902857524927,1.0,0.0013262957782995066
0.9513829830316284,0.3926968499001229,1.0,0.0013262958139181138
0.9513829830316284,0.39270013205623255,1.0,0.001326295849536723
0.9513627343781639,0.39283295569509125,1.0,0.0013262958851553341
0.9513627343781639,0.39283624019665225,1.0,0.001326295920773947
0.9513627343781639,0.3928428093645485,1.0,0.001326295956392562
0.9513627343781639,0.39284937875215303,1.0,0.0013262959920111788
0.9513627343781639,0.39285266352834936,1.0,0.0013262960276297976
0.9513424857246993,0.39291986552260527,1.0,0.0013262960632484183
0.9513424857246993,0.39292315154759017,1.0,0.0013262960988670409
0.9513424857246993,0.3929264376275382,1.0,0.0013262961344856653
0.9513424857246993,0.3929297237624508,1.0,0.0013262961701042918
0.9513424857246993,0.39293300995232916,1.0,0.00132629620572292
0.9513424857246993,0.39293629619717485,1.0,0.0013262962413415503
0.9512817397643056,0.3931249163207926,1.0,0.0013262962769601825
0.9512817397643056,0.3931282059864606,1.0,0.0013262963125788166
0.9512817397643056,0.3931314957071848,1.0,0.0013262963481974525
0.9512817397643056,0.3931380753138075,1.0,0.0013262963838160903
0.9512817397643056,0.39314136519970877,1.0,0.00132629641943473
0.9512817397643056,0.3931512351877887,1.0,0.0013262964550533717
0.9512817397643056,0.39315452529394534,1.0,0.0013262964906720154
0.9512817397643056,0.3931578154551693,1.0,0.001326296526290661
0.9512817397643056,0.39316110567146195,1.0,0.0013262965619093084
0.9512817397643056,0.3931676862692588,1.0,0.001326296597527958
0.9512817397643056,0.3931709766507658,1.0,0.0013262966331466092
0.9512817397643056,0.39322033898305087,1.0,0.0013262966687652624
0.9512817397643056,0.3932236302459112,1.0,0.0013262967043839173
0.9512817397643056,0.39322692156386796,1.0,0.0013262967400025744
0.9512817397643056,0.39323021293692245,1.0,0.0013262967756212333
0.9512817397643056,0.3932367958483301,1.0,0.001326296811239894
0.9512817397643056,0.39324667062870916,1.0,0.0013262968468585568
0.9512817397643056,0.3932499623323791,1.0,0.0013262968824772215
0.9512817397643056,0.3932565459050425,1.0,0.0013262969180958882
0.9512817397643056,0.393279590145408,1.0,0.0013262969537145566
0.9512817397643056,0.3932828824002143,1.0,0.0013262969893332271
0.9512817397643056,0.39328946707519213,1.0,0.0013262970249518994
0.9512817397643056,0.39329275949536635,1.0,0.0013262970605705737
0.9512817397643056,0.39330263708664714,1.0,0.0013262970961892499
0.9512817397643056,0.39333227283763533,1.0,0.0013262971318079278
0.9512817397643056,0.3933355659745479,1.0,0.0013262971674266079
0.9512817397643056,0.3933388591666039,1.0,0.0013262972030452897
0.9512817397643056,0.39335203248628964,1.0,0.0013262972386639735
0.9512817397643056,0.3933553259540834,1.0,0.0013262972742826592
0.9512817397643056,0.39335861947702894,1.0,0.0013262973099013467
0.9512817397643056,0.3933619130551276,1.0,0.0013262973455200363
0.9512817397643056,0.39336520668838076,1.0,0.0013262973811387277
0.9512817397643056,0.3933685003767898,1.0,0.0013262974167574213
0.9512614911108411,0.3935677364765806,1.0,0.0013262974523761165
0.9512614911108411,0.39357103362766616,1.0,0.0013262974879948135
0.9512614911108411,0.39357433083399657,1.0,0.0013262975236135127
0.9512614911108411,0.39357762809557323,1.0,0.0013262975592322136
0.9512614911108411,0.3935809254123975,1.0,0.0013262975948509167
0.9512614911108411,0.39358422278447075,1.0,0.0013262976304696215
0.9512614911108411,0.3935875202117945,1.0,0.0013262976660883283
0.9512614911108411,0.39359411523219867,1.0,0.001326297701707037
0.9512614911108411,0.39359741282528193,1.0,0.0013262977373257475
0.9512614911108411,0.39360071047362116,1.0,0.0013262977729444601
0.9512614911108411,0.39360400817721775,1.0,0.0013262978085631745
0.9512614911108411,0.39360730593607307,1.0,0.0013262978441818908
0.9512412424573766,0.39360552311211283,1.0,0.001326297879800609
0.9512412424573766,0.39382330010814254,1.0,0.001326297915419329
0.9512412424573766,0.39382660161293026,1.0,0.0013262979510380512
0.9512412424573766,0.3938431099672203,1.0,0.001326297986656775
0.9512412424573766,0.3938464118041583,1.0,0.001326298022275501
0.9512412424573766,0.39384971369645955,1.0,0.0013262980578942288
0.9512412424573766,0.3938530156441255,1.0,0.0013262980935129585
0.9512412424573766,0.39385631764715745,1.0,0.0013262981291316902
0.9512412424573766,0.3938596197055569,1.0,0.0013262981647504237
0.9512412424573766,0.39386622398846355,1.0,0.0013262982003691593
0.9512412424573766,0.3938860381661468,1.0,0.0013262982359878966
0.9512412424573766,0.39389594600259925,1.0,0.001326298271606636
0.9512412424573766,0.3939025515038193,1.0,0.001326298307225377
0.9512412424573766,0.393905854337509,1.0,0.0013262983428441201
0.9512412424573766,0.3939091572265871,1.0,0.001326298378462865
0.9512412424573766,0.39391246017105486,1.0,0.0013262984140816122
0.9512412424573766,0.3939157631709137,1.0,0.001326298449700361
0.9512412424573766,0.3939190662261651,1.0,0.0013262984853191116
0.9512412424573766,0.393925672502851,1.0,0.0013262985209378643
0.9512412424573766,0.39393227900112365,1.0,0.001326298556556619
0.9512412424573766,0.3939355823333585,1.0,0.0013262985921753754
0.9512412424573766,0.3939520998255736,1.0,0.0013262986277941338
0.9512412424573766,0.39395540349023456,1.0,0.0013262986634128941
0.9512412424573766,0.39395870721030474,1.0,0.0013262986990316564
0.9512412424573766,0.3939620109857856,1.0,0.0013262987346504206
0.9512412424573766,0.3939653148166784,1.0,0.0013262987702691866
0.9512412424573766,0.39396861870298466,1.0,0.0013262988058879545
0.9512412424573766,0.39399174745882115,1.0,0.0013262988415067244
0.9512412424573766,0.39399505178848493,1.0,0.0013262988771254962
0.9512412424573766,0.39399835617357465,1.0,0.00132629891274427
0.9512412424573766,0.39401487893046155,1.0,0.0013262989483630457
0.9512412424573766,0.39401818364813634,1.0,0.0013262989839818232
0.9512412424573766,0.39402148842124685,1.0,0.0013262990196006026
0.9512412424573766,0.3940247932497945,1.0,0.001326299055219384
0.9512412424573766,0.39402809813378065,1.0,0.0013262990908381673
0.9512412424573766,0.3940314030732067,1.0,0.0013262991264569525
0.9512412424573766,0.3940347080680741,1.0,0.0013262991620757395
0.9502288097841494,0.3996559388865705,1.0,0.0013262991976945287
0.9502288097841494,0.39967636162330195,1.0,0.0013262992333133196
0.9502288097841494,0.3996797656156847,1.0,0.0013262992689321124
0.9502288097841494,0.39968657377440125,1.0,0.001326299304550907
0.9502288097841494,0.3996899779407381,1.0,0.0013262993401697038
0.9502288097841494,0.3996933821650626,1.0,0.0013262993757885023
0.9502288097841494,0.3996967864473763,1.0,0.001326299411407303
0.9502288097841494,0.39970019078768054,1.0,0.0013262994470261053
0.9502288097841494,0.399703595185977,1.0,0.0013262994826449097
0.9502288097841494,0.399706999642267,1.0,0.0013262995182637158
0.9502288097841494,0.3997104041565521,1.0,0.001326299553882524
0.9502288097841494,0.3997138087288338,1.0,0.001326299589501334
0.9502288097841494,0.3997172133591135,1.0,0.0013262996251201462
0.9502288097841494,0.3997342373805346,1.0,0.00132629966073896
0.9502288097841494,0.3997376423588337,1.0,0.0013262996963577757
0.9502288097841494,0.3997410473951412,1.0,0.0013262997319765935
0.9502288097841494,0.39974445248945867,1.0,0.0013262997675954132
0.9502288097841494,0.3997478576417875,1.0,0.0013262998032142347
0.9502288097841494,0.3997512628521292,1.0,0.001326299838833058
0.9502288097841494,0.3997546681204852,1.0,0.0013262998744518835
0.9502288097841494,0.3997580734468571,1.0,0.0013262999100707108
0.9502288097841494,0.3997614788312463,1.0,0.0013262999456895399
0.9502288097841494,0.3997921299017729,1.0,0.0013262999813083711
0.9502288097841494,0.39979553586641675,1.0,0.001326300016927204
0.9502288097841494,0.3997989418890943,1.0,0.001326300052546039
0.9502288097841494,0.39980234796980696,1.0,0.0013263000881648759
0.9502085611306849,0.39988240507192035,1.0,0.0013263001237837147
0.9502085611306849,0.39989262797296954,1.0,0.0013263001594025553
0.9502085611306849,0.39989603572280735,1.0,0.001326300195021398
0.9502085611306849,0.3998994435307251,1.0,0.0013263002306402425
0.9502085611306849,0.3999028513967242,1.0,0.0013263002662590889
0.9502085611306849,0.39990625932080615,1.0,0.0013263003018779372
0.9502085611306849,0.39990966730297245,1.0,0.0013263003374967873
0.9502085611306849,0.3999198915979922,1.0,0.0013263003731156396
0.9502085611306849,0.3999232998125107,1.0,0.0013263004087344936
0.9502085611306849,0.3999267080851209,1.0,0.0013263004443533496
0.9502085611306849,0.3999301164158244,1.0,0.0013263004799722075
0.9502085611306849,0.3999335248046226,1.0,0.0013263005155910673
0.9502085611306849,0.40000170478276803,1.0,0.001326300551209929
0.9502085611306849,0.400008524059157,1.0,0.0013263005868287927
0.9502085611306849,0.400011933784544,1.0,0.0013263006224476582
0.9502085611306849,0.4000153435680615,1.0,0.0013263006580665256
0.9502085611306849,0.4000187534097109,1.0,0.001326300693685395
0.9502085611306849,0.4000221633094936,1.0,0.0013263007293042664
0.9502085611306849,0.4000255732674111,1.0,0.0013263007649231395
0.9502085611306849,0.4000460342358317,1.0,0.0013263008005420145
0.9501883124772202,0.40005115089514065,1.0,0.0013263008361608917
0.9501883124772202,0.40005456141996093,1.0,0.0013263008717797706
0.9501883124772202,0.4000579720029327,1.0,0.0013263009073986513
0.9501883124772202,0.4000613826440574,1.0,0.0013263009430175342
0.9501883124772202,0.4000647933433365,1.0,0.001326300978636419
0.9501883124772202,0.4001023148740248,1.0,0.0013263010142553055
0.9501883124772202,0.40010572627127317,1.0,0.001326301049874194
0.9501883124772202,0.40010913772669526,1.0,0.0013263010854930844
0.9501883124772202,0.40011596081206674,1.0,0.0013263011211119768
0.9501883124772202,0.4001193724420191,1.0,0.001326301156730871
0.9501883124772202,0.4001227841301512,1.0,0.0013263011923497672
0.9501883124772202,0.4001261958764645,1.0,0.0013263012279686652
0.9501883124772202,0.4001398434435595,1.0,0.0013263012635875652
0.9501883124772202,0.4001432554808012,1.0,0.0013263012992064671
0.9501883124772202,0.400146667576233,1.0,0.0013263013348253708
0.9501073178633621,0.40058736649791266,1.0,0.0013263013704442766
0.9501073178633621,0.4005907864631356,1.0,0.0013263014060631842
0.9501073178633621,0.40059420648675415,1.0,0.0013263014416820937
0.9501073178633621,0.4006010467091839,1.0,0.0013263014773010051
0.9501073178633621,0.4006113074808326,1.0,0.0013263015129199186
0.9501073178633621,0.4006147278548559,1.0,0.001326301548538834
0.9501073178633621,0.40064551384951674,1.0,0.001326301584157751
0.9501073178633621,0.40064893480766767,1.0,0.0013263016197766703
0.9501073178633621,0.40065235582423964,1.0,0.0013263016553955913
0.9501073178633621,0.4006557768992341,1.0,0.0013263016910145143
0.9501073178633621,0.4006591980326525,1.0,0.001326301726633439
0.9501073178633621,0.4006626192244964,1.0,0.0013263017622523658
0.9501073178633621,0.4006865692034431,1.0,0.0013263017978712944
0.9501073178633621,0.40068999086274476,1.0,0.001326301833490225
0.9501073178633621,0.4006934125804854,1.0,0.0013263018691091575
0.9501073178633621,0.4006968343566665,1.0,0.001326301904728092
0.9501073178633621,0.4007002561912895,1.0,0.0013263019403470283
0.9501073178633621,0.400703678084356,1.0,0.0013263019759659667
0.9501073178633621,0.4007071000358674,1.0,0.0013263020115849068
0.9501073178633621,0.40073105533303155,1.0,0.0013263020472038488
0.9501073178633621,0.40078924440951874,1.0,0.0013263020828227928
0.9501073178633621,0.40080293841291537,1.0,0.0013263021184417387
0.9501073178633621,0.4008063620599817,1.0,0.0013263021540606864
0.9501073178633621,0.400809785765538,1.0,0.0013263021896796363
0.9501073178633621,0.4008132095295856,1.0,0.0013263022252985879
0.9501073178633621,0.40081663335212614,1.0,0.0013263022609175414
0.9501073178633621,0.40082348117269184,1.0,0.0013263022965364969
0.9501073178633621,0.40082690517072006,1.0,0.0013263023321554543
0.9501073178633621,0.4008303292272471,1.0,0.0013263023677744135
0.9501073178633621,0.4008371775158039,1.0,0.0013263024033933748
0.9501073178633621,0.40084060174783653,1.0,0.0013263024390123379
0.9500870692098975,0.40083890754077073,1.0,0.001326302474631303
0.950066820556433,0.40102564102564103,1.0,0.00132630251025027
0.950066820556433,0.40102906862451815,1.0,0.0013263025458692386
0.950066820556433,0.4010324962819877,1.0,0.0013263025814882095
0.950066820556433,0.4010359239980512,1.0,0.001326302617107182
0.950066820556433,0.4010462074978204,1.0,0.0013263026527261567
0.950066820556433,0.4010496354482747,1.0,0.0013263026883451332
0.950066820556433,0.40105306345733044,1.0,0.0013263027239641117
0.950066820556433,0.4010564915249891,1.0,0.001326302759583092
0.950066820556433,0.40106334783612135,1.0,0.0013263027952020742
0.950066820556433,0.40107020438168345,1.0,0.0013263028308210583
0.950066820556433,0.40107363274237945,1.0,0.0013263028664400444
0.950066820556433,0.4010770611616874,1.0,0.0013263029020590324
0.950066820556433,0.40108048963960885,1.0,0.0013263029376780224
0.950066820556433,0.40108391817614525,1.0,0.0013263029732970143
0.9500465719029685,0.4011439515060318,1.0,0.001326303008916008
0.9500465719029685,0.40114738120073185,1.0,0.0013263030445350035
0.9500465719029685,0.40115767063671887,1.0,0.001326303080154001
0.9500465719029685,0.40116796060056775,1.0,0.0013263031157730006
0.9500465719029685,0.401171390705827,1.0,0.001326303151392002
0.9500465719029685,0.40117482086974365,1.0,0.0013263031870110052
0.9500465719029685,0.40117825109231914,1.0,0.0013263032226300104
0.9500465719029685,0.401181681373555,1.0,0.0013263032582490177
0.9500465719029685,0.4011919725692396,1.0,0.0013263032938680265
0.9500465719029685,0.401198833659692,1.0,0.0013263033294870375
0.9500465719029685,0.4012125565446414,1.0,0.0013263033651060505
0.9500465719029685,0.4012262803683972,1.0,0.0013263034007250651
0.9500465719029685,0.4012297114710359,1.0,0.0013263034363440818
0.9500465719029685,0.4012502993192625,1.0,0.0013263034719631006
0.9500465719029685,0.4012537308327133,1.0,0.001326303507582121
0.9500465719029685,0.40126059403569686,1.0,0.0013263035432011434
0.9500465719029685,0.40126745747346637,1.0,0.0013263035788201678
0.9500465719029685,0.40127088928039956,1.0,0.001326303614439194
0.9500465719029685,0.4012743211460338,1.0,0.0013263036500582221
0.9500465719029685,0.4012949135726443,1.0,0.0013263036856772522
0.9500465719029685,0.4012983458492277,1.0,0.0013263037212962842
0.9500465719029685,0.4013120755427066,1.0,0.0013263037569153182
0.9500465719029685,0.40131550811287026,1.0,0.001326303792534354
0.9500465719029685,0.4013292389807457,1.0,0.0013263038281533916
0.9500060745960394,0.4016763268066745,1.0,0.0013263038637724314
0.9500060745960394,0.40167976575743564,1.0,0.0013263038993914728
0.9500060745960394,0.40168320476708247,1.0,0.0013263039350105163
0.9500060745960394,0.4016866438356164,1.0,0.0013263039706295618
0.9500060745960394,0.40169008296303904,1.0,0.001326304006248609
0.9500060745960394,0.4016935221493519,1.0,0.0013263040418676581
0.9500060745960394,0.40170727948353513,1.0,0.0013263040774867093
0.9500060745960394,0.4017107189643215,1.0,0.0013263041131057623
0.9500060745960394,0.4017141585040071,1.0,0.0013263041487248173
0.9500060745960394,0.40172447747647466,1.0,0.0013263041843438743
0.9500060745960394,0.4017279172517724,1.0,0.001326304219962933
0.9500060745960394,0.401731357085977,1.0,0.0013263042555819937
0.9499858259425749,0.40174343429153714,1.0,0.0013263042912010563
0.9499858259425749,0.4017468744648056,1.0,0.0013263043268201208
0.9499858259425749,0.40175031469699174,1.0,0.001326304362439187
0.9499858259425749,0.4017571953381231,1.0,0.0013263043980582556
0.9499858259425749,0.40176751674174044,1.0,0.0013263044336773258
0.9499858259425749,0.4017709573274644,1.0,0.001326304469296398
0.9499858259425749,0.4017743979721166,1.0,0.001326304504915472
0.9499858259425749,0.40178127943821185,1.0,0.001326304540534548
0.9499858259425749,0.40178472025965795,1.0,0.001326304576153626
0.9499858259425749,0.40178816114003835,1.0,0.0013263046117727058
0.9499858259425749,0.4017916020793546,1.0,0.0013263046473917875
0.9499858259425749,0.4017950430776082,1.0,0.001326304683010871
0.9499858259425749,0.4017984841348007,1.0,0.0013263047186299567
0.9499858259425749,0.4018019252509335,1.0,0.0013263047542490442
0.9499858259425749,0.4018053664260082,1.0,0.0013263047898681335
0.9499858259425749,0.4018225731855633,1.0,0.001326304825487225
0.9499858259425749,0.4018260147143212,1.0,0.0013263048611063181
0.9499858259425749,0.4018294563020316,1.0,0.0013263048967254133
0.9499858259425749,0.401832897948696,1.0,0.0013263049323445103
0.9499858259425749,0.401846665124924,1.0,0.0013263049679636092
0.9499858259425749,0.40185010706638113,1.0,0.0013263050035827101
0.9499858259425749,0.40185354906680143,1.0,0.0013263050392018129
0.9499858259425749,0.4018707599534023,1.0,0.0013263050748209175
0.9499858259425749,0.401874202307633,1.0,0.0013263051104400242
0.9499858259425749,0.4018776447208374,1.0,0.0013263051460591327
0.9499858259425749,0.401881087193017,1.0,0.001326305181678243
0.9499858259425749,0.4018845297241734,1.0,0.0013263052172973555
0.9499858259425749,0.401887972314308,1.0,0.0013263052529164697
0.9499858259425749,0.401894857671518,1.0,0.001326305288535586
0.9499858259425749,0.4018983004385965,1.0,0.001326305324154704
0.9499655772891102,0.40191039150175617,1.0,0.0013263053597738239
0.9497225934475357,0.4045105648986632,1.0,0.0013263053953929459
0.9497225934475357,0.40451405359252773,1.0,0.0013263054310120696
0.9497225934475357,0.40451754234656917,1.0,0.0013263054666311953
0.9497225934475357,0.4045245200351888,1.0,0.001326305502250323
0.9497225934475357,0.40452800896977015,1.0,0.0013263055378694526
0.9497225934475357,0.4045314979645346,1.0,0.0013263055734885842
0.9497225934475357,0.4045349870194837,1.0,0.0013263056091077175
0.9497225934475357,0.404538476134619,1.0,0.0013263056447268527
0.9497225934475357,0.40454196530994213,1.0,0.00132630568034599
0.9497225934475357,0.40454894384115786,1.0,0.001326305715965129
0.9497225934475357,0.4045524331970536,1.0,0.0013263057515842701
0.9497225934475357,0.40455941208942864,1.0,0.0013263057872034132
0.9497225934475357,0.4045629016259111,1.0,0.001326305822822558
0.9497225934475357,0.4045663912225922,1.0,0.0013263058584417047
0.9497225934475357,0.40457686037384305,1.0,0.0013263058940608534
0.9497225934475357,0.4045803502113344,1.0,0.001326305929680004
0.9497225934475357,0.40458384010903226,1.0,0.0013263059652991566
0.9497225934475357,0.4045873300669381,1.0,0.001326306000918311
0.9497225934475357,0.40460827107882885,1.0,0.0013263060365374672
0.9497225934475357,0.4046361958003347,1.0,0.0013263060721566257
0.9497225934475357,0.40463968666154787,1.0,0.0013263061077757859
0.9497225934475357,0.404643177582994,1.0,0.0013263061433949478
0.9497225934475357,0.4046466685646746,1.0,0.0013263061790141119
0.9497225934475357,0.40465015960659134,1.0,0.0013263062146332777
0.9497225934475357,0.40465365070874565,1.0,0.0013263062502524457
0.9497225934475357,0.40465714187113916,1.0,0.0013263062858716154
0.9497225934475357,0.40466412437665006,1.0,0.001326306321490787
0.9497225934475357,0.4046780901106107,1.0,0.0013263063571099605
0.9497225934475357,0.40468158169472224,1.0,0.001326306392729136
0.9497225934475357,0.4047584117916102,1.0,0.0013263064283483134
0.9497225934475357,0.40476190476190477,1.0,0.0013263064639674926
0.9497225934475357,0.4047653977924869,1.0,0.0013263064995866739
0.9497225934475357,0.40476889088335805,1.0,0.001326306535205857
0.9497225934475357,0.40478635724210543,1.0,0.0013263065708250422
0.9497225934475357,0.4047898506947441,1.0,0.001326306606444229
0.9497225934475357,0.4047933442076828,1.0,0.001326306642063418
0.9497225934475357,0.40483177683025773,1.0,0.0013263066776826088
0.9497225934475357,0.4048492486167816,1.0,0.0013263067133018015
0.9497225934475357,0.4048527431550599,1.0,0.0013263067489209962
0.9497225934475357,0.4048597324126025,1.0,0.0013263067845401925
0.9497225934475357,0.40487720661228366,1.0,0.0013263068201593911
0.9497225934475357,0.4048807016332309,1.0,0.0013263068557785914
0.9497225934475357,0.4048841967145188,1.0,0.0013263068913977937
0.9497225934475357,0.40488769185614887,1.0,0.0013263069270169979
0.9497225934475357,0.40489118705812277,1.0,0.0013263069626362038
0.9497225934475357,0.404894682320442,1.0,0.001326306998255412
0.9497225934475357,0.4049331341891927,1.0,0.0013263070338746217
0.9497225934475357,0.40493663017577786,1.0,0.0013263070694938335
0.9497225934475357,0.40494012622272874,1.0,0.0013263071051130473
0.9497225934475357,0.40494362233004677,1.0,0.001326307140732263
0.9497225934475357,0.4049471184977336,1.0,0.0013263071763514806
0.9497023447940712,0.40495246975937005,1.0,0.0013263072119707
0.9497023447940712,0.40495596615437746,1.0,0.0013263072475899215
0.9497023447940712,0.4049594626097618,1.0,0.0013263072832091448
0.9497023447940712,0.40498044261006966,1.0,0.00132630731882837
0.9497023447940712,0.40498393948813594,1.0,0.001326307354447597
0.9497023447940712,0.40498743642659163,1.0,0.0013263073900668262
0.9497023447940712,0.40499093342543824,1.0,0.001326307425686057
0.9497023447940712,0.40499443048467737,1.0,0.00132630746130529
0.9497023447940712,0.4049979276043106,1.0,0.0013263074969245248
0.9496820961406066,0.4050242663949291,1.0,0.0013263075325437616
0.9496820961406066,0.4050627445222693,1.0,0.001326307568163
0.9496820961406066,0.4050662428963778,1.0,0.0013263076037822407
0.9496820961406066,0.40506974133091506,1.0,0.001326307639401483
0.9496820961406066,0.40507323982588267,1.0,0.0013263076750207273
0.9496820961406066,0.4050767383812822,1.0,0.0013263077106399736
0.9496820961406066,0.40508023699711526,1.0,0.0013263077462592218
0.9496820961406066,0.40508373567338335,1.0,0.001326307781878472
0.9496820961406066,0.4051747224741912,1.0,0.001326307817497724
0.9496820961406066,0.405178222782798,1.0,0.001326307853116978
0.9496820961406066,0.4051817231518838,1.0,0.0013263078887362338
0.9496820961406066,0.40518522358145,1.0,0.0013263079243554915
0.9496820961406066,0.40519922590455126,1.0,0.001326307959974751
0.9496820961406066,0.4053252903761062,1.0,0.0013263079955940127
0.9496820961406066,0.40532879328672294,1.0,0.001326308031213276
0.9496820961406066,0.4053322962578861,1.0,0.0013263080668325415
0.9496820961406066,0.4053357992895972,1.0,0.001326308102451809
0.9496820961406066,0.40534280553466945,1.0,0.001326308138071078
0.9496820961406066,0.4053463087480338,1.0,0.0013263081736903492
0.9496820961406066,0.40535331535642677,1.0,0.0013263082093096224
0.9496820961406066,0.40535681875145846,1.0,0.0013263082449288973
0.9496820961406066,0.40538484809196595,1.0,0.001326308280548174
0.9496820961406066,0.4053883520320846,1.0,0.001326308316167453
0.9496820961406066,0.40539886421588545,1.0,0.0013263083517867336
0.9496820961406066,0.4054023683983058,1.0,0.0013263083874060161
0.9496820961406066,0.40540587264130556,1.0,0.0013263084230253008
0.9496820961406066,0.40540937694488627,1.0,0.0013263084586445872
0.9496820961406066,0.4054128813090494,1.0,0.0013263084942638755
0.9496820961406066,0.4054163857337967,1.0,0.0013263085298831658
0.9496820961406066,0.40541989021912955,1.0,0.001326308565502458
0.9496820961406066,0.4054304040386577,1.0,0.0013263086011217522
0.9496820961406066,0.40544091840351315,1.0,0.0013263086367410481
0.9496820961406066,0.4054444233129895,1.0,0.001326308672360346
0.9496820961406066,0.4054514333137384,1.0,0.0013263087079796458
0.9496820961406066,0.40545493840501406,1.0,0.0013263087435989476
0.9496820961406066,0.40546194876937575,1.0,0.0013263087792182513
0.9496820961406066,0.4054654540424649,1.0,0.0013263088148375568
0.9496820961406066,0.4054689593761617,1.0,0.0013263088504568644
0.9496820961406066,0.4054724647704677,1.0,0.0013263088860761738
0.9496820961406066,0.4054759702253845,1.0,0.0013263089216954851
0.9496820961406066,0.40547947574091364,1.0,0.0013263089573147982
0.9496820961406066,0.40548298131705673,1.0,0.0013263089929341134
0.949621350180213,0.40618044188080826,1.0,0.0013263090285534304
0.949621350180213,0.4061839598129222,1.0,0.0013263090641727495
0.949621350180213,0.4061874778059744,1.0,0.0013263090997920703
0.949621350180213,0.40619451397489975,1.0,0.0013263091354113932
0.949621350180213,0.40619803215077604,1.0,0.0013263091710307177
0.949621350180213,0.4062015503875969,1.0,0.0013263092066500444
0.949621350180213,0.40620858704407853,1.0,0.0013263092422693729
0.949621350180213,0.40621210546374253,1.0,0.0013263092778887035
0.949621350180213,0.40621562394435734,1.0,0.0013263093135080358
0.949621350180213,0.40621914248592467,1.0,0.00132630934912737
0.949621350180213,0.40622266108844596,1.0,0.0013263093847467062
0.949621350180213,0.40622617975192293,1.0,0.0013263094203660444
0.949621350180213,0.4062437739836976,1.0,0.0013263094559853843
0.949621350180213,0.40625433125433125,1.0,0.0013263094916047262
0.949621350180213,0.4062578504664801,1.0,0.00132630952722407
0.949621350180213,0.4062648890736939,1.0,0.0013263095628434159
0.949621350180213,0.4062684084687619,1.0,0.0013263095984627634
0.949621350180213,0.40627192792480615,1.0,0.0013263096340821131
0.949621350180213,0.40627544744182825,1.0,0.0013263096697014645
0.949621350180213,0.4062824866588121,1.0,0.001326309705320818
0.949621350180213,0.4062860063587771,1.0,0.0013263097409401733
0.949621350180213,0.40632824751557367,1.0,0.0013263097765595306
0.949621350180213,0.4063317680084562,1.0,0.0013263098121788896
0.949621350180213,0.40635641316685583,1.0,0.0013263098477982508
0.949621350180213,0.4063599341478208,1.0,0.0013263098834176137
0.949621350180213,0.4063634551898032,1.0,0.0013263099190369786
0.949621350180213,0.40636697629280466,1.0,0.0013263099546563454
0.9496011015267485,0.406375917437155,1.0,0.001326309990275714
0.9496011015267485,0.4063794388312161,1.0,0.0013263100258950847
0.9496011015267485,0.406382960286306,1.0,0.0013263100615144572
0.9496011015267485,0.40638648180242637,1.0,0.0013263100971338316
0.9496011015267485,0.4063900033795787,1.0,0.001326310132753208
0.9496011015267485,0.4064040902985398,1.0,0.0013263101683725863
0.9496011015267485,0.40640761218087595,1.0,0.0013263102039919666
0.9496011015267485,0.4064111341242536,1.0,0.0013263102396113486
0.9496011015267485,0.40641465612867445,1.0,0.0013263102752307326
0.9496011015267485,0.40641817819413995,1.0,0.0013263103108501185
0.9496011015267485,0.4064217003206517,1.0,0.0013263103464695063
0.9496011015267485,0.40642522250821134,1.0,0.0013263103820888961
0.9496011015267485,0.4064498795306027,1.0,0.001326310417708288
0.9496011015267485,0.4064569249436644,1.0,0.0013263104533276814
0.9496011015267485,0.4064604477417901,1.0,0.0013263104889470769
0.9496011015267485,0.4064639706009811,1.0,0.0013263105245664743
0.9496011015267485,0.40650977332813243,1.0,0.0013263105601858736
0.9496011015267485,0.4065132970424049,1.0,0.001326310595805275
0.9496011015267485,0.4065203446542189,1.0,0.001326310631424678
0.9496011015267485,0.40653091653013634,1.0,0.001326310667044083
0.9496011015267485,0.4065344406109676,1.0,0.00132631070266349
0.9496011015267485,0.40659083421477,1.0,0.0013263107382828988
0.9496011015267485,0.4065943593344951,1.0,0.0013263107739023097
0.9496011015267485,0.40659788451534595,1.0,0.0013263108095217225
0.9496011015267485,0.40660140975732406,1.0,0.001326310845141137
0.9496011015267485,0.4066049350604311,1.0,0.0013263108807605535
0.9496011015267485,0.4066084604246686,1.0,0.001326310916379972
0.9496011015267485,0.40661198585003816,1.0,0.0013263109519993923
0.9496011015267485,0.4066155113365414,1.0,0.0013263109876188147
0.9496011015267485,0.4066331396861181,1.0,0.001326311023238239
0.9496011015267485,0.4066366655394567,1.0,0.001326311058857665
0.9496011015267485,0.4066966144026641,1.0,0.001326311094477093
0.9496011015267485,0.40670014135685234,1.0,0.001326311130096523
0.9496011015267485,0.40670366837221406,1.0,0.0013263111657159548
0.9496011015267485,0.4067071954487507,1.0,0.0013263112013353886
0.9496011015267485,0.40671072258646407,1.0,0.0013263112369548242
0.9496011015267485,0.40671424978535564,1.0,0.0013263112725742617
0.9496011015267485,0.40671777704542694,1.0,0.0013263113081937012
0.9496011015267485,0.40673894189071985,1.0,0.0013263113438131426
0.9496011015267485,0.4067424695790944,1.0,0.001326311379432586
0.9496011015267485,0.4067459973286614,1.0,0.0013263114150520313
0.9496011015267485,0.40674952513942253,1.0,0.0013263114862909274
0.9496011015267485,0.40675305301137943,1.0,0.0013263115219103784
0.9492973717247803,0.4083442208866823,1.0,0.0013263115575298313
0.9492973717247803,0.4083477776132533,1.0,0.0013263115931492861
0.9492973717247803,0.40835133440178384,1.0,0.001326311628768743
0.9492973717247803,0.40835844816473005,1.0,0.0013263116643882015
0.9492973717247803,0.408362005139149,1.0,0.001326311700007662
0.9492973717247803,0.40836556217553394,1.0,0.0013263117356271245
0.9492973717247803,0.4083691192738866,1.0,0.0013263117712465889
0.9492973717247803,0.40837267643420844,1.0,0.001326311806866055
0.9492973717247803,0.4083762336565013,1.0,0.0013263118424855233
0.9492973717247803,0.40837979094076654,1.0,0.0013263118781049934
0.9492973717247803,0.4083904631654137,1.0,0.0013263119137244654
0.9492973717247803,0.4083940206975853,1.0,0.0013263119493439393
0.9492973717247803,0.40839757829173745,1.0,0.0013263119849634152
0.9492973717247803,0.4084046936659901,1.0,0.001326312020582893
0.9492973717247803,0.4084118092881846,1.0,0.0013263120562023727
0.9492973717247803,0.4084153671922641,1.0,0.0013263120918218542
0.9492973717247803,0.408418925158334,1.0,0.0013263121274413377
0.9492973717247803,0.40842604127645116,1.0,0.0013263121630608232
0.9492973717247803,0.4084438326566883,1.0,0.0013263121986803105
0.9492973717247803,0.4084545082288572,1.0,0.0013263122342997997
0.9492973717247803,0.4084616255870078,1.0,0.001326312269919291
0.9492973717247803,0.4084758610474589,1.0,0.001326312305538784
0.9492973717247803,0.4084794200676123,1.0,0.001326312341158279
0.9492973717247803,0.4084829791497852,1.0,0.001326312376777776
0.9492973717247803,0.40848653829397924,1.0,0.0013263124123972746
0.9492973717247803,0.40849009750019605,1.0,0.0013263124480167754
0.9492973717247803,0.4084972160987043,1.0,0.001326312483636278
0.9492973717247803,0.40850433494532307,1.0,0.0013263125192557825
0.9492973717247803,0.4085078944616779,1.0,0.001326312554875289
0.9492771230713157,0.4086487334600164,1.0,0.0013263125904947974
0.9492771230713157,0.4086522955692506,1.0,0.0013263126261143076
0.9492771230713157,0.40867010704696816,1.0,0.00132631266173382
0.9492771230713157,0.40867366952883233,1.0,0.001326312697353334
0.9492771230713157,0.40867723207280715,1.0,0.00132631273297285
0.9492771230713157,0.4086807946788943,1.0,0.001326312768592368
0.9492771230713157,0.40868435734709535,1.0,0.0013263128042118877
0.9492771230713157,0.40868792007741195,1.0,0.0013263128398314096
0.9492771230713157,0.4086914828698457,1.0,0.0013263128754509332
0.9492771230713157,0.40869504572439824,1.0,0.0013263129110704587
0.9492771230713157,0.4086986086410712,1.0,0.0013263129466899862
0.9492771230713157,0.4087021716198663,1.0,0.0013263129823095157
0.9492771230713157,0.40870573466078497,1.0,0.001326313017929047
0.9492771230713157,0.4088090898785284,1.0,0.0013263130535485803
0.9492771230713157,0.40881265478391293,1.0,0.0013263130891681154
0.9492771230713157,0.40881621975147153,1.0,0.0013263131247876526
0.9492771230713157,0.4088304802434792,1.0,0.0013263131604071914
0.9492771230713157,0.4088340455219325,1.0,0.0013263131960267324
0.9492771230713157,0.40883761086256964,1.0,0.00132631326726582
0.9492771230713157,0.40884117626539224,1.0,0.0013263133028853665
0.9492771230713157,0.40885543849856976,1.0,0.001326313338504915
0.9492771230713157,0.408859004212344,1.0,0.0013263133741244655
0.9492771230713157,0.4088625699883135,1.0,0.001326313409744018
0.9492771230713157,0.4088661358264798,1.0,0.0013263134453635722
0.9492771230713157,0.40887683371417605,1.0,0.0013263134809831285
0.9492771230713157,0.40888039980114604,1.0,0.0013263135522222466
0.9492771230713157,0.40888396595032095,1.0,0.0013263135878418086
0.9492366257643867,0.40915200391006845,1.0,0.0013263136234613723
0.9492366257643867,0.40916271721958924,1.0,0.0013263136590809382
0.9492366257643867,0.4091662884474392,1.0,0.0013263136947005059
0.9492366257643867,0.4091805739822638,1.0,0.0013263137303200754
0.9492163771109221,0.4092218517031269,1.0,0.001326313765939647
0.9492163771109221,0.40922542403952755,1.0,0.0013263138015592204
0.9491961284574576,0.4092381293268265,1.0,0.0013263138371787957
0.9491961284574576,0.40924527478283645,1.0,0.001326313872798373
0.9491961284574576,0.40925599343472263,1.0,0.0013263139084179522
0.9491961284574576,0.4092595664434569,1.0,0.0013263139440375332
0.9491961284574576,0.40926313951458004,1.0,0.0013263139796571163
0.9491961284574576,0.4093560612676179,1.0,0.001326314015276701
0.9491961284574576,0.40935963602385755,1.0,0.001326314050896288
0.9491961284574576,0.4093632108425318,1.0,0.0013263140865158766
0.9491961284574576,0.4093846610657957,1.0,0.0013263141221354672
0.9491961284574576,0.409388236321558,1.0,0.0013263141577550598
0.9491961284574576,0.40939181163976807,1.0,0.0013263141933746543
0.9491961284574576,0.40940968916759096,1.0,0.0013263142289942507
0.9491961284574576,0.4094132648605216,1.0,0.001326314264613849
0.9491961284574576,0.40942041643376187,1.0,0.001326314300233449
0.9491961284574576,0.40942399231407484,1.0,0.0013263143358530512
0.9491961284574576,0.4094275682568519,1.0,0.0013263143714726552
0.9491961284574576,0.4094347203298047,1.0,0.0013263144070922613
0.9491961284574576,0.40943829645998375,1.0,0.0013263144427118692
0.9491961284574576,0.40944187265263343,1.0,0.001326314478331479
0.9491961284574576,0.4094561780479709,1.0,0.0013263145139510905
0.9491961284574576,0.4094597545529982,1.0,0.0013263145495707041
0.9491961284574576,0.4094633311205059,1.0,0.0013263145851903197
0.9491961284574576,0.4095062548046684,1.0,0.0013263146208099372
0.9491961284574576,0.4095134096269765,1.0,0.0013263146564295564
0.9491961284574576,0.4095169871318872,1.0,0.0013263146920491776
0.9491961284574576,0.4095205646993046,1.0,0.0013263147276688007
0.9491961284574576,0.40952414232923023,1.0,0.0013263147632884258
0.949175879803993,0.4096048653466385,1.0,0.0013263147989080529
0.949175879803993,0.4096084445260003,1.0,0.0013263148345276819
0.949175879803993,0.4096191824393995,1.0,0.0013263148701473126
0.949175879803993,0.40963708021287565,1.0,0.0013263149057669453
0.949175879803993,0.4096406599552573,1.0,0.0013263149413865801
0.949175879803993,0.40964781962772,1.0,0.0013263149770062165
0.949175879803993,0.4096513995578044,1.0,0.001326315012625855
0.949175879803993,0.40965497955045965,1.0,0.0013263150482454955
0.949175879803993,0.40966930014682235,1.0,0.0013263150838651377
0.949175879803993,0.4097516630099387,1.0,0.0013263151194847819
0.949175879803993,0.4097552447552448,1.0,0.001326315155104428
0.949175879803993,0.40975882656316925,1.0,0.001326315190724076
0.949175879803993,0.40976240843371387,1.0,0.001326315226343726
0.949175879803993,0.4097659903668803,1.0,0.0013263152619633779
0.949175879803993,0.40976957236267003,1.0,0.0013263152975830316
0.949175879803993,0.40977315442108486,1.0,0.0013263153332026874
0.949175879803993,0.4097767365421263,1.0,0.001326315368822345
0.949175879803993,0.4097803187257962,1.0,0.0013263154044420044
0.949175879803993,0.409791065652592,1.0,0.001326315440061666
0.949175879803993,0.40979823058362763,1.0,0.0013263154756813292
0.949175879803993,0.40980181314310193,1.0,0.0013263155469206618
0.949175879803993,0.409805395765216,1.0,0.0013263155825403306
0.949175879803993,0.4098089784499716,1.0,0.0013263156181600017
0.949175879803993,0.4098161440074137,1.0,0.0013263156537796747
0.949175879803993,0.4098591426148237,1.0,0.0013263156893993495
0.9490746365366703,0.4102027778020882,1.0,0.0013263157250190262
0.9490746365366703,0.4102063678213229,1.0,0.0013263157606387048
0.9490746365366703,0.4102099579033966,1.0,0.0013263157962583854
0.9490746365366703,0.4102135480483109,1.0,0.001326315831878068
0.9490746365366703,0.41022072852666774,1.0,0.0013263158674977522
0.9490543878832057,0.4102802020325808,1.0,0.0013263159031174385
0.9490543878832057,0.41028379348377947,1.0,0.0013263159387371269
0.9490543878832057,0.4103017516829638,1.0,0.001326315974356817
0.9490543878832057,0.41030534351145037,1.0,0.001326316009976509
0.9490543878832057,0.4103089354028241,1.0,0.001326316045596203
0.9490543878832057,0.41031252735708656,1.0,0.0013263160812158987
0.9490543878832057,0.4103197114542844,1.0,0.0013263161168355967
0.9490543878832057,0.4103268958030571,1.0,0.0013263161524552963
0.9490543878832057,0.41033408040341784,1.0,0.0013263161880749978
0.9490543878832057,0.41033767279794786,1.0,0.0013263162236947013
0.9490543878832057,0.4103412652553799,1.0,0.0013263162593144069
0.9490543878832057,0.4103448577757155,1.0,0.0013263162949341142
0.9490543878832057,0.4103484503589564,1.0,0.0013263163305538234
0.9490543878832057,0.4103664142187979,1.0,0.0013263163661735345
0.9490543878832057,0.4103771932896718,1.0,0.0013263164017932477
0.9490543878832057,0.41038078643913456,1.0,0.0013263164374129627
0.9490543878832057,0.41038437965151914,1.0,0.0013263164730326796
0.9490543878832057,0.41038797292682716,1.0,0.0013263165086523983
0.9490543878832057,0.41039156626506024,1.0,0.001326316544272119
0.9490543878832057,0.4103951596662201,1.0,0.0013263165798918417
0.9490543878832057,0.4103987531303084,1.0,0.0013263166155115663
0.9490543878832057,0.4104023466573267,1.0,0.0013263166511312929
0.9490543878832057,0.4104059402472768,1.0,0.0013263166867510212
0.9490543878832057,0.4104095339001602,1.0,0.0013263167223707515
0.9490543878832057,0.4104131276159787,1.0,0.0013263167579904837
0.9490543878832057,0.41043109713915427,1.0,0.0013263167936102178
0.9490543878832057,0.41046704090658304,1.0,0.001326316829229954
0.9490138905762767,0.41084530624052173,1.0,0.0013263168648496918
0.9490138905762767,0.41084890774571337,1.0,0.0013263169004694318
0.9490138905762767,0.41085250931404776,1.0,0.0013263169360891735
0.9490138905762767,0.4108561109455266,1.0,0.0013263169717089172
0.9490138905762767,0.4108597126401515,1.0,0.0013263170073286629
0.9490138905762767,0.4108633143979241,1.0,0.0013263170429484103
0.9490138905762767,0.41086691621884613,1.0,0.0013263170785681598
0.9490138905762767,0.41088852847060886,1.0,0.0013263171141879111
0.9490138905762767,0.41089213073362324,1.0,0.0013263171498076644
0.9490138905762767,0.41089573305980026,1.0,0.0013263171854274195
0.9490138905762767,0.4108993354491417,1.0,0.0013263172210471767
0.9490138905762767,0.4109065404173242,1.0,0.0013263172566669356
0.9490138905762767,0.4109101429961686,1.0,0.0013263172922866966
0.9490138905762767,0.41091374563818406,1.0,0.0013263173279064594
0.9490138905762767,0.4109173483433722,1.0,0.0013263173635262241
0.9490138905762767,0.4109209511117346,1.0,0.0013263173991459908
0.9490138905762767,0.41093896590121964,1.0,0.0013263174347657595
0.9490138905762767,0.4109425690486629,1.0,0.0013263174703855298
0.9490138905762767,0.4109461722592921,1.0,0.0013263175060053024
0.9490138905762767,0.411057903138101,1.0,0.0013263175416250766
0.9490138905762767,0.41106150837155864,1.0,0.0013263175772448529
0.9490138905762767,0.4110759299378141,1.0,0.0013263176128646308
0.9490138905762767,0.41107953548749254,1.0,0.001326317648484411
0.9490138905762767,0.41108314110042016,1.0,0.001326317684104193
0.9490138905762767,0.41108674677659857,1.0,0.0013263177197239768
0.9490138905762767,0.41109035251602943,1.0,0.0013263177553437626
0.9490138905762767,0.4110939583187145,1.0,0.0013263177909635503
0.9490138905762767,0.4110975641846553,1.0,0.00132631782658334
0.9490138905762767,0.41110117011385366,1.0,0.0013263178622031314
0.9489733932693476,0.4112928704321269,1.0,0.001326317897822925
0.9489733932693476,0.41129647994242935,1.0,0.0013263179334427203
0.9489733932693476,0.41130369915310017,1.0,0.0013263179690625175
0.9489733932693476,0.4113073088534719,1.0,0.0013263180046823168
0.9489733932693476,0.4113145284442962,1.0,0.0013263180403021177
0.9489733932693476,0.41132174828857293,1.0,0.0013263180759219208
0.9489733932693476,0.4113325785302404,1.0,0.0013263181115417257
0.9489733932693476,0.41135063020047047,1.0,0.0013263181471615325
0.9489733932693476,0.41135785131220926,1.0,0.0013263181827813412
0.9489733932693476,0.4113650726774805,1.0,0.001326318218401152
0.9489733932693476,0.411368683455195,1.0,0.0013263182540209646
0.9489733932693476,0.41137229429629757,1.0,0.001326318289640779
0.9489733932693476,0.41137590520079,1.0,0.0013263183252605953
0.9489733932693476,0.41138312719995085,1.0,0.0013263183608804136
0.9489733932693476,0.41138673829462263,1.0,0.001326318432120056
0.9489733932693476,0.4113939606741573,1.0,0.0013263184677398802
0.9489733932693476,0.4114011833072912,1.0,0.001326318503359706
0.9489733932693476,0.4114047947189621,1.0,0.001326318538979534
0.9489733932693476,0.41140840619403773,1.0,0.0013263185745993637
0.9489733932693476,0.4114589735035381,1.0,0.0013263186102191954
0.9489733932693476,0.4114625859298865,1.0,0.0013263186458390291
0.9489733932693476,0.41146619841966636,1.0,0.0013263186814588645
0.9489733932693476,0.4114698109728795,1.0,0.0013263187170787021
0.9489733932693476,0.4114734235895275,1.0,0.0013263187526985415
0.9489733932693476,0.411477036269612,1.0,0.0013263187883183827
0.9489733932693476,0.41148426182009745,1.0,0.001326318823938226
0.9489733932693476,0.4114878746905017,1.0,0.001326318859558071
0.9489733932693476,0.4115059399942049,1.0,0.001326318895177918
0.9489733932693476,0.4115131665598356,1.0,0.001326318930797767
0.9489733932693476,0.4115167799378326,1.0,0.0013263189664176177
0.9489733932693476,0.41152400688419793,1.0,0.0013263190020374705
0.9489733932693476,0.41152762045256974,1.0,0.0013263190376573252
0.9489733932693476,0.4117119966266076,1.0,0.0013263190732771817
0.9489733932693476,0.411715613497202,1.0,0.0013263191088970403
0.9489733932693476,0.411719230431345,1.0,0.0013263191445169007
0.9489733932693476,0.4117264644902836,1.0,0.001326319180136763
0.9489531446158831,0.4117827958878833,1.0,0.0013263192157566273
0.9489531446158831,0.4117864140797301,1.0,0.0013263192513764933
0.9489531446158831,0.411790032335161,1.0,0.0013263192869963614
0.9489531446158831,0.41179365065417767,1.0,0.0013263193226162313
0.9489531446158831,0.4118008874829753,1.0,0.0013263193582361032
0.9489531446158831,0.4118045059927595,1.0,0.001326319393855977
0.9489531446158831,0.4118081245661362,1.0,0.0013263194294758527
0.9489531446158831,0.41181174320310715,1.0,0.0013263194650957304
0.9489531446158831,0.41181536190367396,1.0,0.0013263195007156099
0.9489531446158831,0.4118225994956019,1.0,0.0013263195363354913
0.9489531446158831,0.41182621838696637,1.0,0.0013263195719553746
0.9489531446158831,0.411876889545103,1.0,0.00132631960757526
0.9489328959624185,0.41187172073156797,1.0,0.0013263196431951472
0.9489328959624185,0.41187534056353375,1.0,0.0013263196788150361
0.9489328959624185,0.4118970608915764,1.0,0.0013263197144349273
0.9489328959624185,0.4119006811689738,1.0,0.0013263197500548202
0.9489328959624185,0.4119079219146898,1.0,0.001326319785674715
0.9489328959624185,0.41191154238301164,1.0,0.0013263198212946118
0.9489328959624185,0.4119151629149783,1.0,0.0013263198569145106
0.9489328959624185,0.4119260248927642,1.0,0.001326319892534411
0.9489328959624185,0.41192964567932705,1.0,0.0013263199281543135
0.9489328959624185,0.4119441294621274,1.0,0.0013263199637742178
0.9489328959624185,0.41194775056697314,1.0,0.0013263199993941242
0.9489328959624185,0.4119513717354805,1.0,0.0013263200350140324
0.9489328959624185,0.41195861426348684,1.0,0.0013263200706339427
0.9489328959624185,0.4119694785330005,1.0,0.0013263201062538546
0.9489328959624185,0.4119731000835128,1.0,0.0013263201418737688
0.9489328959624185,0.41198034337555933,1.0,0.0013263201774936847
0.9489328959624185,0.41198396511709684,1.0,0.0013263202131136023
0.9489328959624185,0.4119875869223128,1.0,0.001326320248733522
0.9489328959624185,0.4119912087912088,1.0,0.0013263202843534438
0.9489328959624185,0.41199483072378656,1.0,0.0013263203199733672
0.9489328959624185,0.4119984527200478,1.0,0.0013263203555932926
0.9489328959624185,0.41203105355243147,1.0,0.00132632039121322
0.9489328959624185,0.41205279030712283,1.0,0.0013263204268331493
0.9489328959624185,0.4120600364016847,1.0,0.0013263204624530806
0.9489328959624185,0.41207815275310833,1.0,0.0013263204980730136
0.9489328959624185,0.41208539973972075,1.0,0.0013263205336929487
0.9489328959624185,0.4121180143340808,1.0,0.0013263205693128857
0.9489328959624185,0.41213251136653445,1.0,0.0013263206049328245
0.9489328959624185,0.412136135784012,1.0,0.001326320640552765
0.9489328959624185,0.41215063409142877,1.0,0.0013263206761727079
0.9489328959624185,0.4121542588276681,1.0,0.0013263207117926524
0.9489328959624185,0.4121578836276648,1.0,0.001326320747412599
0.9489328959624185,0.41216513341893724,1.0,0.0013263207830325474
0.9489328959624185,0.4121687584102163,1.0,0.0013263208186524978
0.9489328959624185,0.4121723834652595,1.0,0.0013263208542724498
0.9489328959624185,0.41217600858406844,1.0,0.001326320889892404
0.9489328959624185,0.41217963376664496,1.0,0.00132632092551236
0.9489328959624185,0.4121832590129907,1.0,0.001326320961132318
0.9489328959624185,0.4122122632796489,1.0,0.001326320996752278
0.9489328959624185,0.4122521508119425,1.0,0.0013263210323722398
0.9489328959624185,0.41225577733402535,1.0,0.0013263210679922035
0.9489328959624185,0.4122594039199127,1.0,0.001326321103612169
0.9489328959624185,0.4122811647752265,1.0,0.0013263211392321368
0.9489328959624185,0.4122847918077928,1.0,0.0013263211748521062
0.9489328959624185,0.41228841890417706,1.0,0.0013263212104720776
0.9489328959624185,0.412292046064381,1.0,0.001326321246092051
0.9489328959624185,0.4122956732884064,1.0,0.001326321281712026
0.9489328959624185,0.4123065553434275,1.0,0.0013263213173320032
0.9489328959624185,0.41231018282275517,1.0,0.0013263213529519822
0.9489328959624185,0.4123138103659127,1.0,0.0013263213885719631
0.9489328959624185,0.4123355769653777,1.0,0.001326321424191946
0.9489328959624185,0.41234283300924746,1.0,0.0013263214598119306
0.9489328959624185,0.41234646112694895,1.0,0.0013263214954319174
0.9489328959624185,0.4123500893084971,1.0,0.0013263215310519059
0.9489328959624185,0.41235734586314005,1.0,0.0013263215666718966
0.9489328959624185,0.4123791170595637,1.0,0.001326321602291889
0.9489328959624185,0.4123827458158075,1.0,0.0013263216379118831
0.9489328959624185,0.41239363246772676,1.0,0.0013263216735318795
0.9489328959624185,0.41241540749606187,1.0,0.0013263217091518775
0.9489328959624185,0.4124190368910166,1.0,0.0013263217447718777
0.9489328959624185,0.4124226663498517,1.0,0.0013263217803918797
0.9489328959624185,0.41242629587256885,1.0,0.0013263218160118836
0.9489328959624185,0.41242992545916973,1.0,0.0013263218516318895
0.9489328959624185,0.41243355510965607,1.0,0.001326321887251897
0.9489328959624185,0.4124371848240295,1.0,0.0013263219228719068
0.9489328959624185,0.4124517043204281,1.0,0.0013263219584919183
0.9489328959624185,0.4124553343542624,1.0,0.0013263219941119318
0.9489328959624185,0.4124625946136244,1.0,0.0013263220297319472
0.9489328959624185,0.4124662248391554,1.0,0.0013263220653519643
0.9489328959624185,0.4124698551285888,1.0,0.0013263221009719836
0.9489328959624185,0.41247348548192614,1.0,0.0013263221365920046
0.9489328959624185,0.41250979253038983,1.0,0.0013263221722120278
0.9377758879034545,0.49815529907818734,1.0,0.0013263222078320528
0.9377758879034545,0.49816065743051374,1.0,0.0013263222434520795
0.9377758879034545,0.4981660158981144,1.0,0.0013263222790721083
0.9377758879034545,0.49817673317915345,1.0,0.0013263223146921389
0.9377758879034545,0.4981820919925993,1.0,0.0013263223503121716
0.9377758879034545,0.4981874509213343,1.0,0.0013263223859322061
0.9377758879034545,0.4981928099653622,1.0,0.0013263224215522426
0.9377758879034545,0.4981981691246867,1.0,0.001326322457172281
0.9377556392499898,0.49821956860846645,1.0,0.001326322492792321
0.9377556392499898,0.4982249284592379,1.0,0.0013263225284123633
0.9377556392499898,0.49823028842533323,1.0,0.0013263225640324074
0.9377556392499898,0.49823564850675617,1.0,0.0013263225996524533
0.9377556392499898,0.4982731723062026,1.0,0.0013263226352725013
0.9377556392499898,0.49827853331038047,1.0,0.001326322670892551
0.9377556392499898,0.49828389442991944,1.0,0.0013263227065126028
0.9377556392499898,0.49828925566482324,1.0,0.0013263227421326563
0.9377556392499898,0.4983053400617609,1.0,0.0013263227777527118
0.9377556392499898,0.49831070175816133,1.0,0.0013263228133727693
0.9377556392499898,0.4983321496976349,1.0,0.0013263228489928287
0.9377556392499898,0.49833751197098985,1.0,0.00132632288461289
0.9377556392499898,0.4983535994834822,1.0,0.0013263229202329532
0.9377556392499898,0.49835896221846787,1.0,0.0013263229558530185
0.9377556392499898,0.4983643250688705,1.0,0.0013263229914730855
0.9377556392499898,0.4983750511159417,1.0,0.0013263230270931545
0.9377556392499898,0.49839114105226906,1.0,0.0013263230627132251
0.9377556392499898,0.4984018682536779,1.0,0.001326323098333298
0.9377556392499898,0.49843941709537853,1.0,0.0013263231339533726
0.9377556392499898,0.4984501463750646,1.0,0.0013263231695734494
0.9377556392499898,0.49846087611667206,1.0,0.0013263232051935279
0.9377556392499898,0.49846624116070565,1.0,0.0013263232408136083
0.9377556392499898,0.49847160632023074,1.0,0.0013263232764336905
0.9377556392499898,0.4984769715952512,1.0,0.0013263233120537749
0.9377556392499898,0.49848233698577055,1.0,0.001326323347673861
0.9377556392499898,0.4984877024917927,1.0,0.001326323383293949
0.9377556392499898,0.49853063069851555,1.0,0.001326323418914039
0.9377556392499898,0.4985359972442301,1.0,0.001326323454534131
0.9377556392499898,0.4985413639054847,1.0,0.0013263234901542248
0.9377556392499898,0.49854673068228306,1.0,0.0013263235257743205
0.9377556392499898,0.49855209757462887,1.0,0.001326323561394418
0.9377556392499898,0.49860577285402063,1.0,0.0013263235970145178
0.9377556392499898,0.49861114101763526,1.0,0.001326323632634619
0.9377556392499898,0.4986165092968422,1.0,0.0013263236682547225
0.9377556392499898,0.49865945969226794,1.0,0.001326323703874828
0.9377556392499898,0.49866482901197345,1.0,0.001326323739494935
0.9377556392499898,0.49867556799827717,1.0,0.0013263237751150441
0.9377556392499898,0.4986809376648828,1.0,0.0013263238107351551
0.9377556392499898,0.4986863074471293,1.0,0.0013263238463552681
0.9377353905965253,0.49889579540435436,1.0,0.001326323881975383
0.9377353905965253,0.49890654457312145,1.0,0.0013263239175955
0.9377353905965253,0.49891191933120743,1.0,0.0013263239532156185
0.9377353905965253,0.4989172942051,1.0,0.0013263239888357391
0.9377353905965253,0.49892804430031995,1.0,0.0013263240244558616
0.9377353905965253,0.4989334195216548,1.0,0.001326324060075986
0.9377151419430608,0.49902479499143326,1.0,0.0013263240956961123
0.9377151419430608,0.4990301724137931,1.0,0.0013263241313162407
0.9377151419430608,0.4990355499520469,1.0,0.0013263241669363708
0.9377151419430608,0.4990409276061984,1.0,0.0013263242025565029
0.9377151419430608,0.4990463053762514,1.0,0.0013263242381766369
0.9377151419430608,0.49907857443070985,1.0,0.0013263242737967728
0.9377151419430608,0.49908395301217806,1.0,0.0013263243094169107
0.9377151419430608,0.4991216063287456,1.0,0.0013263243450370504
0.9377151419430608,0.49912698583777027,1.0,0.001326324380657192
0.9377151419430608,0.4991377452037077,1.0,0.0013263244162773356
0.9377151419430608,0.4991807873065149,1.0,0.001326324451897481
0.9377151419430608,0.49918616809132166,1.0,0.0013263244875176285
0.9377151419430608,0.4991915489921311,1.0,0.0013263245231377777
0.9377151419430608,0.4992238368332543,1.0,0.001326324558757929
0.9377151419430608,0.49922921854618757,1.0,0.0013263245943780822
0.9377151419430608,0.4992346003751536,1.0,0.0013263246299982372
0.9377151419430608,0.4992615112606057,1.0,0.0013263246656183942
0.9377151419430608,0.4992668937858467,1.0,0.001326324701238553
0.9377151419430608,0.4992722764271468,1.0,0.0013263247368587138
0.9377151419430608,0.49934764559364253,1.0,0.0013263247724788765
0.9377151419430608,0.499385338710721,1.0,0.001326324808099041
0.9377151419430608,0.49939072390626854,1.0,0.0013263248437192076
0.9377151419430608,0.49939610921796146,1.0,0.001326324879339376
0.9377151419430608,0.49942842352738176,1.0,0.0013263249149595463
0.9377151419430608,0.4994391958931884,1.0,0.0013263249505797187
0.9377151419430608,0.4994499687237117,1.0,0.0013263249861998928
0.9377151419430608,0.4994607420189819,1.0,0.001326325021820069
0.9377151419430608,0.4994769028333531,1.0,0.001326325057440247
0.9377151419430608,0.49948229000388283,1.0,0.0013263250930604267
0.9377151419430608,0.4994876772906218,1.0,0.0013263251286806086
0.9377151419430608,0.4995146154675871,1.0,0.0013263251643007923
0.9377151419430608,0.4995253915519696,1.0,0.001326325199920978
0.9377151419430608,0.4995361681013095,1.0,0.0013263252355411655
0.9377151419430608,0.49954694511563685,1.0,0.001326325271161355
0.9377151419430608,0.4995900578234228,1.0,0.0013263253067815465
0.9377151419430608,0.49962239723810553,1.0,0.0013263253424017397
0.9377151419430608,0.49962778754760545,1.0,0.001326325378021935
0.9377151419430608,0.49963317797341616,1.0,0.0013263254136421322
0.9376948932895962,0.4996331700580454,1.0,0.0013263254492623313
0.9376948932895962,0.499638560716405,1.0,0.001326325484882532
0.9376948932895962,0.49965473338943917,1.0,0.001326325520502735
0.9376948932895962,0.49966012451311487,1.0,0.0013263255561229397
0.9376948932895962,0.49966551575312906,1.0,0.0013263255917431464
0.9376948932895962,0.4996816901712399,1.0,0.001326325627363355
0.9376948932895962,0.4996870818766455,1.0,0.0013263256629835656
0.9376948932895962,0.4996924736984084,1.0,0.001326325698603778
0.9376543959826672,0.49994062078272605,1.0,0.0013263257342239925
0.9376543959826672,0.49994601831058905,1.0,0.0013263257698442087
0.9376543959826672,0.4999568137159638,1.0,0.0013263258054644269
0.9376543959826672,0.4999784059254141,1.0,0.001326325841084647
0.9376543959826672,0.49998380426919464,1.0,0.001326325876704869
0.9376543959826672,0.49998920272955,1.0,0.0013263259123250928
0.9376341473292026,0.5001134019505136,1.0,0.0013263259479453188
0.9376341473292026,0.5001188033264932,1.0,0.0013263259835655464
0.9376341473292026,0.500124204819147,1.0,0.001326326019185776
0.9376341473292026,0.5001620185349204,1.0,0.0013263260548060077
0.9376341473292026,0.5001728235039965,1.0,0.0013263260904262412
0.9376341473292026,0.5001890318329607,1.0,0.0013263261260464765
0.9376341473292026,0.5002052412124355,1.0,0.001326326161666714
0.9376341473292026,0.5002160480490861,1.0,0.0013263261972869531
0.9376341473292026,0.5002214516425231,1.0,0.0013263262329071942
0.9375936500222736,0.5002268651556727,1.0,0.0013263262685274373
0.9375936500222736,0.5002322692162264,1.0,0.0013263263041476824
0.9375936500222736,0.500243077687629,1.0,0.0013263263397679291
0.937573401368809,0.5002484874675885,1.0,0.0013263263753881779
0.937573401368809,0.5002592968733118,1.0,0.0013263264110084287
0.937573401368809,0.5002647017513532,1.0,0.0013263264466286812
0.937573401368809,0.5002755118578143,1.0,0.0013263264822489357
0.937573401368809,0.5002809170862416,1.0,0.0013263265178691923
0.937573401368809,0.5002971334723558,1.0,0.0013263265534894505
0.937573401368809,0.5003025391680173,1.0,0.001326326589109711
0.937573401368809,0.5003079449804968,1.0,0.0013263266247299731
0.9375329040618798,0.5008870810705554,1.0,0.0013263266603502372
0.9375329040618798,0.5009304338418262,1.0,0.001326326695970503
0.9375329040618798,0.500946693065879,1.0,0.001326326731590771
0.9375329040618798,0.5009521130417848,1.0,0.0013263267672110409
0.9375329040618798,0.5009575331349743,1.0,0.0013263268028313126
0.9375329040618798,0.5009629533454514,1.0,0.0013263268384515864
0.9375329040618798,0.5009683736732199,1.0,0.0013263268740718618
0.9375329040618798,0.5009737941182836,1.0,0.0013263269096921394
0.9375126554084153,0.500973815191517,1.0,0.001326326945312419
0.9375126554084153,0.5009792358714117,1.0,0.0013263269809327002
0.9375126554084153,0.5009846566686144,1.0,0.0013263270165529834
0.9375126554084153,0.5010226055339733,1.0,0.0013263270521732685
0.9375126554084153,0.5010388710934118,1.0,0.0013263270877935556
0.9375126554084153,0.5010551377089985,1.0,0.0013263271234138444
0.9375126554084153,0.5010659827061892,1.0,0.0013263271590341354
0.9375126554084153,0.5010768281728553,1.0,0.0013263271946544282
0.9375126554084153,0.5010822510822511,1.0,0.0013263272302747229
0.9375126554084153,0.5010876741090271,1.0,0.0013263272658950195
0.9375126554084153,0.5010930972531873,1.0,0.0013263273015153181
0.9375126554084153,0.5010985205147354,1.0,0.0013263273371356184
0.9375126554084153,0.5011744585042702,1.0,0.001326327372755921
0.9375126554084153,0.5011907339250921,1.0,0.0013263274083762252
0.9375126554084153,0.5011961593002738,1.0,0.0013263274439965314
0.9375126554084153,0.5012015847929161,1.0,0.0013263274796168395
0.9375126554084153,0.5012070104030224,1.0,0.0013263275152371494
0.9375126554084153,0.5012124361305967,1.0,0.0013263275508574614
0.9375126554084153,0.5012178619756428,1.0,0.0013263275864777752
0.9375126554084153,0.5012287140181655,1.0,0.001326327622098091
0.9375126554084153,0.5012395665306211,1.0,0.0013263276577184086
0.9374316607945572,0.5016959438225381,1.0,0.0013263276933387282
0.9374316607945572,0.5017068175168243,1.0,0.0013263277289590498
0.9374316607945572,0.5017122545407257,1.0,0.001326327764579373
0.9374316607945572,0.5017176916824708,1.0,0.0013263278001996984
0.9374316607945572,0.5017340038148084,1.0,0.0013263278358200258
0.9374316607945572,0.5017557549746391,1.0,0.0013263278714403547
0.9374316607945572,0.5017611930592736,1.0,0.0013263279070606859
0.9374316607945572,0.5017666312617866,1.0,0.001326327942681019
0.9374316607945572,0.5017720695821818,1.0,0.0013263279783013537
0.9374316607945572,0.5017775080204631,1.0,0.0013263280139216905
0.9374316607945572,0.5017829465766341,1.0,0.0013263280495420292
0.9374316607945572,0.5017938240426616,1.0,0.0013263280851623699
0.9374316607945572,0.5017992629525255,1.0,0.0013263281207827125
0.9374316607945572,0.5018047019802946,1.0,0.0013263281564030568
0.9374316607945572,0.5018101411259728,1.0,0.0013263281920234034
0.9374316607945572,0.501815580389564,1.0,0.0013263282276437516
0.9374316607945572,0.5018482184474965,1.0,0.0013263282632641018
0.9374316607945572,0.5018536585365854,1.0,0.001326328298884454
0.9374316607945572,0.5020278036825783,1.0,0.0013263283345048078
0.9374316607945572,0.5020332476658317,1.0,0.001326328370125164
0.9374316607945572,0.5020386917671553,1.0,0.0013263284057455217
0.9374316607945572,0.5020441359865532,1.0,0.0013263284413658814
0.9374316607945572,0.5020604693532296,1.0,0.0013263284769862431
0.9374316607945572,0.5020659140449621,1.0,0.0013263285126066068
0.9374316607945572,0.5020822488287351,1.0,0.0013263285482269722
0.9374316607945572,0.5020876939928639,1.0,0.0013263285838473395
0.9374316607945572,0.5020931392751014,1.0,0.001326328619467709
0.9374316607945572,0.5020985846754514,1.0,0.0013263286550880802
0.9374316607945572,0.5021149215852151,1.0,0.0013263286907084534
0.9374114121410926,0.5021694326933507,1.0,0.0013263287263288283
0.9374114121410926,0.5021748798663614,1.0,0.0013263287619492054
0.9374114121410926,0.5021803271575476,1.0,0.0013263287975695843
0.9374114121410926,0.5021857745669129,1.0,0.001326328833189965
0.9374114121410926,0.5021912220944612,1.0,0.0013263288688103478
0.9374114121410926,0.5021966697401964,1.0,0.0013263289044307324
0.9374114121410926,0.5022021175041221,1.0,0.0013263289400511189
0.9374114121410926,0.502251152698671,1.0,0.0013263289756715074
0.9374114121410926,0.5022566016447154,1.0,0.0013263290112918978
0.9374114121410926,0.5022620507089929,1.0,0.00132632904691229
0.9374114121410926,0.5022674998915072,1.0,0.0013263290825326843
0.9374114121410926,0.5022729491922622,1.0,0.0013263291181530804
0.9374114121410926,0.5022783986112618,1.0,0.0013263291537734783
0.9374114121410926,0.5022838481485098,1.0,0.0013263291893938784
0.9374114121410926,0.5022892978040101,1.0,0.0013263292250142802
0.9374114121410926,0.5022947475777665,1.0,0.001326329260634684
0.9373709148341636,0.5023984198645598,1.0,0.0013263292962550897
0.9373709148341636,0.5024202300846538,1.0,0.0013263293318754971
0.9373709148341636,0.5024256829355648,1.0,0.0013263293674959068
0.9373709148341636,0.5024365889924786,1.0,0.0013263294031163181
0.9373709148341636,0.502447495522874,1.0,0.0013263294387367314
0.9373709148341636,0.502452948965637,1.0,0.0013263294743571467
0.9373709148341636,0.502458402526782,1.0,0.0013263295099775639
0.9373709148341636,0.5024911263798887,1.0,0.001326329545597983
0.9373709148341636,0.5025238544957176,1.0,0.001326329581218404
0.9373709148341636,0.5025402201524132,1.0,0.0013263296168388268
0.9373709148341636,0.502545675608194,1.0,0.0013263296524592518
0.9373709148341636,0.5025511311824221,1.0,0.0013263296880796783
0.9373709148341636,0.5025620426862366,1.0,0.001326329723700107
0.9373709148341636,0.5025674986158306,1.0,0.0013263297593205377
0.9373709148341636,0.5025729546638874,1.0,0.00132632979494097
0.9373709148341636,0.5026002366812512,1.0,0.0013263298305614044
0.9373709148341636,0.5026056934401668,1.0,0.0013263298661818407
0.937350666180699,0.5027258313242545,1.0,0.001326329901802279
0.937350666180699,0.5027312909286389,1.0,0.001326329937422719
0.937350666180699,0.5027367506516073,1.0,0.001326329973043161
0.937350666180699,0.5027476704533114,1.0,0.0013263300086636051
0.937350666180699,0.5027640510453435,1.0,0.001326330044284051
0.937350666180699,0.5027695114798966,1.0,0.0013263300799044987
0.937350666180699,0.5027749720330608,1.0,0.0013263301155249482
0.937350666180699,0.5027804327048397,1.0,0.0013263301511454
0.937350666180699,0.5027913544042576,1.0,0.0013263301867658533
0.937350666180699,0.5027968154319044,1.0,0.001326330222386309
0.937350666180699,0.5028022765781813,1.0,0.0013263302580067663
0.937350666180699,0.5028131992266418,1.0,0.0013263302936272255
0.937350666180699,0.5028186607288329,1.0,0.0013263303292476865
0.937350666180699,0.5028295840891563,1.0,0.0013263303648681497
0.937350666180699,0.5028405079240938,1.0,0.0013263304004886146
0.937350666180699,0.5028514322336762,1.0,0.0013263304361090815
0.937350666180699,0.502856894566469,1.0,0.0013263304717295503
0.937350666180699,0.5029880261642437,1.0,0.001326330507350021
0.937350666180699,0.5029934914650179,1.0,0.0013263305429704938
0.937350666180699,0.5029989568845619,1.0,0.0013263305785909682
0.937350666180699,0.5030208197505107,1.0,0.0013263306142114449
0.937350666180699,0.5030262857639606,1.0,0.0013263306498319232
0.937350666180699,0.5030317518962032,1.0,0.0013263306854524035
0.937350666180699,0.5030372181472426,1.0,0.0013263307210728858
0.9372899202203053,0.5032069400356568,1.0,0.0013263307566933698
0.9372899202203053,0.5032124104493026,1.0,0.001326330792313856
0.9372899202203053,0.503245235429056,1.0,0.0013263308279343438
0.9372899202203053,0.5032507066753642,1.0,0.0013263308635548337
0.9372899202203053,0.5032561780406397,1.0,0.0013263308991753255
0.9372899202203053,0.5032616495248864,1.0,0.0013263309347958192
0.9372899202203053,0.503299953246132,1.0,0.0013263309704163147
0.9372899202203053,0.5033108982374496,1.0,0.0013263310060368121
0.9372899202203053,0.5033273166170107,1.0,0.0013263310416573118
0.9372899202203053,0.5033437360677664,1.0,0.001326331077277813
0.9372899202203053,0.503365630335258,1.0,0.0013263311128983164
0.9372899202203053,0.5033765781832813,1.0,0.0013263311485188214
0.9372899202203053,0.5033820522858758,1.0,0.0013263311841393286
0.9372899202203053,0.5033875265075308,1.0,0.0013263312197598375
0.9372899202203053,0.5033930008482502,1.0,0.0013263312553803484
0.9372899202203053,0.5033984753080378,1.0,0.0013263312910008612
0.9372899202203053,0.5034039498868975,1.0,0.001326331326621376
0.9372899202203053,0.5034094245848332,1.0,0.0013263313622418926
0.9372899202203053,0.5034148994018488,1.0,0.0013263313978624112
0.9372899202203053,0.5034203743379482,1.0,0.0013263314334829317
0.9372899202203053,0.5034258493931353,1.0,0.001326331469103454
0.9372899202203053,0.5034313245674138,1.0,0.0013263315047239784
0.9372899202203053,0.5034367998607878,1.0,0.0013263315403445046
0.9372899202203053,0.5034422752732612,1.0,0.0013263315759650326
0.9372899202203053,0.5034477508048377,1.0,0.0013263316115855628
0.9372899202203053,0.5034806064956818,1.0,0.0013263316472060947
0.9372899202203053,0.5035134664752208,1.0,0.0013263316828266286
0.9372899202203053,0.5035189435554928,1.0,0.0013263317184471644
0.9372899202203053,0.5035244207549222,1.0,0.001326331754067702
0.9372899202203053,0.503562764487669,1.0,0.0013263317896882417
0.9370469363787308,0.5051357340115485,1.0,0.0013263318253087832
0.9369254444579436,0.5055448119134245,1.0,0.0013263318609293266
0.9369254444579436,0.5055558590549031,1.0,0.001326331896549872
0.9369254444579436,0.5055613828066955,1.0,0.0013263319321704192
0.9369254444579436,0.5055669066791953,1.0,0.0013263319677909685
0.9369254444579436,0.5055724306724066,1.0,0.0013263320034115195
0.9369254444579436,0.5055779547863332,1.0,0.0013263320390320724
0.9369254444579436,0.505583479020979,1.0,0.0013263320746526273
0.9369254444579436,0.5056055771668342,1.0,0.0013263321102731842
0.9369254444579436,0.5056111020051358,1.0,0.001326332145893743
0.9369254444579436,0.5056221520439719,1.0,0.0013263321815143035
0.9369254444579436,0.5056276772445144,1.0,0.0013263322171348662
0.9369254444579436,0.5056332025658118,1.0,0.0013263322527554307
0.9369254444579436,0.505638728007868,1.0,0.001326332288375997
0.9369254444579436,0.5056553050586294,1.0,0.0013263323239965654
0.9369254444579436,0.5056608309837606,1.0,0.0013263323596171357
0.9369254444579436,0.5056663570296706,1.0,0.0013263323952377077
0.9369254444579436,0.5056829358921117,1.0,0.0013263324308582817
0.9369254444579436,0.5056995158417031,1.0,0.0013263324664788577
0.9369254444579436,0.5057050427331745,1.0,0.0013263325020994355
0.9369254444579436,0.5057216241324662,1.0,0.0013263325377200154
0.9369254444579436,0.5057658465137124,1.0,0.0013263325733405972
0.9369254444579436,0.5057713748551691,1.0,0.0013263326089611807
0.9369254444579436,0.5057769033174837,1.0,0.0013263326445817662
0.9368849471510144,0.5057937427578215,1.0,0.0013263326802023536
0.9368849471510144,0.50579927194814,1.0,0.001326332715822943
0.9368849471510144,0.5058269197131363,1.0,0.0013263327514435343
0.9368849471510144,0.5058324496288441,1.0,0.0013263327870641276
0.9368849471510144,0.5058545705008364,1.0,0.0013263328226847226
0.9368849471510144,0.5058656316623845,1.0,0.0013263328583053196
0.9368849471510144,0.5058711624245604,1.0,0.0013263328939259185
0.9368849471510144,0.5058766933076764,1.0,0.0013263329295465193
0.9368849471510144,0.505882224311736,1.0,0.0013263329651671222
0.9368849471510144,0.5058877554367436,1.0,0.0013263330007877267
0.9368849471510144,0.5059043495374926,1.0,0.0013263330364083332
0.9368849471510144,0.5059098811463311,1.0,0.001326333072028942
0.9368849471510144,0.5059154128761372,1.0,0.001326333107649552
0.9368849471510144,0.5059320087914011,1.0,0.0013263331432701645
0.9368849471510144,0.5059375410051175,1.0,0.0013263331788907788
0.9368849471510144,0.5059430733398214,1.0,0.0013263332145113948
0.9368849471510144,0.5059596710698977,1.0,0.001326333250132013
0.9368849471510144,0.5059652038885912,1.0,0.001326333285752633
0.9368849471510144,0.5059707368282921,1.0,0.0013263333213732547
0.9368849471510144,0.5059762698890043,1.0,0.0013263333569938785
0.9368646984975499,0.50598746732866,1.0,0.0013263333926145043
0.9368646984975499,0.5059985345421538,1.0,0.0013263334282351319
0.9368646984975499,0.5060040683304534,1.0,0.0013263334638557614
0.9368646984975499,0.506031739087638,1.0,0.0013263334994763928
0.9364799740817236,0.5069994847677618,1.0,0.0013263335350970262
0.9364799740817236,0.5070161590914074,1.0,0.0013263335707176616
0.9364799740817236,0.5070272759165059,1.0,0.0013263336063382986
0.9364799740817236,0.5070328345118675,1.0,0.001326333641958938
0.9364799740817236,0.5070383932291096,1.0,0.0013263336775795789
0.9364799740817236,0.5070717480922726,1.0,0.0013263337132002218
0.9364799740817236,0.5071106676461881,1.0,0.0013263337488208665
0.9364799740817236,0.5071162280701754,1.0,0.0013263337844415133
0.9364799740817236,0.5071217886161032,1.0,0.001326333820062162
0.9364799740817236,0.5071273492839755,1.0,0.0013263338556828127
0.9364799740817236,0.5071551544526444,1.0,0.0013263338913034651
0.9364799740817236,0.5071662773738637,1.0,0.0013263339269241196
0.9364799740817236,0.5071718390174361,1.0,0.0013263339625447757
0.9364799740817236,0.5071829626705269,1.0,0.001326333998165434
0.9364799740817236,0.507188524680053,1.0,0.0013263340337860941
0.9364799740817236,0.507194086811572,1.0,0.0013263340694067561
0.9364799740817236,0.5071996490650874,1.0,0.0013263341050274201
0.9364597254282591,0.5071942446043165,1.0,0.001326334140648086
0.9364394767747944,0.5072500329048392,1.0,0.001326334176268754
0.9364394767747944,0.5072555966261202,1.0,0.0013263342118894235
0.9364394767747944,0.5072611604694527,1.0,0.0013263342475100953
0.9364394767747944,0.5072722885222886,1.0,0.0013263342831307688
0.9364394767747944,0.5072945460927559,1.0,0.0013263343187514443
0.9364394767747944,0.5073056756104517,1.0,0.0013263343543721215
0.9364394767747944,0.5073112405524293,1.0,0.0013263343899928008
0.9364394767747944,0.5073279361109283,1.0,0.001326334425613482
0.9364394767747944,0.5073335015412969,1.0,0.0013263344612341652
0.9364394767747944,0.5073390670937733,1.0,0.0013263344968548502
0.9364394767747944,0.5073446327683616,1.0,0.0013263345324755372
0.9364394767747944,0.5073501985650657,1.0,0.0013263345680962259
0.9364394767747944,0.5073557644838897,1.0,0.0013263346037169167
0.9364192281213299,0.5074060257619978,1.0,0.0013263346393376093
0.9364192281213299,0.5074115930261902,1.0,0.0013263346749583039
0.9364192281213299,0.507444999177045,1.0,0.0013263347105790003
0.9364192281213299,0.5074505672965084,1.0,0.0013263347461996988
0.9364192281213299,0.5074617039020323,1.0,0.0013263347818203992
0.9364192281213299,0.5074672723881006,1.0,0.0013263348174411013
0.9364192281213299,0.5074728409963788,1.0,0.0013263348530618056
0.9364192281213299,0.5074784097268707,1.0,0.0013263348886825117
0.9364192281213299,0.5074839785795804,1.0,0.0013263349243032197
0.9364192281213299,0.5074895475545118,1.0,0.0013263349599239296
0.9364192281213299,0.5074951166516691,1.0,0.0013263349955446413
0.9364192281213299,0.5075006858710562,1.0,0.0013263350311653551
0.9364192281213299,0.5075285338015804,1.0,0.0013263350667860707
0.9364192281213299,0.5075396738295397,1.0,0.0013263351024067882
0.9364192281213299,0.5075619553526352,1.0,0.0013263351380275077
0.9364192281213299,0.5075675260390943,1.0,0.001326335173648229
0.9363989794678654,0.5077515975317859,1.0,0.0013263352092689523
0.9363989794678654,0.507757172502388,1.0,0.0013263352805104047
0.9363787308144008,0.5077629180666271,1.0,0.0013263353161311337
0.9363584821609363,0.5077630885453268,1.0,0.0013263353517518645
0.9363584821609363,0.5077686640093992,1.0,0.0013263353873725974
0.9363584821609363,0.5077742395959153,1.0,0.0013263354229933323
0.9363584821609363,0.5077909670901644,1.0,0.001326335458614069
0.9363584821609363,0.5077965431664946,1.0,0.0013263354942348075
0.9363584821609363,0.5078021193652885,1.0,0.001326335529855548
0.9363584821609363,0.5078300021963541,1.0,0.0013263355654762905
0.9363584821609363,0.5078355791300146,1.0,0.0013263356010970347
0.9363584821609363,0.5078411561861671,1.0,0.001326335636717781
0.9363584821609363,0.5078467333648155,1.0,0.0013263356723385291
0.9363584821609363,0.5078523106659638,1.0,0.0013263357435800312
0.9363584821609363,0.5078578880896162,1.0,0.0013263357792007852
0.9363584821609363,0.507869043304449,1.0,0.0013263358148215409
0.9363584821609363,0.5078746210956376,1.0,0.0013263358504422985
0.9363584821609363,0.5078913552043405,1.0,0.0013263358860630583
0.9363584821609363,0.5078969334856339,1.0,0.0013263359216838199
0.9363584821609363,0.5079025118894637,1.0,0.0013263359573045831
0.9363584821609363,0.5079080904158337,1.0,0.0013263359929253486
0.9363584821609363,0.5079359848859305,1.0,0.001326336028546116
0.9363584821609363,0.5079415641476274,1.0,0.0013263360641668851
0.9363584821609363,0.507947143531893,1.0,0.0013263360997876562
0.9363584821609363,0.5079527230387311,1.0,0.0013263361354084293
0.9363584821609363,0.5079583026681459,1.0,0.0013263361710292043
0.9358320171708582,0.5102678472850929,1.0,0.001326336206649981
0.9358320171708582,0.5102734810594769,1.0,0.0013263362422707599
0.9358320171708582,0.5102791149582653,1.0,0.0013263362778915405
0.9358320171708582,0.5103185557334511,1.0,0.001326336313512323
0.9358320171708582,0.5103241906276225,1.0,0.0013263363491331076
0.9358320171708582,0.5103354607892935,1.0,0.0013263363847538941
0.9358320171708582,0.5103410960568014,1.0,0.0013263364203746823
0.9358320171708582,0.5103467314487633,1.0,0.0013263364559954727
0.9358320171708582,0.5103523669651829,1.0,0.0013263364916162648
0.9358320171708582,0.5103692742612306,1.0,0.001326336527237059
0.9358320171708582,0.5103749102755232,1.0,0.001326336562857855
0.9358320171708582,0.510386182677548,1.0,0.0013263365984786527
0.9358320171708582,0.5103918190652884,1.0,0.0013263366340994526
0.9358320171708582,0.5103974555775198,1.0,0.0013263366697202543
0.9358320171708582,0.5104030922142463,1.0,0.001326336705341058
0.9358320171708582,0.5104087289754718,1.0,0.0013263367409618635
0.9358320171708582,0.5104594654296444,1.0,0.001326336776582671
0.9358320171708582,0.5104651034360883,1.0,0.0013263368122034803
0.9358320171708582,0.5104707415670768,1.0,0.0013263368478242917
0.9358320171708582,0.5104932953365586,1.0,0.0013263368834451048
0.9358320171708582,0.5107302302966008,1.0,0.00132633691906592
0.9358320171708582,0.5107471626385528,1.0,0.001326336954686737
0.9358320171708582,0.5107528070020334,1.0,0.001326336990307556
0.9358320171708582,0.5107584514902693,1.0,0.0013263370259283768
0.9358320171708582,0.5107697408410233,1.0,0.0013263370615491997
0.9358320171708582,0.5107753857035497,1.0,0.0013263370971700243
0.9358320171708582,0.510781030690848,1.0,0.001326337132790851
0.9358320171708582,0.5107979664014147,1.0,0.0013263371684116795
0.9358320171708582,0.5108036118878414,1.0,0.0013263372040325098
0.935791519863929,0.5108097353935938,1.0,0.0013263372396533422
0.935791519863929,0.5108210275002211,1.0,0.0013263372752741764
0.935791519863929,0.5108266737407567,1.0,0.0013263373108950126
0.935791519863929,0.5108323201061126,1.0,0.0013263373465158507
0.935791519863929,0.5108379665962927,1.0,0.0013263373821366907
0.935791519863929,0.5108436132113012,1.0,0.0013263374177575327
0.935791519863929,0.5108492599511424,1.0,0.0013263374533783764
0.935791519863929,0.5108605538053391,1.0,0.001326337488999222
0.9357105252500709,0.5108841055575823,1.0,0.0013263375246200697
0.9357105252500709,0.5108897536815107,1.0,0.0013263375602409193
0.9357105252500709,0.5109066988026402,1.0,0.0013263375958617709
0.9357105252500709,0.5109123474261454,1.0,0.0013263376314826241
0.9357105252500709,0.5109405924173236,1.0,0.0013263376671034796
0.9357105252500709,0.5109462417903187,1.0,0.0013263377027243368
0.9356902765966063,0.5110368928603026,1.0,0.0013263377383451959
0.9356902765966063,0.5110481962354294,1.0,0.001326337773966057
0.9356902765966063,0.5110538481105052,1.0,0.0013263378095869198
0.9356902765966063,0.5110651522357027,1.0,0.0013263378452077848
0.9356902765966063,0.5110708044858324,1.0,0.0013263378808286515
0.9356295306362127,0.5113373540640734,1.0,0.0013263379164495201
0.9356295306362127,0.5113713077833973,1.0,0.0013263379520703908
0.9356295306362127,0.5114109261554808,1.0,0.0013263379876912633
0.9356295306362127,0.5114222468179302,1.0,0.0013263380233121378
0.9356295306362127,0.5114279073371039,1.0,0.001326338058933014
0.9356295306362127,0.5114335679815823,1.0,0.0013263380945538923
0.9356295306362127,0.5114392287513697,1.0,0.0013263381301747725
0.9356295306362127,0.511450550666888,1.0,0.0013263381657956546
0.9356092819827482,0.5114960978579731,1.0,0.0013263382014165387
0.9356092819827482,0.5115074225366145,1.0,0.0013263382370374247
0.9356092819827482,0.5115130850639862,1.0,0.0013263382726583124
0.9356092819827482,0.5115187477167307,1.0,0.0013263383082792021
0.9356092819827482,0.5115357364272429,1.0,0.0013263383439000938
0.9356092819827482,0.5115413995815205,1.0,0.0013263383795209874
0.9356092819827482,0.5115470628611917,1.0,0.001326338415141883
0.9356092819827482,0.5115527262662607,1.0,0.0013263384507627802
0.9356092819827482,0.511564053452609,1.0,0.0013263384863836795
0.9356092819827482,0.5115697172338965,1.0,0.0013263385220045807
0.9356092819827482,0.5116093672147484,1.0,0.0013263385576254838
0.9356092819827482,0.5116150319994686,1.0,0.001326338593246389
0.9356092819827482,0.5116490233423395,1.0,0.001326338628867296
0.9356092819827482,0.511654689005282,1.0,0.0013263386644882047
0.9356092819827482,0.5116603547937014,1.0,0.0013263387001091155
0.9355282873688899,0.5119732278403865,1.0,0.0013263387357300284
0.9355282873688899,0.5119789011768356,1.0,0.0013263387713509428
0.9355282873688899,0.5119845746390221,1.0,0.0013263388069718594
0.9355282873688899,0.5119902482269504,1.0,0.001326338842592778
0.9355282873688899,0.5120015957800483,1.0,0.0013263388782136982
0.9355282873688899,0.5120072697452265,1.0,0.0013263389138346204
0.9355282873688899,0.5120129438361629,1.0,0.0013263389494555446
0.9355282873688899,0.5120356414575761,1.0,0.0013263389850764707
0.9355282873688899,0.5120583410914572,1.0,0.0013263390206973988
0.9355282873688899,0.512064016314407,1.0,0.0013263390563183286
0.9355282873688899,0.5120753671377113,1.0,0.0013263390919392604
0.9355282873688899,0.5120810427380741,1.0,0.0013263391275601943
0.9355282873688899,0.5120867184642497,1.0,0.00132633916318113
0.9355282873688899,0.5121037463976945,1.0,0.0013263391988020674
0.9355080387154254,0.5121096910781782,1.0,0.001326339234423007
0.9355080387154254,0.5121153675622949,1.0,0.0013263392700439483
0.9355080387154254,0.5121210441722551,1.0,0.0013263393056648918
0.9355080387154254,0.5121267209080631,1.0,0.001326339341285837
0.9355080387154254,0.5121380747572385,1.0,0.0013263393769067842
0.9355080387154254,0.5121778171941689,1.0,0.001326339412527733
0.9355080387154254,0.5121891733090917,1.0,0.0013263394481486841
0.9355080387154254,0.5121948515553979,1.0,0.001326339483769637
0.9355080387154254,0.5122062084257206,1.0,0.0013263395193905917
0.9355080387154254,0.5122118870497455,1.0,0.0013263395550115484
0.9355080387154254,0.5122686802159908,1.0,0.001326339590632507
0.9355080387154254,0.5122743602253071,1.0,0.0013263396262534677
0.9355080387154254,0.5122800403605842,1.0,0.00132633966187443
0.9355080387154254,0.512285720621826,1.0,0.0013263396974953945
0.9355080387154254,0.5123141238176556,1.0,0.0013263397331163608
0.9355080387154254,0.5123254859778884,1.0,0.001326339768737329
0.9354877900619609,0.5123371222622678,1.0,0.001326339804358299
0.9354877900619609,0.5123428039124359,1.0,0.001326339839979271
0.9354877900619609,0.5123484856886208,1.0,0.001326339875600245
0.9354877900619609,0.5123541675908264,1.0,0.0013263399112212208
0.9354877900619609,0.5124280437893055,1.0,0.0013263399468421986
0.9354877900619609,0.5124337274562435,1.0,0.0013263399824631782
0.9354877900619609,0.5124735166553893,1.0,0.0013263400180841597
0.9354877900619609,0.512490571060922,1.0,0.0013263400537051433
0.9354877900619609,0.5124962561150121,1.0,0.0013263400893261286
0.9354877900619609,0.5125019412952322,1.0,0.001326340124947116
0.9354877900619609,0.5125076266015863,1.0,0.0013263401605681053
0.9354877900619609,0.5125133120340788,1.0,0.0013263401961890963
0.9354877900619609,0.5125303690884281,1.0,0.0013263402318100894
0.9354877900619609,0.5125417410887629,1.0,0.0013263402674310845
0.9354877900619609,0.5125474272781735,1.0,0.0013263403030520813
0.9354877900619609,0.5125531135937518,1.0,0.0013263403742940808
0.9354877900619609,0.5125588000355019,1.0,0.0013263404099150835
0.9354877900619609,0.5125701732975347,1.0,0.001326340445536088
0.9354877900619609,0.5125758601178259,1.0,0.0013263404811570945
0.9345158546956628,0.5164611356057385,1.0,0.0013263405167781028
0.9345158546956628,0.5165189363416599,1.0,0.001326340552399113
0.9345158546956628,0.5165247171268369,1.0,0.0013263405880201253
0.9345158546956628,0.5165362790853842,1.0,0.0013263406236411395
0.9345158546956628,0.5165420602587635,1.0,0.0013263406592621554
0.9345158546956628,0.5165536229937546,1.0,0.0013263406948831734
0.9345158546956628,0.5165767500167894,1.0,0.0013263407305041932
0.9345158546956628,0.5166114444344945,1.0,0.001326340766125215
0.9345158546956628,0.5166172272905356,1.0,0.0013263408017462387
0.9345158546956628,0.5166230102760427,1.0,0.0013263408373672641
0.9345158546956628,0.5166519271457197,1.0,0.0013263408729882918
0.9345158546956628,0.5166634948000045,1.0,0.001326340908609321
0.9345158546956628,0.5166866316626177,1.0,0.0013263409442303524
0.9345158546956628,0.5167097705975212,1.0,0.0013263409798513856
0.9345158546956628,0.5167560546853132,1.0,0.0013263410154724208
0.9345158546956628,0.516761840779308,1.0,0.001326341051093458
0.9345158546956628,0.5167676270028776,1.0,0.0013263410867144969
0.9345158546956628,0.5167734133560263,1.0,0.0013263411223355377
0.9345158546956628,0.5167907731929903,1.0,0.0013263411579565805
0.9345158546956628,0.5168139214566466,1.0,0.0013263411935776253
0.9345158546956628,0.5168197088465846,1.0,0.001326341229198672
0.9345158546956628,0.5168254963661407,1.0,0.0013263412648197204
0.9345158546956628,0.5168312840153195,1.0,0.001326341300440771
0.9345158546956628,0.5168544359083477,1.0,0.0013263413360618233
0.9345158546956628,0.5168602242057048,1.0,0.0013263413716828776
0.9344956060421982,0.5169416535053821,1.0,0.0013263414073039338
0.9344956060421982,0.5169474438818944,1.0,0.001326341478546052
0.9344956060421982,0.5169532343881266,1.0,0.0013263415141671138
0.9344956060421982,0.5169590250240832,1.0,0.0013263415497881776
0.9344956060421982,0.5169648157897685,1.0,0.0013263415854092434
0.9344956060421982,0.5169821888652403,1.0,0.0013263416210303111
0.9344956060421982,0.5169995631084275,1.0,0.0013263416566513808
0.9344956060421982,0.5170053547823359,1.0,0.0013263416922724522
0.9344956060421982,0.517016938519448,1.0,0.0013263417278935256
0.9344956060421982,0.5170459001333199,1.0,0.0013263417635146011
0.9344956060421982,0.5170632786591378,1.0,0.0013263417991356782
0.9344956060421982,0.5170806583532206,1.0,0.0013263418347567574
0.9344956060421982,0.5170864518442164,1.0,0.0013263418703778386
0.9344956060421982,0.5170922454650368,1.0,0.0013263419059989215
0.9344956060421982,0.5170980392156863,1.0,0.0013263419772410931
0.9344956060421982,0.5171096271064898,1.0,0.001326342012862182
0.9344956060421982,0.5171270099165219,1.0,0.0013263420484832726
0.9344956060421982,0.5171328044462373,1.0,0.001326342084104365
0.9344956060421982,0.5171385991058122,1.0,0.0013263421197254597
0.9344956060421982,0.5171443938952511,1.0,0.001326342155346556
0.9344956060421982,0.5171501888145583,1.0,0.0013263422265887544
0.9344956060421982,0.5171559838637383,1.0,0.0013263422622098566
0.9344956060421982,0.5171617790427951,1.0,0.0013263422978309605
0.9344956060421982,0.5171675743517335,1.0,0.0013263423334520666
0.9344956060421982,0.5171733697905577,1.0,0.0013263423690731745
0.9344956060421982,0.517179165359272,1.0,0.0013263424046942843
0.9344956060421982,0.5172429251891286,1.0,0.0013263424403153958
0.9344753573887337,0.517353481906641,1.0,0.0013263424759365095
0.9344753573887337,0.5173592816385099,1.0,0.001326342511557625
0.9344753573887337,0.5173650815004148,1.0,0.0013263425471787425
0.9344753573887337,0.5173882822484809,1.0,0.0013263425827998619
0.9344753573887337,0.5173998834028432,1.0,0.001326342618420983
0.9344753573887337,0.5174346899876667,1.0,0.0013263426540421062
0.9344348600818045,0.5174354719350571,1.0,0.0013263426896632314
0.9344348600818045,0.5174470757086473,1.0,0.0013263427252843583
0.9344348600818045,0.5174528777906103,1.0,0.0013263427609054872
0.9344348600818045,0.5174586800026911,1.0,0.001326342796526618
0.9344348600818045,0.5174644823448941,1.0,0.0013263428321477508
0.9344348600818045,0.5174702848172236,1.0,0.0013263428677688853
0.9344348600818045,0.517476087419684,1.0,0.001326342903390022
0.93441461142834,0.5175809508854967,1.0,0.0013263429390111604
0.93441461142834,0.5175867560959196,1.0,0.0013263429746323007
0.93441461142834,0.517592561436567,1.0,0.001326343010253443
0.93441461142834,0.5175983669074431,1.0,0.0013263430458745873
0.93441461142834,0.5176099782398995,1.0,0.0013263430814957333
0.93441461142834,0.517633202467751,1.0,0.0013263431171168815
0.93441461142834,0.5176390088503516,1.0,0.0013263431527380314
0.93441461142834,0.5176564287797546,1.0,0.0013263431883591833
0.93441461142834,0.517662235683437,1.0,0.001326343223980337
0.93441461142834,0.5176680427174011,1.0,0.0013263432596014927
0.93441461142834,0.5176738498816509,1.0,0.0013263432952226504
0.93441461142834,0.5176796571761908,1.0,0.0013263433308438098
0.93441461142834,0.5176854646010254,1.0,0.0013263433664649712
0.93441461142834,0.5176970798415957,1.0,0.0013263434020861346
0.93441461142834,0.5177377372885159,1.0,0.0013263434377072999
0.93441461142834,0.5177435460165375,1.0,0.0013263434733284671
0.93441461142834,0.5177493548749018,1.0,0.0013263435089496361
0.93441461142834,0.5177784011220197,1.0,0.001326343544570807
0.93441461142834,0.5177900205334202,1.0,0.0013263435801919802
0.93441461142834,0.5178016404663323,1.0,0.0013263436158131548
0.93441461142834,0.5178190713436118,1.0,0.0013263436514343316
0.93441461142834,0.5178365033944903,1.0,0.0013263436870555104
0.93441461142834,0.5178481254138004,1.0,0.0013263437226766909
0.93441461142834,0.5178539366190861,1.0,0.0013263437582978733
0.9343943627748754,0.5178485259956683,1.0,0.0013263437939190577
0.9343741141214109,0.517860549676232,1.0,0.001326343829540244
0.9343741141214109,0.5178663614122506,1.0,0.0013263439007826223
0.9343741141214109,0.517877985275633,1.0,0.0013263439364038145
0.9343538654679464,0.5179597701149425,1.0,0.0013263439720250085
0.9343538654679464,0.5179655842042049,1.0,0.0013263440076462043
0.9343538654679464,0.5179772127743166,1.0,0.0013263440432674022
0.9343538654679464,0.5179830272551749,1.0,0.0013263440788886017
0.9343538654679464,0.517994656608518,1.0,0.0013263441145098035
0.9343538654679464,0.5180121016176652,1.0,0.001326344150131007
0.9343538654679464,0.5180179168818339,1.0,0.0013263441857522124
0.9343538654679464,0.5180237322765697,1.0,0.0013263442213734197
0.9342323735471592,0.518888401543012,1.0,0.001326344256994629
0.9342323735471592,0.5188942372576364,1.0,0.0013263442926158401
0.9342323735471592,0.5189000731035258,1.0,0.0013263443282370531
0.9342323735471592,0.5189117451891174,1.0,0.0013263443994794852
0.9342323735471592,0.5189175814288285,1.0,0.001326344435100704
0.9342323735471592,0.5189234177998223,1.0,0.0013263444707219247
0.9342323735471592,0.5189292543021032,1.0,0.0013263445063431474
0.9342323735471592,0.5189350909356758,1.0,0.001326344541964372
0.9342323735471592,0.5189642760730676,1.0,0.0013263445775855984
0.9342323735471592,0.5189701134944827,1.0,0.0013263446132068268
0.9342323735471592,0.5189876265466816,1.0,0.0013263446488280572
0.9342323735471592,0.5190284949321093,1.0,0.0013263446844492895
0.9342323735471592,0.5190343337983171,1.0,0.0013263447200705235
0.9342323735471592,0.5190401727958961,1.0,0.0013263447556917595
0.9342323735471592,0.5190460119248509,1.0,0.0013263447913129975
0.9342323735471592,0.5190810494577202,1.0,0.0013263448269342374
0.9342323735471592,0.5190985699980873,1.0,0.0013263448625554792
0.9342323735471592,0.519104410441044,1.0,0.001326344898176723
0.9342323735471592,0.5191160917212359,1.0,0.0013263449337979686
0.9342323735471592,0.5191219325584797,1.0,0.001326344969419216
0.9342323735471592,0.5191277735271614,1.0,0.0013263450050404655
0.9342323735471592,0.5191336146272855,1.0,0.0013263450406617169
0.9342323735471592,0.5191394558588563,1.0,0.0013263450762829702
0.9342323735471592,0.5191511387163561,1.0,0.0013263451119042253
0.9342323735471592,0.5191569803422939,1.0,0.0013263451475254825
0.9342323735471592,0.5191628220996962,1.0,0.0013263451831467415
0.9342323735471592,0.5196715587443542,1.0,0.0013263452187680025
0.9342121248936945,0.5197012706136793,1.0,0.0013263452543892651
0.9342121248936945,0.5197071247535905,1.0,0.00132634529001053
0.9342121248936945,0.5197129790253903,1.0,0.0013263453256317967
0.9342121248936945,0.5197188334290832,1.0,0.0013263453612530653
0.9342121248936945,0.5197246879646735,1.0,0.0013263453968743357
0.9342121248936945,0.5197305426321659,1.0,0.0013263454324956082
0.9342121248936945,0.5197422523628744,1.0,0.0013263454681168825
0.9342121248936945,0.5197481074260994,1.0,0.0013263455037381586
0.9342121248936945,0.5197539626212444,1.0,0.001326345539359437
0.9342121248936945,0.519794952681388,1.0,0.001326345574980717
0.9342121248936945,0.5198008089320519,1.0,0.001326345610601999
0.9342121248936945,0.5198066653146759,1.0,0.0013263456462232828
0.9342121248936945,0.5198125218292642,1.0,0.0013263456818445685
0.9342121248936945,0.519841806381828,1.0,0.0013263457174658563
0.9342121248936945,0.5198476636882965,1.0,0.0013263457530871459
0.9342121248936945,0.5198593786972248,1.0,0.0013263457887084374
0.9342121248936945,0.5198945268922619,1.0,0.0013263458243297308
0.9342121248936945,0.5199062440134774,1.0,0.0013263458599510262
0.9342121248936945,0.5199296798404274,1.0,0.0013263458955723236
0.9342121248936945,0.519958977595456,1.0,0.0013263459311936227
0.93419187624023,0.5201997992986729,1.0,0.0013263459668149237
0.93419187624023,0.5202115304385084,1.0,0.0013263460024362267
0.93419187624023,0.5202173962068422,1.0,0.0013263460380575317
0.93419187624023,0.5202525935949481,1.0,0.0013263460736788386
0.93419187624023,0.5202584602893583,1.0,0.0013263461093001474
0.93419187624023,0.520293663234581,1.0,0.001326346144921458
0.93419187624023,0.5202995308552869,1.0,0.0013263461805427706
0.93419187624023,0.5203053986083387,1.0,0.001326346216164085
0.93419187624023,0.5203582143421083,1.0,0.0013263462517854015
0.93419187624023,0.5204345226680503,1.0,0.00132634628740672
0.93419187624023,0.5204403934662937,1.0,0.00132634632302804
0.93419187624023,0.5204462643969903,1.0,0.0013263463586493623
0.93419187624023,0.5204521354601448,1.0,0.0013263463942706864
0.93419187624023,0.5204580066557617,1.0,0.0013263464298920123
0.93419187624023,0.5204697494444006,1.0,0.0013263464655133403
0.93419187624023,0.5204814927629426,1.0,0.00132634650113467
0.93419187624023,0.5204991087344029,1.0,0.0013263465367560018
0.93419187624023,0.5205049809898801,1.0,0.0013263465723773354
0.93419187624023,0.52051085337786,1.0,0.0013263466079986709
0.93419187624023,0.5205167258983472,1.0,0.0013263466792413478
0.93419187624023,0.520522598551346,1.0,0.001326346714862689
0.93419187624023,0.5205460904885479,1.0,0.0013263467504840323
0.93419187624023,0.5205519638041725,1.0,0.0013263467861053774
0.9341311302798364,0.5205768514652614,1.0,0.0013263468217267244
0.9341311302798364,0.5205827258570493,1.0,0.0013263468573480733
0.9341311302798364,0.5205886003814166,1.0,0.0013263468929694243
0.9341311302798364,0.5205944750383678,1.0,0.001326346928590777
0.9340298870125137,0.5207437260812138,1.0,0.0013263469642121315
0.9340096383590492,0.5207383156468729,1.0,0.0013263469998334883
0.9340096383590492,0.5207559524481524,1.0,0.0013263470354548468
0.9340096383590492,0.5207794700416606,1.0,0.001326347071076207
0.9340096383590492,0.5207853497719369,1.0,0.0013263471066975695
0.9339893897055845,0.5207975792611327,1.0,0.0013263471423189336
0.9339893897055845,0.5208093399272858,1.0,0.0013263471779403
0.9339083950917264,0.5208523901480503,1.0,0.001326347213561668
0.9339083950917264,0.5208641543100431,1.0,0.001326347249183038
0.9339083950917264,0.5208700365903239,1.0,0.0013263472848044097
0.9339083950917264,0.5208759190034671,1.0,0.0013263473204257836
0.9339083950917264,0.520881801549477,1.0,0.0013263473560471593
0.9339083950917264,0.5209229830921966,1.0,0.001326347391668537
0.9339083950917264,0.5209406343182434,1.0,0.0013263474272899166
0.9339083950917264,0.5209465183260857,1.0,0.0013263474629112981
0.9339083950917264,0.5209877101030183,1.0,0.0013263474985326814
0.9339083950917264,0.5209935951743536,1.0,0.0013263475341540668
0.9339083950917264,0.5210171367893089,1.0,0.0013263475697754539
0.9339083950917264,0.5210406805318633,1.0,0.001326347605396843
0.9339083950917264,0.5210583397351891,1.0,0.001326347641018234
0.9338678977847973,0.5211534984632074,1.0,0.001326347676639627
0.9338678977847973,0.521171166080933,1.0,0.001326347712261022
0.9338678977847973,0.5211770555530444,1.0,0.0013263477478824186
0.9338678977847973,0.5211829451582647,1.0,0.0013263477835038172
0.9338678977847973,0.5211888348965985,1.0,0.001326347819125218
0.9338678977847973,0.5211947247680503,1.0,0.0013263478547466206
0.9338678977847973,0.5212123951811586,1.0,0.0013263478903680248
0.9338678977847973,0.5212182855851274,1.0,0.0013263479259894313
0.9338678977847973,0.52124773960217,1.0,0.0013263479616108394
0.9338678977847973,0.5212536308050498,1.0,0.0013263479972322495
0.9338678977847973,0.5212595221410973,1.0,0.0013263480328536618
0.9338678977847973,0.5212654136103168,1.0,0.0013263480684750756
0.9338678977847973,0.521271305212713,1.0,0.0013263481040964916
0.9338678977847973,0.5212830888170537,1.0,0.0013263481397179095
0.9338678977847973,0.5212889808190069,1.0,0.0013263481753393292
0.9338678977847973,0.521294872954155,1.0,0.0013263482109607508
0.9338678977847973,0.5213420148308917,1.0,0.0013263482465821744
0.9338678977847973,0.5213655889667647,1.0,0.0013263482822035999
0.9338678977847973,0.5213891652346929,1.0,0.0013263483178250273
0.9338678977847973,0.5214245336348219,1.0,0.0013263483534464565
0.9338678977847973,0.5214304288346957,1.0,0.0013263483890678877
0.9338678977847973,0.5214422196343573,1.0,0.0013263484246893208
0.9338678977847973,0.5214658028334633,1.0,0.0013263484603107559
0.9338678977847973,0.5215070785652901,1.0,0.0013263484959321929
0.9338678977847973,0.5215188728317163,1.0,0.0013263485315536318
0.9338678977847973,0.5215424629650571,1.0,0.0013263485671750725
0.9338678977847973,0.5215660552326239,1.0,0.0013263486027965152
0.9338678977847973,0.5215896496347063,1.0,0.0013263486384179598
0.9338678977847973,0.5216545452488943,1.0,0.0013263486740394063
0.9338678977847973,0.5216958508664766,1.0,0.0013263487096608548
0.9338678977847973,0.5217017522029795,1.0,0.001326348745282305
0.9338678977847973,0.5217371630258946,1.0,0.0013263487809037574
0.9338678977847973,0.5217430652970723,1.0,0.0013263488165252116
0.9338678977847973,0.5217548702400615,1.0,0.0013263488521466677
0.9338678977847973,0.5217666757172594,1.0,0.0013263488877681257
0.9338678977847973,0.5217725786561981,1.0,0.0013263489233895855
0.9338678977847973,0.5217902882744264,1.0,0.0013263489590110474
0.9338678977847973,0.5217961917476552,1.0,0.001326348994632511
0.9338678977847973,0.5218020953544679,1.0,0.0013263490302539767
0.9338678977847973,0.5218079990948691,1.0,0.0013263490658754443
0.9338678977847973,0.5218139029688631,1.0,0.0013263491014969138
0.9338476491313328,0.5218203007433725,1.0,0.0013263491371183853
0.9338476491313328,0.521826205023761,1.0,0.0013263491727398585
0.9338476491313328,0.5218321094377624,1.0,0.0013263492083613337
0.9338476491313328,0.5218439186666214,1.0,0.0013263492439828108
0.9338476491313328,0.5218498234814882,1.0,0.00132634927960429
0.9338476491313328,0.5218557284299858,1.0,0.001326349315225771
0.9338476491313328,0.5218616335121189,1.0,0.0013263493508472537
0.9338071518244037,0.5220516651950463,1.0,0.0013263493864687386
0.9324909893492083,0.5290171391811791,1.0,0.0013263494220902253
0.9324909893492083,0.5290232162755166,1.0,0.001326349457711714
0.9324909893492083,0.5290353708830658,1.0,0.0013263494933332045
0.9324909893492083,0.5290536038416469,1.0,0.0013263495289546968
0.9324909893492083,0.5290718380570523,1.0,0.0013263495645761912
0.9324909893492083,0.5290779164081708,1.0,0.0013263496001976874
0.9324909893492083,0.5290961522995439,1.0,0.0013263496358191856
0.9324909893492083,0.5291083102588554,1.0,0.0013263496714406857
0.9324909893492083,0.5291143894480445,1.0,0.0013263497070621878
0.9324909893492083,0.5291204687769289,1.0,0.0013263497426836918
0.9324909893492083,0.5291265482455132,1.0,0.0013263497783051975
0.9324909893492083,0.5291326278538026,1.0,0.0013263498139267052
0.9324909893492083,0.5291691084376113,1.0,0.0013263498495482149
0.9324909893492083,0.529187350615922,1.0,0.0013263498851697265
0.9324909893492083,0.5291934316215253,1.0,0.00132634992079124
0.9324909893492083,0.5291995127668865,1.0,0.0013263499564127553
0.9324909893492083,0.5292055940520104,1.0,0.0013263499920342728
0.9324909893492083,0.5292116754769018,1.0,0.001326350027655792
0.9324909893492083,0.5292177570415656,1.0,0.001326350063277313
0.9324909893492083,0.5292360025742392,1.0,0.0013263500988988362
0.9324909893492083,0.5293029136256537,1.0,0.001326350134520361
0.9324909893492083,0.529308997287481,1.0,0.001326350170141888
0.9324909893492083,0.5293150810891578,1.0,0.0013263502057634167
0.9324909893492083,0.5293333333333333,1.0,0.0013263502413849474
0.9324909893492083,0.5293394176944562,1.0,0.00132635027700648
0.9324909893492083,0.5293515868363277,1.0,0.0013263503126280146
0.9324909893492083,0.529363756537732,1.0,0.0013263503482495512
0.9324909893492083,0.5293820121390472,1.0,0.0013263503838710894
0.9324909893492083,0.529388097619294,1.0,0.0013263504194926297
0.9324909893492083,0.5293941832394529,1.0,0.0013263504551141718
0.9324909893492083,0.5294185271193066,1.0,0.001326350490735716
0.9324909893492083,0.5294246134390987,1.0,0.001326350526357262
0.9324909893492083,0.5294489601177269,1.0,0.00132635056197881
0.9324909893492083,0.529455047137273,1.0,0.0013263505976003598
0.9324909893492083,0.5294793966151582,1.0,0.0013263506332219115
0.9324909893492083,0.5294854843345789,1.0,0.0013263506688434652
0.9324909893492083,0.529491572193989,1.0,0.0013263507044650208
0.9324909893492083,0.5294976601933934,1.0,0.0013263507400865784
0.9324909893492083,0.5295037483327968,1.0,0.0013263507757081377
0.9324909893492083,0.5295098366122041,1.0,0.001326350811329699
0.9324909893492083,0.5295159250316201,1.0,0.0013263508469512624
0.9324909893492083,0.5295281022904976,1.0,0.0013263508825728273
0.9324909893492083,0.5295341911299688,1.0,0.0013263509181943944
0.9324909893492083,0.5295402801094681,1.0,0.0013263509538159635
0.9324909893492083,0.5295463692290002,1.0,0.0013263509894375343
0.9324909893492083,0.5295585478881824,1.0,0.0013263510250591073
0.9324909893492083,0.5295707271075539,1.0,0.001326351060680682
0.9324099947353501,0.5297623156393088,1.0,0.0013263510963022584
0.9324099947353501,0.5297684103956466,1.0,0.001326351131923837
0.9324099947353501,0.5297745052922227,1.0,0.0013263511675454176
0.9324099947353501,0.5297866955061092,1.0,0.0013263512031669999
0.9323897460818855,0.529811763622975,1.0,0.001326351238788584
0.9323897460818855,0.5298178596495265,1.0,0.0013263512744101703
0.9323897460818855,0.5298239558163618,1.0,0.0013263513456533485
0.9323897460818855,0.5298300521234854,1.0,0.0013263513812749404
0.9323897460818855,0.5298361485709026,1.0,0.0013263514168965344
0.932369497428421,0.5298307386056359,1.0,0.00132635145251813
0.932369497428421,0.529873417721519,1.0,0.0013263514881397278
0.932369497428421,0.5298795152993705,1.0,0.0013263515237613274
0.9323492487749565,0.5298863008654023,1.0,0.0013263515593829288
0.9323492487749565,0.5298984970193569,1.0,0.0013263515950045323
0.9323492487749565,0.5299045953068716,1.0,0.0013263516306261376
0.9323492487749565,0.5299106937347512,1.0,0.0013263516662477448
0.9323492487749565,0.5299167923030003,1.0,0.001326351701869354
0.9323492487749565,0.5299228910116239,1.0,0.001326351773112578
0.9323492487749565,0.5299289898606268,1.0,0.0013263518087341928
0.9323492487749565,0.5299350888500138,1.0,0.0013263518443558098
0.9323492487749565,0.5299411879797898,1.0,0.0013263518799774285
0.9323492487749565,0.5299533866605283,1.0,0.001326351915599049
0.9323492487749565,0.5299655859028809,1.0,0.0013263519512206716
0.9323492487749565,0.5299716857346746,1.0,0.0013263519868422962
0.9323492487749565,0.5299777857068865,1.0,0.0013263520224639225
0.9323492487749565,0.5300448946701969,1.0,0.0013263520580855507
0.9323492487749565,0.530050996327804,1.0,0.001326352093707181
0.9323492487749565,0.5300570981258922,1.0,0.0013263521293288131
0.9323492487749565,0.5300754043630922,1.0,0.001326352164950447
0.9323492487749565,0.5300815067231535,1.0,0.001326352200572083
0.9323492487749565,0.530093711864797,1.0,0.0013263522361937209
0.9323492487749565,0.5301120206311378,1.0,0.0013263522718153606
0.9323492487749565,0.5301242271780052,1.0,0.0013263523074370023
0.9323492487749565,0.5301303306622456,1.0,0.001326352343058646
0.9323492487749565,0.5301364342870301,1.0,0.0013263523786802914
0.9323492487749565,0.5301425380523638,1.0,0.001326352414301939
0.9323492487749565,0.5301547460046977,1.0,0.0013263524499235882
0.9323492487749565,0.5301913732353821,1.0,0.0013263524855452395
0.9323492487749565,0.5301974782658759,1.0,0.0013263525211668927
0.9323492487749565,0.5302035834369674,1.0,0.0013263525567885478
0.9323492487749565,0.5302218997938761,1.0,0.0013263525924102047
0.9323492487749565,0.5302280055274067,1.0,0.0013263526280318635
0.9323492487749565,0.5304234632752741,1.0,0.0013263526636535245
0.9323492487749565,0.5304417948274869,1.0,0.001326352699275187
0.9323492487749565,0.5304479056264688,1.0,0.0013263527348968517
0.9323492487749565,0.5304540165662477,1.0,0.0013263527705185184
0.9323492487749565,0.5304662388682158,1.0,0.0013263528061401868
0.9323290001214919,0.5306075412556467,1.0,0.0013263528417618573
0.9323290001214919,0.5306136560069145,1.0,0.0013263528773835296
0.9323290001214919,0.5306320011063477,1.0,0.0013263529130052038
0.9323290001214919,0.530644231877377,1.0,0.0013263529486268798
0.9323290001214919,0.5306503474743284,1.0,0.001326352984248558
0.9323290001214919,0.5306564632122441,1.0,0.0013263530198702378
0.9323290001214919,0.5306625790911291,1.0,0.0013263530554919196
0.9323290001214919,0.5306870440164586,1.0,0.0013263530911136036
0.9323290001214919,0.5306931606002628,1.0,0.001326353126735289
0.9323290001214919,0.5306992773250654,1.0,0.0013263531623569768
0.9323290001214919,0.5307176283455128,1.0,0.0013263531979786664
0.9323290001214919,0.5307359806351218,1.0,0.0013263532336003578
0.9323290001214919,0.5307420983470503,1.0,0.001326353269222051
0.932146762240311,0.5312936397105497,1.0,0.0013263533048437463
0.932146762240311,0.5313120354554268,1.0,0.0013263533404654435
0.932146762240311,0.5313488307670999,1.0,0.0013263533760871425
0.932146762240311,0.5313549638145365,1.0,0.0013263534117088436
0.932146762240311,0.531361097003555,1.0,0.0013263534473305465
0.932146762240311,0.5313794974201517,1.0,0.0013263534829522513
0.9321265135868465,0.5313802218605349,1.0,0.001326353518573958
0.9321265135868465,0.5313986240014776,1.0,0.0013263535541956667
0.9321265135868465,0.531404758331698,1.0,0.0013263535898173772
0.9321265135868465,0.5314108928035463,1.0,0.0013263536254390898
0.9321265135868465,0.5314170274170275,1.0,0.0013263536610608041
0.9321265135868465,0.5314231621721462,1.0,0.0013263536966825204
0.9321265135868465,0.5314354321073168,1.0,0.0013263537323042387
0.9321265135868465,0.5314415672873783,1.0,0.0013263537679259589
0.9321265135868465,0.5314477026090972,1.0,0.0013263538035476808
0.9321265135868465,0.531466109424247,1.0,0.001326353839169405
0.9321265135868465,0.5314722453126444,1.0,0.0013263538747911308
0.9321265135868465,0.5314783813427235,1.0,0.0013263539104128585
0.9321265135868465,0.5314967902831016,1.0,0.001326353946034588
0.9321265135868465,0.5315090636185198,1.0,0.0013263539816563198
0.9321265135868465,0.5315520247566482,1.0,0.0013263540172780534
0.9321265135868465,0.5315581626290385,1.0,0.0013263540528997888
0.931924027052201,0.5322724276313507,1.0,0.0013263540885215261
0.931924027052201,0.5322970519181616,1.0,0.0013263541241432654
0.931924027052201,0.532303208345863,1.0,0.0013263541597650066
0.931924027052201,0.532321678483443,1.0,0.0013263541953867496
0.931924027052201,0.5323278354808115,1.0,0.0013263542310084947
0.931924027052201,0.5323339926206091,1.0,0.0013263542666302416
0.931924027052201,0.5323401499028407,1.0,0.0013263543022519904
0.931924027052201,0.5323463073275114,1.0,0.0013263543378737412
0.931924027052201,0.5323586226041895,1.0,0.0013263543734954937
0.931924027052201,0.5323647804562069,1.0,0.0013263544091172484
0.931924027052201,0.5323832548670314,1.0,0.0013263544447390048
0.931924027052201,0.5323955718532742,1.0,0.0013263544803607632
0.931924027052201,0.5324448454979812,1.0,0.0013263545159825235
0.931924027052201,0.5324510053448714,1.0,0.0013263545516042858
0.931924027052201,0.5324633254662409,1.0,0.00132635458722605
0.931924027052201,0.53246948574073,1.0,0.001326354622847816
0.931924027052201,0.532475646157762,1.0,0.001326354658469584
0.931924027052201,0.5325126116536307,1.0,0.001326354694091354
0.931924027052201,0.5325187730686013,1.0,0.0013263547297131257
0.931924027052201,0.5325249346261541,1.0,0.0013263547653348993
0.931924027052201,0.5326297029244639,1.0,0.001326354800956675
0.931924027052201,0.5326358670493473,1.0,0.0013263548365784524
0.931924027052201,0.5326420313169072,1.0,0.001326354872200232
0.9318835297452719,0.5327113621631633,1.0,0.0013263549078220134
0.9318835297452719,0.5327175284462502,1.0,0.0013263549434437965
0.9318835297452719,0.5327236948720917,1.0,0.0013263549790655817
0.9318835297452719,0.5327360281520581,1.0,0.001326355014687369
0.9318835297452719,0.532742195006193,1.0,0.0013263550503091579
0.9318835297452719,0.5328779019278643,1.0,0.0013263550859309488
0.9318835297452719,0.532884072067065,1.0,0.0013263551215527416
0.9318835297452719,0.5328902423491542,1.0,0.0013263551571745364
0.9318835297452719,0.5328964127741368,1.0,0.0013263551927963331
0.9318835297452719,0.5329025833420178,1.0,0.0013263552284181316
0.9318835297452719,0.5329519530300048,1.0,0.001326355264039932
0.9318835297452719,0.5329642968813332,1.0,0.0013263552996617346
0.9318835297452719,0.5329704690214244,1.0,0.0013263553352835388
0.9318835297452719,0.5329766413044738,1.0,0.001326355370905345
0.9318835297452719,0.5329889862994661,1.0,0.0013263554065271533
0.9318835297452719,0.5329951590114191,1.0,0.0013263554421489633
0.9318835297452719,0.5330754172796034,1.0,0.0013263554777707752
0.9318835297452719,0.5331124677099864,1.0,0.0013263555133925893
0.9318835297452719,0.533118643282441,1.0,0.0013263555490144049
0.9318835297452719,0.5331248189979728,1.0,0.0013263555846362227
0.9318835297452719,0.5331309948565868,1.0,0.0013263556202580424
0.9318835297452719,0.5331556997219647,1.0,0.0013263556558798639
0.9318835297452719,0.5331680530132765,1.0,0.0013263556915016873
0.9318835297452719,0.5331742298736054,1.0,0.0013263557271235126
0.9318835297452719,0.5331804068770564,1.0,0.00132635576274534
0.9318835297452719,0.5331865840236344,1.0,0.0013263557983671692
0.9318835297452719,0.53320511632218,1.0,0.0013263558339890002
0.9318835297452719,0.5332112940413157,1.0,0.0013263558696108332
0.9318835297452719,0.5332174719036032,1.0,0.0013263559052326683
0.9318835297452719,0.5332236499090477,1.0,0.001326355940854505
0.9318835297452719,0.5332483633624935,1.0,0.0013263559764763438
0.9318430324383429,0.5333178815621741,1.0,0.0013263560120981845
0.9318430324383429,0.5333240621631957,1.0,0.001326356047720027
0.9318430324383429,0.5333426048258119,1.0,0.0013263560833418717
0.9318430324383429,0.5333487859998841,1.0,0.001326356118963718
0.9318430324383429,0.5333549673172314,1.0,0.0013263561545855662
0.9318430324383429,0.5333611487778589,1.0,0.0013263561902074165
0.9318025351314138,0.533591521532432,1.0,0.0013263562258292688
0.9318025351314138,0.5336286469687833,1.0,0.0013263562614511228
0.9318025351314138,0.5336348350437757,1.0,0.0013263562970729787
0.9318025351314138,0.5336472116243202,1.0,0.0013263563326948366
0.9318025351314138,0.5336534001298822,1.0,0.0013263563683166965
0.9318025351314138,0.5336595887789773,1.0,0.0013263564039385583
0.9318025351314138,0.5336781555875122,1.0,0.0013263564395604218
0.9318025351314138,0.5336843448107901,1.0,0.0013263564751822875
0.9318025351314138,0.5336905341776262,1.0,0.001326356510804155
0.9318025351314138,0.5336967236880256,1.0,0.0013263565464260243
0.9317822864779493,0.5337036951126163,1.0,0.0013263565820478954
0.9317822864779493,0.5337098850628037,1.0,0.0013263566176697687
0.9317822864779493,0.5337160751565762,1.0,0.0013263566532916438
0.9317822864779493,0.5337284557748962,1.0,0.001326356688913521
0.9317822864779493,0.5337408369676162,1.0,0.0013263567245353999
0.9317822864779493,0.5337779839925763,1.0,0.0013263567601572808
0.9317822864779493,0.5337903674832962,1.0,0.0013263567957791634
0.9317822864779493,0.5337965594441286,1.0,0.0013263568314010482
0.9317822864779493,0.5338399071925755,1.0,0.0013263568670229347
0.9309723403393674,0.5369451224496946,1.0,0.0013263569026448231
0.9309723403393674,0.5369513932683998,1.0,0.0013263569382667136
0.9309723403393674,0.5369764780079886,1.0,0.001326356973888606
0.9309520916859029,0.5369836134502856,1.0,0.0013263570095105003
0.9309520916859029,0.5369898853044921,1.0,0.0013263570451323963
0.9309520916859029,0.5369961573052081,1.0,0.0013263570807542945
0.9309520916859029,0.5370024294524388,1.0,0.0013263571163761945
0.9309520916859029,0.5370087017461893,1.0,0.0013263571519980964
0.9309318430324384,0.5370221116445316,1.0,0.0013263571876200003
0.9309318430324384,0.537028384534517,1.0,0.0013263572232419059
0.9309318430324384,0.5370409307541352,1.0,0.0013263572588638136
0.9308913457255092,0.5371054045844335,1.0,0.0013263572944857231
0.9308913457255092,0.5371116796934329,1.0,0.0013263573301076346
0.9308710970720447,0.5371250978513594,1.0,0.001326357365729548
0.9308710970720447,0.5371313735570407,1.0,0.0013263574013514634
0.9308710970720447,0.5371439254083612,1.0,0.0013263574369733805
0.9308710970720447,0.5371502015540106,1.0,0.0013263574725952997
0.9308710970720447,0.5371564778463264,1.0,0.0013263575082172207
0.9308710970720447,0.5371627542853137,1.0,0.0013263575438391437
0.9308710970720447,0.5372004159996261,1.0,0.0013263575794610686
0.9308710970720447,0.5372192488372637,1.0,0.0013263576150829952
0.9308710970720447,0.5372255267432484,1.0,0.001326357650704924
0.9308710970720447,0.5372318047959613,1.0,0.0013263576863268545
0.9308710970720447,0.5372443613415917,1.0,0.001326357721948787
0.9308710970720447,0.537256918474196,1.0,0.0013263577575707214
0.9308710970720447,0.5372694761938153,1.0,0.0013263577931926578
0.9308710970720447,0.5372757552737685,1.0,0.0013263578288145962
0.9308710970720447,0.5372820345004908,1.0,0.0013263578644365363
0.9308710970720447,0.5373259931975174,1.0,0.0013263579000584783
0.9308710970720447,0.5373385541464555,1.0,0.0013263579356804223
0.9308508484185801,0.5377102486724215,1.0,0.0013263579713023682
0.9308508484185801,0.5377354076500176,1.0,0.001326358006924316
0.9308508484185801,0.5377416977622852,1.0,0.001326358042546266
0.9308508484185801,0.5377479880217106,1.0,0.0013263580781682175
0.9308508484185801,0.537754278428299,1.0,0.001326358113790171
0.9308508484185801,0.5377794415263853,1.0,0.0013263581494121265
0.9308508484185801,0.537785732668866,1.0,0.001326358185034084
0.9308508484185801,0.5377920239585405,1.0,0.0013263582206560433
0.9308508484185801,0.5378046069794921,1.0,0.0013263582562780044
0.9308508484185801,0.537823482615003,1.0,0.0013263582918999677
0.9308508484185801,0.5378297747879497,1.0,0.0013263583275219327
0.9308508484185801,0.5378360671081265,1.0,0.0013263583631438996
0.9308508484185801,0.5378423595755385,1.0,0.0013263583987658683
0.9308305997651156,0.5378495378495378,1.0,0.0013263584343878392
0.9308305997651156,0.5378621238358215,1.0,0.001326358470009812
0.9308305997651156,0.5378684170498556,1.0,0.0013263585056317866
0.9308305997651156,0.5378810039197333,1.0,0.001326358541253763
0.9308305997651156,0.5378872975755874,1.0,0.0013263585768757415
0.9308103511116511,0.5379133609492383,1.0,0.001326358612497722
0.9308103511116511,0.5379196554992569,1.0,0.001326358648119704
0.9308103511116511,0.5379259501965924,1.0,0.0013263586837416884
0.9308103511116511,0.5379322450412498,1.0,0.0013263587193636745
0.9308103511116511,0.5379385400332343,1.0,0.0013263587549856625
0.9308103511116511,0.537944835172551,1.0,0.0013263587906076524
0.930769853804722,0.5380158711580327,1.0,0.001326358826229644
0.9307496051512575,0.5380356536701275,1.0,0.001326358861851638
0.9307496051512575,0.5380419514935856,1.0,0.0013263588974736335
0.9307496051512575,0.5380482494644802,1.0,0.001326358933095631
0.9307496051512575,0.5380545475828163,1.0,0.0013263589687176306
0.9307496051512575,0.5380608458485994,1.0,0.001326359004339632
0.9307496051512575,0.5380671442618346,1.0,0.0013263590399616354
0.9307496051512575,0.5380734428225268,1.0,0.0013263590755836405
0.9307496051512575,0.5380797415306815,1.0,0.0013263591112056476
0.9307496051512575,0.5380986385399716,1.0,0.0013263591468276568
0.9307496051512575,0.5381049378380277,1.0,0.0013263591824496676
0.9307293564977929,0.5381121296198738,1.0,0.0013263592180716805
0.9307293564977929,0.5381184293708586,1.0,0.0013263592536936954
0.9307293564977929,0.5381247292693492,1.0,0.001326359289315712
0.9307293564977929,0.5381310293153507,1.0,0.0013263593249377306
0.9307293564977929,0.5381625317582045,1.0,0.0013263593605597512
0.9307293564977929,0.5381877363682134,1.0,0.0013263593961817736
0.9307293564977929,0.5381940378896096,1.0,0.001326359431803798
0.9307293564977929,0.5382003395585738,1.0,0.0013263594674258244
0.9307293564977929,0.5382192454509263,1.0,0.0013263595030478526
0.9307293564977929,0.5382255477102141,1.0,0.0013263595386698826
0.9306888591908639,0.53823994379062,1.0,0.0013263595742919146
0.9306888591908639,0.5382462468089093,1.0,0.0013263596099139486
0.9306888591908639,0.5382525499748223,1.0,0.0013263596455359845
0.9306888591908639,0.5382588532883642,1.0,0.0013263596811580222
0.9306888591908639,0.5382714603583558,1.0,0.0013263597167800618
0.9306888591908639,0.5382777641148158,1.0,0.0013263597524021033
0.9306888591908639,0.5383029806172044,1.0,0.0013263597880241468
0.9306888591908639,0.5383092851119647,1.0,0.0013263598236461923
0.9306888591908639,0.5383155897544007,1.0,0.0013263598592682397
0.9306888591908639,0.5383218945445176,1.0,0.0013263598948902889
0.9306888591908639,0.5383281994823205,1.0,0.00132635993051234
0.9306888591908639,0.5383471151818969,1.0,0.001326359966134393
0.9306888591908639,0.5383534207104959,1.0,0.001326360001756448
0.9306888591908639,0.538599451592491,1.0,0.001326360037378505
0.9306888591908639,0.5386057630336196,1.0,0.0013263600730005637
0.9306888591908639,0.538612074622668,1.0,0.0013263601086226245
0.9306888591908639,0.5386183863596414,1.0,0.0013263601442446871
0.9306888591908639,0.5386373224581634,1.0,0.0013263601798667517
0.9306888591908639,0.5386562598881974,1.0,0.0013263602154888181
0.9306888591908639,0.5387130801687764,1.0,0.0013263602511108864
0.9306888591908639,0.5387193942732569,1.0,0.0013263602867329568
0.9306888591908639,0.5387257085257507,1.0,0.001326360322355029
0.9306888591908639,0.5387446521713649,1.0,0.001326360357977103
0.9306888591908639,0.5387509670159646,1.0,0.001326360393599179
0.9306888591908639,0.5387572820086036,1.0,0.001326360429221257
0.9306888591908639,0.5387635971492873,1.0,0.001326360464843337
0.9306888591908639,0.5387699124380209,1.0,0.0013263605004654186
0.9306888591908639,0.5387762278748095,1.0,0.0013263605360875022
0.9306888591908639,0.5387888591925728,1.0,0.0013263605717095878
0.9306888591908639,0.5388078072797609,1.0,0.0013263606073316754
0.9306888591908639,0.5388267566997257,1.0,0.0013263606429537648
0.9306888591908639,0.5388330734692443,1.0,0.001326360678575856
0.9306888591908639,0.5388709771967877,1.0,0.0013263607141979494
0.9306686105373992,0.538878206631337,1.0,0.0013263607498200445
0.9306686105373992,0.5388845247446976,1.0,0.0013263607854421416
0.9306686105373992,0.5389477140277436,1.0,0.0013263608210642406
0.9304053780423602,0.5406909698524394,1.0,0.0013263608566863414
0.9304053780423602,0.540697332344877,1.0,0.0013263608923084443
0.9304053780423602,0.5407036949870557,1.0,0.001326360927930549
0.9304053780423602,0.5407100577789807,1.0,0.0013263609635526556
0.9304053780423602,0.5407164207206571,1.0,0.0013263609991747641
0.9304053780423602,0.5407227838120904,1.0,0.0013263610347968747
0.9304053780423602,0.5407291470532857,1.0,0.0013263610704189871
0.9304053780423602,0.5407355104442483,1.0,0.0013263611060411013
0.9304053780423602,0.5407546015157935,1.0,0.0013263611416632175
0.9304053780423602,0.5407736939354353,1.0,0.0013263611772853356
0.9304053780423602,0.5407864229642096,1.0,0.0013263612129074556
0.9304053780423602,0.5407927877033166,1.0,0.0013263612485295776
0.9303851293888956,0.5408255746889676,1.0,0.0013263612841517016
0.9303851293888956,0.5408319404882412,1.0,0.0013263613197738273
0.9303851293888956,0.5408383064373742,1.0,0.001326361355395955
0.9303851293888956,0.5408446725363718,1.0,0.0013263613910180845
0.9303851293888956,0.5409592879512115,1.0,0.001326361426640216
0.9303851293888956,0.5409656568986425,1.0,0.0013263614622623496
0.9303851293888956,0.5409720259960441,1.0,0.0013263614978844848
0.9303851293888956,0.5409975038854613,1.0,0.001326361533506622
0.9303851293888956,0.5410038737327949,1.0,0.0013263615691287613
0.9303851293888956,0.5410102437301307,1.0,0.0013263616047509024
0.9303851293888956,0.5410293546222049,1.0,0.0013263616403730452
0.9303851293888956,0.541035725219603,1.0,0.0013263616759951902
0.9303851293888956,0.5410420959670297,1.0,0.001326361711617337
0.9303851293888956,0.5410739519547809,1.0,0.0013263617472394859
0.9303851293888956,0.5410803236024918,1.0,0.0013263617828616365
0.9303851293888956,0.5410866954002685,1.0,0.001326361818483789
0.9303851293888956,0.5410930673481164,1.0,0.0013263618541059434
0.9303851293888956,0.5410994394460408,1.0,0.0013263618897280999
0.9303851293888956,0.5411121840921402,1.0,0.001326361925350258
0.9303851293888956,0.5411185566403259,1.0,0.0013263619609724183
0.9303851293888956,0.5411249293386093,1.0,0.0013263619965945804
0.9303851293888956,0.5411313021869958,1.0,0.0013263620322167444
0.9303851293888956,0.5411376751854905,1.0,0.0013263620678389105
0.9303851293888956,0.5412269129287599,1.0,0.0013263621034610782
0.9303851293888956,0.5412332881795159,1.0,0.0013263621390832482
0.9303648807354311,0.5413107762632391,1.0,0.0013263621747054198
0.9303648807354311,0.5413235311443348,1.0,0.0013263622103275934
0.9303648807354311,0.5413426645930534,1.0,0.001326362245949769
0.9303648807354311,0.5413490427098675,1.0,0.0013263622815719463
0.9303648807354311,0.5413554209769776,1.0,0.0013263623171941258
0.9303648807354311,0.5413617993943892,1.0,0.001326362352816307
0.9303648807354311,0.5413745566801381,1.0,0.0013263623884384901
0.9303648807354311,0.5413873145671564,1.0,0.0013263624240606752
0.9303648807354311,0.5414000730554869,1.0,0.0013263624596828623
0.9303648807354311,0.5414192119155354,1.0,0.001326362495305051
0.9303648807354311,0.5414255918362537,1.0,0.001326362530927242
0.9303648807354311,0.5414447325005892,1.0,0.0013263625665494347
0.9303648807354311,0.5414511130227789,1.0,0.0013263626021716294
0.9303648807354311,0.5414574936953499,1.0,0.001326362637793826
0.9303648807354311,0.5414702554916565,1.0,0.0013263626734160245
0.9303648807354311,0.5414830178895514,1.0,0.0013263627090382248
0.9303648807354311,0.5414893993141079,1.0,0.001326362744660427
0.9303648807354311,0.5415149265165176,1.0,0.0013263627802826312
0.9302433888146439,0.5420383217707301,1.0,0.0013263628159048374
0.9302433888146439,0.5420447171258332,1.0,0.0013263628515270455
0.9302433888146439,0.5420511126318522,1.0,0.0013263628871492555
0.9302433888146439,0.5420703000554565,1.0,0.0013263629227714673
0.9302433888146439,0.5420766961651917,1.0,0.0013263629583936812
0.9302433888146439,0.5420958854000731,1.0,0.001326362994015897
0.9302433888146439,0.542121473160025,1.0,0.0013263630296381146
0.9302433888146439,0.5421278704774491,1.0,0.001326363065260334
0.9302433888146439,0.5421342679458585,1.0,0.0013263631008825555
0.9302433888146439,0.5421470633356542,1.0,0.0013263631365047787
0.9302028915077147,0.5421746468234766,1.0,0.0013263631721270042
0.9302028915077147,0.5421810456744954,1.0,0.0013263632077492313
0.9302028915077147,0.542187444676557,1.0,0.0013263632433714602
0.9302028915077147,0.5422002431338299,1.0,0.0013263632789936913
0.9302028915077147,0.5422386421312307,1.0,0.0013263633146159243
0.9302028915077147,0.5422450424929178,1.0,0.0013263633502381591
0.9302028915077147,0.5422578436695862,1.0,0.0013263633858603958
0.9302028915077147,0.5422642444845781,1.0,0.0013263634214826345
0.9302028915077147,0.5422706454506823,1.0,0.0013263634571048751
0.9302028915077147,0.5422770465679041,1.0,0.0013263634927271177
0.9302028915077147,0.5423410660527714,1.0,0.001326363528349362
0.9302028915077147,0.542353871763692,1.0,0.0013263635639716082
0.9302028915077147,0.5423730814639905,1.0,0.0013263635995938564
0.9302028915077147,0.5423794849998229,1.0,0.0013263636352161066
0.9302028915077147,0.5423986965145934,1.0,0.0013263636708383587
0.9302028915077147,0.5424051006552926,1.0,0.0013263637064606128
0.9301826428542502,0.5424061020391295,1.0,0.0013263637420828686
0.9301826428542502,0.5424445310378216,1.0,0.0013263637777051263
0.9301826428542502,0.5424701533956048,1.0,0.001326363813327386
0.9301826428542502,0.5424829654822215,1.0,0.0013263638489496477
0.9301826428542502,0.5424957781740455,1.0,0.0013263638845719113
0.9301826428542502,0.5425278125516687,1.0,0.0013263639201941766
0.9301826428542502,0.5425406273620559,1.0,0.0013263639558164441
0.9301826428542502,0.5425470349942719,1.0,0.0013263639914387134
0.9301826428542502,0.5425534427778433,1.0,0.0013263640270609845
0.9301826428542502,0.5425790754257908,1.0,0.0013263640626832577
0.9301826428542502,0.5425854839662199,1.0,0.0013263640983055326
0.9301826428542502,0.5425918926580364,1.0,0.0013263641339278096
0.9301826428542502,0.5426111196418658,1.0,0.0013263641695500884
0.9301826428542502,0.5426175289392866,1.0,0.0013263642051723691
0.9301826428542502,0.5426559879037022,1.0,0.0013263642407946518
0.9301623942007856,0.5427916484503315,1.0,0.0013263642764169364
0.9299194103592111,0.5443543607614442,1.0,0.001326364312039223
0.9299194103592111,0.5443608131334084,1.0,0.0013263643476615114
0.9299194103592111,0.5443737183362375,1.0,0.0013263643832838016
0.9299194103592111,0.5443866241509703,1.0,0.0013263644189060939
0.9299194103592111,0.5443930772878142,1.0,0.001326364454528388
0.9299194103592111,0.5443995305776502,1.0,0.0013263644901506842
0.9299194103592111,0.5444059840204841,1.0,0.001326364525772982
0.9299194103592111,0.5444124376163211,1.0,0.001326364561395282
0.9299194103592111,0.5444188913651666,1.0,0.0013263645970175838
0.9299194103592111,0.5444317993219053,1.0,0.0013263646326398875
0.9299194103592111,0.5444382535298092,1.0,0.0013263646682621932
0.9299194103592111,0.5444447078907435,1.0,0.0013263647038845006
0.9299194103592111,0.5444511624047136,1.0,0.0013263647395068102
0.9299194103592111,0.5444576170717249,1.0,0.0013263647751291215
0.9299194103592111,0.5444834372702915,1.0,0.0013263648107514348
0.9299194103592111,0.5444963482879636,1.0,0.00132636484637375
0.9299194103592111,0.5445028040264159,1.0,0.0013263648819960671
0.9299194103592111,0.5445092599179531,1.0,0.0013263649176183862
0.9299194103592111,0.5445350850150584,1.0,0.001326364953240707
0.9298991617057466,0.5446330095705696,1.0,0.0013263649888630299
0.9298991617057466,0.5446394686907021,1.0,0.0013263650244853546
0.9298991617057466,0.5446588469703618,1.0,0.0013263650601076813
0.9298991617057466,0.5446717665895748,1.0,0.00132636509573001
0.9298991617057466,0.5446782266290295,1.0,0.0013263651313523406
0.9298991617057466,0.5446846868217238,1.0,0.001326365166974673
0.929878913052282,0.5446922073300914,1.0,0.0013263652025970072
0.929878913052282,0.5446986679951132,1.0,0.0013263652382193435
0.929878913052282,0.5447309736192826,1.0,0.0013263652738416817
0.929878913052282,0.5447374352039667,1.0,0.0013263653094640218
0.929878913052282,0.5447503588332285,1.0,0.0013263653450863637
0.929878913052282,0.5447568208778173,1.0,0.0013263653807087075
0.929878913052282,0.5447762079314804,1.0,0.0013263654163310535
0.929878913052282,0.5447826705893518,1.0,0.0013263654519534013
0.929878913052282,0.5447891334005576,1.0,0.0013263654875757507
0.929878913052282,0.5447955963651031,1.0,0.0013263655231981024
0.9298586643988175,0.5448548343082235,1.0,0.0013263655588204558
0.9298586643988175,0.5448677637901781,1.0,0.0013263655944428113
0.9298586643988175,0.544874228761272,1.0,0.0013263656300651686
0.9298586643988175,0.5448806938857841,1.0,0.0013263656656875278
0.9298586643988175,0.5448871591637201,1.0,0.0013263657013098888
0.929838415745353,0.5449076216581823,1.0,0.001326365736932252
0.929838415745353,0.5449205539272111,1.0,0.0013263657725546168
0.929838415745353,0.5449270202919189,1.0,0.0013263658081769838
0.929838415745353,0.5449334868100962,1.0,0.0013263658437993526
0.929838415745353,0.5449399534817487,1.0,0.001326365879421723
0.929838415745353,0.5449464203068817,1.0,0.0013263659150440958
0.929838415745353,0.5449593544176111,1.0,0.0013263659506664704
0.9298181670918884,0.5449539542390582,1.0,0.0013263659862888467
0.9298181670918884,0.5449604215373296,1.0,0.001326366021911225
0.9297574211314947,0.5450412487387976,1.0,0.0013263660575336053
0.9297574211314947,0.5451512561143562,1.0,0.0013263660931559875
0.9297574211314947,0.5451577285193584,1.0,0.0013263661287783715
0.9297574211314947,0.5451642010780519,1.0,0.0013263661644007576
0.9297574211314947,0.5452159870811466,1.0,0.0013263662000231454
0.9297574211314947,0.5452354093688773,1.0,0.0013263662356455352
0.9297574211314947,0.5452418837722944,1.0,0.001326366271267927
0.9297574211314947,0.5452872089018728,1.0,0.0013263663068903207
0.9297371724780302,0.545307712405881,1.0,0.0013263663425127162
0.9297371724780302,0.5453141886675931,1.0,0.0013263663781351138
0.9297371724780302,0.5453206650831354,1.0,0.001326366413757513
0.9297371724780302,0.5453271416525137,1.0,0.0013263664493799144
0.9297371724780302,0.545359526807136,1.0,0.0013263664850023177
0.9297371724780302,0.5453724819460282,1.0,0.0013263665206247229
0.9297371724780302,0.5453919158084786,1.0,0.0013263665562471298
0.9297371724780302,0.5454048724862508,1.0,0.0013263665918695387
0.9297371724780302,0.5454372668741536,1.0,0.0013263666274919497
0.9297371724780302,0.5454502257068187,1.0,0.0013263666631143625
0.9297371724780302,0.5454631851552663,1.0,0.001326366698736777
0.9297371724780302,0.54547614521954,1.0,0.0013263667343591937
0.9297371724780302,0.545495586470721,1.0,0.0013263667699816122
0.9297371724780302,0.545502067195742,1.0,0.0013263668056040327
0.9297371724780302,0.5455150291077581,1.0,0.001326366841226455
0.9297371724780302,0.5455344731307995,1.0,0.0013263668768488794
0.9297371724780302,0.5455409547798399,1.0,0.0013263669124713056
0.9297371724780302,0.5455798479087453,1.0,0.0013263669480937336
0.9297371724780302,0.545586330636058,1.0,0.0013263669837161637
0.9297371724780302,0.5455928135174315,1.0,0.0013263670193385956
0.9297371724780302,0.5456511663834389,1.0,0.0013263670549610294
0.9297371724780302,0.5456835900361285,1.0,0.0013263670905834652
0.9297371724780302,0.5456900752290743,1.0,0.0013263671262059027
0.9297371724780302,0.5457095317328262,1.0,0.0013263671618283423
0.9297371724780302,0.5457354758961681,1.0,0.0013263671974507838
0.9297371724780302,0.545741962322458,1.0,0.0013263672330732271
0.9297371724780302,0.545761422526506,1.0,0.0013263672686956724
0.9297371724780302,0.5457679095695998,1.0,0.0013263673043181197
0.929656177864172,0.5461358202386192,1.0,0.001326367339940569
0.929656177864172,0.546174801632148,1.0,0.0013263673755630199
0.929656177864172,0.5462137885908036,1.0,0.001326367411185473
0.929656177864172,0.5462202869583839,1.0,0.0013263674468079278
0.929656177864172,0.5462267854805897,1.0,0.0013263674824303847
0.929656177864172,0.5462397829888996,1.0,0.0013263675180528432
0.929656177864172,0.5462462819750149,1.0,0.001326367553675304
0.929656177864172,0.5462852791394983,1.0,0.0013263675892977664
0.929656177864172,0.5462917792082624,1.0,0.001326367624920231
0.929656177864172,0.5462982794317127,1.0,0.0013263676605426973
0.929656177864172,0.5463047798098547,1.0,0.0013263676961651656
0.929656177864172,0.5463112803426939,1.0,0.0013263677317876357
0.929656177864172,0.5463372840211338,1.0,0.0013263677674101079
0.929656177864172,0.5463567884045554,1.0,0.0013263678030325818
0.929656177864172,0.5463762941806498,1.0,0.0013263678386550577
0.929656177864172,0.5463827964155232,1.0,0.0013263678742775355
0.9296359292107075,0.546377398010187,1.0,0.0013263679099000153
0.9296359292107075,0.5463969056828325,1.0,0.001326367945522497
0.9296359292107075,0.5464034085499381,1.0,0.0013263679811449805
0.9294739399829911,0.5468353525606662,1.0,0.0013263680167674662
0.9294739399829911,0.5468679263265743,1.0,0.0013263680523899536
0.9294739399829911,0.5468874724489188,1.0,0.001326368088012443
0.9294739399829911,0.5468939881335335,1.0,0.001326368123634934
0.9294739399829911,0.5469200524246396,1.0,0.0013263681592574272
0.9294739399829911,0.5469396022734042,1.0,0.0013263681948799222
0.9294739399829911,0.5469461192002478,1.0,0.0013263682305024193
0.9294739399829911,0.5469656709126223,1.0,0.0013263682661249182
0.9294739399829911,0.5469721884607135,1.0,0.001326368301747419
0.9294739399829911,0.5469787061641306,1.0,0.0013263683373699216
0.9294739399829911,0.546998260206392,1.0,0.0013263683729924263
0.9294739399829911,0.5470243344376385,1.0,0.0013263684086149328
0.9294536913295266,0.5470710923067755,1.0,0.0013263684442374412
0.9294536913295266,0.5470776125095347,1.0,0.0013263684798599515
0.9294536913295266,0.5470841328677163,1.0,0.0013263685154824639
0.9294536913295266,0.5470906533813258,1.0,0.0013263685511049781
0.9294536913295266,0.5470971740503688,1.0,0.0013263685867274941
0.9294536913295266,0.5471167369901547,1.0,0.0013263686223500123
0.9294536913295266,0.5471232582809874,1.0,0.0013263686579725322
0.9294536913295266,0.5471493449989868,1.0,0.001326368693595054
0.9294536913295266,0.5471558670671817,1.0,0.001326368729217578
0.9294536913295266,0.5472276200808288,1.0,0.0013263687648401034
0.9294334426760621,0.5473527307417124,1.0,0.0013263688004626312
0.9294334426760621,0.5473592578017863,1.0,0.0013263688360851606
0.9294334426760621,0.5473657850175296,1.0,0.001326368871707692
0.9294334426760621,0.5473723123889479,1.0,0.0013263689073302254
0.9294334426760621,0.5473853675988313,1.0,0.0013263689429527607
0.9294334426760621,0.5473918954373077,1.0,0.0013263689785752977
0.9294334426760621,0.547424536965259,1.0,0.001326369014197837
0.9294334426760621,0.5474310657380022,1.0,0.0013263690498203778
0.9294334426760621,0.5474375946664758,1.0,0.0013263690854429207
0.9294334426760621,0.5474506529906374,1.0,0.0013263691210654656
0.9294334426760621,0.5474571823863366,1.0,0.0013263691566880122
0.9294334426760621,0.5474702416449989,1.0,0.001326369192310561
0.9294334426760621,0.5474833015267175,1.0,0.0013263692279331114
0.9294334426760621,0.5474898317012369,1.0,0.0013263692635556638
0.9294334426760621,0.5475094231595019,1.0,0.0013263692991782182
0.9294131940225975,0.5475693408887563,1.0,0.0013263693348007745
0.9294131940225975,0.5475889384648421,1.0,0.0013263693704233328
0.929392945369133,0.5476227405595657,1.0,0.0013263694060458929
0.9293726967156684,0.5476238769641941,1.0,0.0013263694416684548
0.9293524480622039,0.5476184794540161,1.0,0.0013263694772910188
0.9293524480622039,0.547625013423059,1.0,0.0013263695129135846
0.9293524480622039,0.5476446162657503,1.0,0.0013263695485361525
0.9293524480622039,0.5476772907891125,1.0,0.0013263695841587222
0.9293524480622039,0.5476838261616668,1.0,0.0013263696197812938
0.9293524480622039,0.5476903616901946,1.0,0.0013263696554038672
0.9293524480622039,0.5476968973747016,1.0,0.0013263696910264427
0.9293524480622039,0.5477034332151935,1.0,0.00132636972664902
0.9293524480622039,0.5477295781371203,1.0,0.0013263697622715993
0.9293524480622039,0.5477361147576199,1.0,0.0013263697978941804
0.9293524480622039,0.5477688002005037,1.0,0.0013263698335167636
0.9293524480622039,0.547814566374639,1.0,0.0013263698691393486
0.9293524480622039,0.5478211050238121,1.0,0.0013263699047619355
0.9293524480622039,0.5478276438290761,1.0,0.0013263699403845244
0.9293524480622039,0.5478341827904367,1.0,0.001326369976007115
0.9293524480622039,0.5478407219078995,1.0,0.0013263700116297077
0.9293524480622039,0.5478472611814699,1.0,0.0013263700472523022
0.9293524480622039,0.5478668799388832,1.0,0.0013263700828748987
0.9293321994087393,0.5478745627961944,1.0,0.001326370118497497
0.9293321994087393,0.5478811030201742,1.0,0.0013263701541200974
0.9293321994087393,0.5478941839365867,1.0,0.0013263701897426995
0.9293119507552747,0.5479084093405282,1.0,0.0013263702253653038
0.9293119507552747,0.5479149505151439,1.0,0.0013263702609879098
0.9293119507552747,0.5479214918459444,1.0,0.0013263702966105177
0.9293119507552747,0.5479280333329354,1.0,0.0013263703322331276
0.9293119507552747,0.5479345749761223,1.0,0.0013263703678557395
0.9293119507552747,0.5479411167755107,1.0,0.001326370403478353
0.9293119507552747,0.5479672855351919,1.0,0.0013263704391009686
0.9292917021018102,0.5480076898276953,1.0,0.0013263704747235863
0.9292917021018102,0.5480207773598423,1.0,0.0013263705103462057
0.9292917021018102,0.5480273213603363,1.0,0.001326370545968827
0.9292917021018102,0.5480404098301928,1.0,0.0013263705815914502
0.9292917021018102,0.5480469542995665,1.0,0.0013263706172140755
0.9292917021018102,0.5480534989252448,1.0,0.0013263706528367026
0.9292917021018102,0.5480731337401626,1.0,0.0013263706884593315
0.9292917021018102,0.5480993156819892,1.0,0.0013263707240819625
0.9292917021018102,0.5481058615583051,1.0,0.0013263707597045953
0.9292917021018102,0.5481124075909759,1.0,0.00132637079532723
0.9292917021018102,0.5481516870707674,1.0,0.0013263708309498668
0.9292917021018102,0.5481582341980794,1.0,0.0013263708665725053
0.9292917021018102,0.5481647814817912,1.0,0.0013263709021951457
0.9292512047948811,0.5484160084129014,1.0,0.0013263709378177882
0.9221641760822905,0.588610866980303,1.0,0.0013263709734404325
0.9221641760822905,0.5886184746222745,1.0,0.0013263710090630786
0.9221641760822905,0.5886260824609022,1.0,0.0013263710446857267
0.9221641760822905,0.5886489071567981,1.0,0.001326371080308377
0.9221641760822905,0.5886717336228737,1.0,0.001326371115931029
0.9221641760822905,0.5886793428383077,1.0,0.0013263711515536826
0.9221641760822905,0.5886869522504589,1.0,0.0013263711871763385
0.9221641760822905,0.5887021716649431,1.0,0.0013263712227989963
0.9221641760822905,0.5887173918663875,1.0,0.0013263712584216558
0.9221641760822905,0.5887250022622387,1.0,0.0013263712940443173
0.9221641760822905,0.5887326128548529,1.0,0.0013263713296669808
0.9221641760822905,0.5887478346304005,1.0,0.0013263713652896462
0.922143927428826,0.5887729640977906,1.0,0.0013263714009123133
0.922143927428826,0.5888034132781692,1.0,0.0013263714365349827
0.922143927428826,0.5888186390494292,1.0,0.0013263714721576537
0.922143927428826,0.588841479182829,1.0,0.0013263715077803267
0.922143927428826,0.5888490929543956,1.0,0.0013263715434030016
0.922143927428826,0.5888567069228581,1.0,0.0013263715790256785
0.922143927428826,0.5888643210882243,1.0,0.0013263716146483572
0.922143927428826,0.588894779718878,1.0,0.001326371650271038
0.922143927428826,0.5889252415006013,1.0,0.0013263716858937205
0.922143927428826,0.5889480899050772,1.0,0.001326371721516405
0.922143927428826,0.5889633231596917,1.0,0.0013263717571390915
0.922143927428826,0.588970940082511,1.0,0.0013263717927617796
0.922143927428826,0.5890090276520344,1.0,0.00132637182838447
0.922143927428826,0.5890242640591857,1.0,0.001326371864007162
0.922143927428826,0.5890318825583651,1.0,0.001326371899629856
0.922143927428826,0.589039501254624,1.0,0.001326371935252552
0.922143927428826,0.5890471201479699,1.0,0.00132637197087525
0.922143927428826,0.5890547392384106,1.0,0.0013263720064979499
0.922143927428826,0.5890623585259536,1.0,0.0013263720421206515
0.922143927428826,0.5890699780106067,1.0,0.001326372077743355
0.922143927428826,0.5890775976923773,1.0,0.0013263721133660606
0.922143927428826,0.5890928376473024,1.0,0.001326372148988768
0.922143927428826,0.5891233199229008,1.0,0.0013263721846114775
0.922143927428826,0.5891309409847093,1.0,0.0013263722202341889
0.922143927428826,0.5891385622436968,1.0,0.001326372255856902
0.922143927428826,0.5891614272038086,1.0,0.001326372291479617
0.9220629328149678,0.5893384065848735,1.0,0.001326372327102334
0.9220629328149678,0.5893612890700834,1.0,0.001326372362725053
0.9220629328149678,0.5893765450474354,1.0,0.001326372398347774
0.9220629328149678,0.5894070593717237,1.0,0.0013263724339704966
0.9220629328149678,0.5894223177187827,1.0,0.0013263724695932214
0.9220629328149678,0.589437576855867,1.0,0.001326372505215948
0.9220629328149678,0.5894452067206876,1.0,0.0013263725408386765
0.9220426841615033,0.5894398923019171,1.0,0.0013263725764614067
0.9220426841615033,0.58947041385649,1.0,0.0013263726120841392
0.9220426841615033,0.5894780447390223,1.0,0.0013263726477068735
0.9220426841615033,0.5894856758191257,1.0,0.0013263726833296096
0.9220224355080388,0.5895261522527188,1.0,0.0013263727189523477
0.9220224355080388,0.5895414174370128,1.0,0.0013263727545750877
0.9220224355080388,0.5895719501773831,1.0,0.0013263727901978296
0.9220224355080388,0.5896024860805387,1.0,0.0013263728258205733
0.9220224355080388,0.5896101205505704,1.0,0.0013263728614433192
0.9220224355080388,0.589625390083779,1.0,0.0013263728970660668
0.9220224355080388,0.5896635673771723,1.0,0.0013263729326888163
0.9220224355080388,0.589686476126342,1.0,0.0013263729683115678
0.9220224355080388,0.5896941127716335,1.0,0.001326373003934321
0.9220224355080388,0.5897017496147221,1.0,0.0013263730395570764
0.9219819382011096,0.5897980596106268,1.0,0.0013263730751798335
0.9219819382011096,0.5898056994818652,1.0,0.0013263731108025926
0.9219819382011096,0.5898133395510304,1.0,0.0013263731464253537
0.9219819382011096,0.5898286202831716,1.0,0.0013263731820481166
0.9219616895476451,0.5898309476002331,1.0,0.0013263732176708816
0.9219616895476451,0.5898462295804023,1.0,0.0013263732532936483
0.9219616895476451,0.5898691540354968,1.0,0.001326373288916417
0.9219616895476451,0.5898767959165166,1.0,0.0013263733245391877
0.921921192240716,0.589896738919192,1.0,0.0013263733601619602
0.921921192240716,0.5899043818506906,1.0,0.0013263733957847345
0.921921192240716,0.5899120249802412,1.0,0.001326373431407511
0.921921192240716,0.5899196683078518,1.0,0.001326373467030289
0.921921192240716,0.5899273118335299,1.0,0.0013263735026530694
0.921921192240716,0.5899349555572831,1.0,0.0013263735382758515
0.921921192240716,0.5899502435990464,1.0,0.0013263735738986353
0.921921192240716,0.5899578879170716,1.0,0.0013263736095214212
0.9219009435872515,0.5902432068035677,1.0,0.0013263736451442092
0.9219009435872515,0.5902738163148887,1.0,0.0013263736807669988
0.9219009435872515,0.5902814691887828,1.0,0.0013263737163897904
0.9219009435872515,0.5903273905996759,1.0,0.001326373752012584
0.9218806949337869,0.5903450422064029,1.0,0.0013263737876353795
0.9218806949337869,0.5903603521829899,1.0,0.001326373823258177
0.9218806949337869,0.5904139433551199,1.0,0.0013263738588809762
0.9218806949337869,0.5904292569057191,1.0,0.0013263738945037773
0.9218806949337869,0.590436913978913,1.0,0.0013263739301265806
0.9218806949337869,0.5904522287211278,1.0,0.0013263739657493857
0.9218806949337869,0.5904598863901642,1.0,0.0013263740013721925
0.9218806949337869,0.5904675442578302,1.0,0.0013263740369950014
0.9218806949337869,0.5904828605890822,1.0,0.0013263740726178121
0.9218604462803224,0.5904852077145563,1.0,0.001326374108240625
0.9218604462803224,0.590500525298642,1.0,0.0013263741438634396
0.9218604462803224,0.5905158436774453,1.0,0.0013263741794862561
0.9218604462803224,0.5905311628510279,1.0,0.0013263742151090744
0.9217997003199287,0.5908371187540558,1.0,0.0013263742507318948
0.9217997003199287,0.5909598359166083,1.0,0.001326374286354717
0.9217997003199287,0.5909828510599628,1.0,0.0013263743219775412
0.9217997003199287,0.5909981954848174,1.0,0.0013263743576003672
0.9217997003199287,0.5910058679960534,1.0,0.0013263743932231953
0.9217997003199287,0.5910365600332363,1.0,0.0013263744288460253
0.9217997003199287,0.5910442335406307,1.0,0.001326374464468857
0.9217997003199287,0.5910672552583744,1.0,0.0013263745000916909
0.9217997003199287,0.5910979536719643,1.0,0.0013263745357145265
0.9217794516664641,0.5911233460155043,1.0,0.001326374571337364
0.9217794516664641,0.591138698074251,1.0,0.0013263746069602036
0.9217794516664641,0.5911540509304349,1.0,0.0013263746425830449
0.9217794516664641,0.5911617276575851,1.0,0.0013263746782058883
0.9217794516664641,0.5911694045841179,1.0,0.0013263747138287335
0.9217794516664641,0.591177081710041,1.0,0.0013263747494515806
0.9217794516664641,0.5911924365600894,1.0,0.0013263747850744297
0.9217794516664641,0.59120011428423,1.0,0.0013263748206972807
0.9217592030129996,0.5911948051948052,1.0,0.0013263748563201335
0.9217592030129996,0.5912024831491318,1.0,0.0013263748919429882
0.9217592030129996,0.5912408759124088,1.0,0.001326374927565845
0.9217592030129996,0.5912715937134693,1.0,0.0013263749631887037
0.9217592030129996,0.59130231470657,1.0,0.0013263749988115642
0.9217592030129996,0.5913099954536598,1.0,0.0013263750344344265
0.9217592030129996,0.5913253575464713,1.0,0.001326375070057291
0.9217592030129996,0.5913330388922086,1.0,0.0013263751056801572
0.9217592030129996,0.5913560841268398,1.0,0.0013263751413030254
0.9217389543595351,0.5917197452229299,1.0,0.0013263751769258955
0.9217389543595351,0.591727436987352,1.0,0.0013263752125487675
0.9217389543595351,0.5917351289517471,1.0,0.0013263752481716415
0.9217389543595351,0.5917428211161231,1.0,0.0013263752837945173
0.9217389543595351,0.5917505134804878,1.0,0.001326375319417395
0.9217389543595351,0.5917735917735918,1.0,0.0013263753550402746
0.9217389543595351,0.5917812849379891,1.0,0.0013263753906631562
0.9217389543595351,0.5917966718668747,1.0,0.0013263754262860398
0.9217389543595351,0.5918582275847722,1.0,0.0013263754619089253
0.9217389543595351,0.5918659229499031,1.0,0.0013263754975318125
0.9217389543595351,0.5918890102460083,1.0,0.0013263755331547017
0.9217187057060705,0.5918913998907758,1.0,0.0013263755687775928
0.9217187057060705,0.5918990962876276,1.0,0.001326375604400486
0.9217187057060705,0.5919067928846354,1.0,0.001326375640023381
0.9217187057060705,0.5919221866791501,1.0,0.0013263756756462777
0.9217187057060705,0.5919606746687127,1.0,0.0013263757112691767
0.9217187057060705,0.5919683728672492,1.0,0.0013263757468920773
0.9217187057060705,0.5919914686642477,1.0,0.00132637578251498
0.9217187057060705,0.5920145662634932,1.0,0.0013263758181378846
0.9217187057060705,0.5920222658637777,1.0,0.0013263758537607909
0.9217187057060705,0.592037665665197,1.0,0.0013263758893836994
0.9217187057060705,0.5920453658663476,1.0,0.0013263759250066096
0.9217187057060705,0.5920684676716569,1.0,0.0013263759606295218
0.9217187057060705,0.592076168674072,1.0,0.0013263759962524359
0.9217187057060705,0.5920992728833622,1.0,0.001326376031875352
0.9217187057060705,0.5921069746871667,1.0,0.0013263760674982698
0.9217187057060705,0.592130081300813,1.0,0.0013263761031211897
0.921698457052606,0.5921786982710396,1.0,0.0013263761387441115
0.921698457052606,0.5921864023105144,1.0,0.0013263761743670351
0.921698457052606,0.592201810990841,1.0,0.0013263762099899607
0.921698457052606,0.5922480418433995,1.0,0.0013263762456128883
0.921698457052606,0.5922557476872634,1.0,0.0013263762812358176
0.921698457052606,0.592263453731654,1.0,0.001326376316858749
0.921698457052606,0.592278866422047,1.0,0.0013263763524816823
0.9216782083991415,0.5922812678915318,1.0,0.0013263763881046174
0.9216782083991415,0.5922889747693589,1.0,0.0013263764237275546
0.9216579597456769,0.5924378497982559,1.0,0.0013263764593504934
0.9216579597456769,0.5924455609210064,1.0,0.0013263764949734344
0.9216377110922124,0.5924556790669825,1.0,0.0013263765305963772
0.9216377110922124,0.5924633908232997,1.0,0.0013263765662193219
0.9216377110922124,0.5924711027803812,1.0,0.0013263766018422685
0.9216377110922124,0.5924865272968681,1.0,0.001326376637465217
0.9216377110922124,0.5924942398562894,1.0,0.0013263766730881674
0.9216377110922124,0.5925019526165061,1.0,0.00132637670871112
0.9215972137852833,0.5925761974820003,1.0,0.0013263767443340742
0.9215972137852833,0.5925839127151524,1.0,0.0013263767799570304
0.9215972137852833,0.5926070596200669,1.0,0.0013263768155799885
0.9215972137852833,0.5926147756568839,1.0,0.0013263768512029486
0.9215972137852833,0.5926456418135889,1.0,0.0013263768868259104
0.9215972137852833,0.5926533588551636,1.0,0.0013263769224488744
0.9215972137852833,0.5926765111857697,1.0,0.0013263769580718402
0.9215972137852833,0.5926842290312919,1.0,0.0013263769936948078
0.9215769651318187,0.592887383573243,1.0,0.0013263770293177775
0.9215769651318187,0.5928951070814444,1.0,0.0013263770649407489
0.9215769651318187,0.5929028307908758,1.0,0.0013263771005637224
0.9215769651318187,0.5929182788134599,1.0,0.0013263771361866977
0.9215769651318187,0.5929337276410583,1.0,0.0013263771718096749
0.9215769651318187,0.592949177273734,1.0,0.001326377207432654
0.9215769651318187,0.5929569023919954,1.0,0.0013263772430556352
0.9215769651318187,0.5929646277115498,1.0,0.0013263772786786183
0.9215769651318187,0.5929723532324048,1.0,0.001326377314301603
0.9215769651318187,0.5929878048780488,1.0,0.0013263773499245898
0.9215769651318187,0.5930109838564672,1.0,0.0013263773855475786
0.9215769651318187,0.5930187105852921,1.0,0.0013263774211705692
0.9215769651318187,0.5930264375154729,1.0,0.0013263774567935619
0.9215769651318187,0.5930341646470174,1.0,0.0013263774924165564
0.9215769651318187,0.5930496195142291,1.0,0.0013263775280395527
0.9213744785971733,0.5946316793643741,1.0,0.001326377563662551
0.9213542299437087,0.5947585125155218,1.0,0.0013263775992855512
0.9213542299437087,0.5947818357689995,1.0,0.0013263776349085534
0.9213542299437087,0.5947896105933256,1.0,0.0013263776705315575
0.9213542299437087,0.5948051608517758,1.0,0.0013263777061545633
0.9213339812902442,0.5948154151851077,1.0,0.0013263777417775713
0.9213339812902442,0.5948309671346772,1.0,0.001326377777400581
0.9213339812902442,0.5948387434144301,1.0,0.0013263778130235928
0.9213339812902442,0.5948465198975056,1.0,0.0013263778486466062
0.9213339812902442,0.5948698505667481,1.0,0.0013263778842696218
0.9213339812902442,0.5948854053630028,1.0,0.0013263779198926394
0.9213339812902442,0.594893183066182,1.0,0.0013263779555156587
0.9213339812902442,0.5949009609727397,1.0,0.00132637799113868
0.9213339812902442,0.5949320746329154,1.0,0.0013263780267617031
0.9213339812902442,0.5949398535564854,1.0,0.0013263780623847283
0.9213339812902442,0.5949476326834817,1.0,0.0013263780980077551
0.9213339812902442,0.5949554120139124,1.0,0.0013263781336307842
0.9213339812902442,0.5949787512258908,1.0,0.001326378169253815
0.9213339812902442,0.5949865313701389,1.0,0.0013263782048768477
0.9213339812902442,0.5949943117178612,1.0,0.0013263782404998824
0.9213339812902442,0.5950098730237606,1.0,0.0013263782761229188
0.9213137326367796,0.5950434839469038,1.0,0.0013263783117459574
0.9213137326367796,0.5950512659552207,1.0,0.0013263783473689977
0.9213137326367796,0.5950823960240649,1.0,0.00132637838299204
0.9213137326367796,0.5951135293502146,1.0,0.0013263784186150842
0.9213137326367796,0.5951213131907658,1.0,0.0013263784542381304
0.9213137326367796,0.5951758057764756,1.0,0.0013263784898611785
0.9213137326367796,0.5951835912462229,1.0,0.0013263785254842284
0.9213137326367796,0.5952069488776097,1.0,0.0013263785611072804
0.9213137326367796,0.5952380952380952,1.0,0.0013263785967303342
0.9213137326367796,0.5952614571477164,1.0,0.00132637863235339
0.9213137326367796,0.5952692448584437,1.0,0.0013263786679764474
0.9213137326367796,0.5952848208912264,1.0,0.001326378703599507
0.9212934839833151,0.5953028915347377,1.0,0.0013263787392225684
0.9212934839833151,0.5953184696708013,1.0,0.001326378774845632
0.9212934839833151,0.5953262590445785,1.0,0.0013263788104686972
0.9212732353298506,0.5953365434941903,1.0,0.0013263788460917644
0.9212732353298506,0.5953443335121625,1.0,0.0013263788817148333
0.9212732353298506,0.5953521237340033,1.0,0.0013263789173379044
0.9212732353298506,0.5953599141597204,1.0,0.0013263789529609773
0.9212732353298506,0.5953677047893222,1.0,0.001326378988584052
0.9212732353298506,0.5953832866602109,1.0,0.0013263790242071288
0.9212732353298506,0.5954066609958778,1.0,0.0013263790598302076
0.9212732353298506,0.5954300371669371,1.0,0.0013263790954532882
0.9211517434090633,0.5958505789280663,1.0,0.0013263791310763706
0.9211517434090633,0.5958583834335337,1.0,0.0013263791666994552
0.9211517434090633,0.5958661881434522,1.0,0.0013263792023225415
0.9211517434090633,0.5959286331839975,1.0,0.0013263792379456297
0.9211517434090633,0.5959442464892056,1.0,0.0013263792735687197
0.9211517434090633,0.5959520534486147,1.0,0.0013263793091918118
0.9211517434090633,0.5959754755541582,1.0,0.0013263793448149057
0.9211314947555987,0.595993606540195,1.0,0.0013263793804380018
0.9211314947555987,0.596009223593533,1.0,0.0013263794160610996
0.9211314947555987,0.5960170324271209,1.0,0.0013263794516841993
0.9211314947555987,0.596024841465332,1.0,0.0013263794873073008
0.9211314947555987,0.5960482698077856,1.0,0.0013263795229304044
0.9211314947555987,0.5960560796645702,1.0,0.0013263795585535098
0.9211314947555987,0.5960873211384244,1.0,0.0013263795941766171
0.9211314947555987,0.5960951320186071,1.0,0.0013263796297997264
0.9211314947555987,0.5961107543930916,1.0,0.0013263796654228376
0.9211314947555987,0.5961341894902372,1.0,0.0013263797010459508
0.9211314947555987,0.5961810652128329,1.0,0.0013263797366690657
0.9211314947555987,0.5961888785499915,1.0,0.0013263797722921828
0.9211314947555987,0.5961966920919504,1.0,0.0013263798079153016
0.9211314947555987,0.5962045058387178,1.0,0.0013263798435384224
0.9211314947555987,0.5962279483079505,1.0,0.0013263798791615451
0.9211314947555987,0.5962592078013998,1.0,0.0013263799147846696
0.9211314947555987,0.5962670231869241,1.0,0.0013263799504077962
0.9211112461021342,0.5962773626949797,1.0,0.0013263799860309246
0.9211112461021342,0.596292994966443,1.0,0.001326380021654055
0.9211112461021342,0.5963164449105328,1.0,0.0013263800572771872
0.9211112461021342,0.5963320792312835,1.0,0.0013263800929003214
0.9211112461021342,0.596347714371862,1.0,0.0013263801285234573
0.9211112461021342,0.5963711686200477,1.0,0.0013263801641465955
0.9211112461021342,0.59637898711276,1.0,0.0013263801997697353
0.9211112461021342,0.5963868058104778,1.0,0.0013263802353928771
0.9211112461021342,0.5963946247132088,1.0,0.0013263802710160209
0.9211112461021342,0.5964493627733781,1.0,0.0013263803066391664
0.9211112461021342,0.5966136372578593,1.0,0.001326380342262314
0.9211112461021342,0.5966214621094877,1.0,0.0013263803778854634
0.9211112461021342,0.5966292871663715,1.0,0.0013263804135086148
0.9211112461021342,0.5966371124285189,1.0,0.001326380449131768
0.9211112461021342,0.596644937895938,1.0,0.0013263804847549233
0.9211112461021342,0.5966605894466233,1.0,0.0013263805203780805
0.9210909974486696,0.596710086183149,1.0,0.0013263805560012395
0.9210909974486696,0.5967179137370133,1.0,0.0013263805916244006
0.9210909974486696,0.596749226006192,1.0,0.0013263806272475634
0.9210707487952051,0.5967439358757396,1.0,0.0013263806628707282
0.9210707487952051,0.596767422334173,1.0,0.0013263806984938947
0.9210707487952051,0.5967909106414243,1.0,0.0013263807341170634
0.9210707487952051,0.5968144007977119,1.0,0.0013263807697402338
0.9210707487952051,0.5968222312607424,1.0,0.0013263808053634064
0.9210707487952051,0.5968300619292537,1.0,0.0013263808409865808
0.9210505001417406,0.5968560968889005,1.0,0.0013263808766097568
0.9210505001417406,0.5968639286182915,1.0,0.001326380912232935
0.9210505001417406,0.5968717605532154,1.0,0.0013263809478561153
0.9210505001417406,0.5968795926936804,1.0,0.0013263809834792972
0.9210505001417406,0.5968874250396945,1.0,0.001326381019102481
0.9210505001417406,0.5969030903484024,1.0,0.0013263810547256669
0.9203822945774106,0.5984726793943383,1.0,0.0013263810903488547
0.9203822945774106,0.5984805593227034,1.0,0.0013263811259720444
0.9203822945774106,0.5985042003528823,1.0,0.0013263811615952358
0.9203822945774106,0.5985199620773202,1.0,0.0013263811972184293
0.9203822945774106,0.5985278432508592,1.0,0.0013263812328416248
0.9203822945774106,0.5985357246319559,1.0,0.001326381268464822
0.9203822945774106,0.5985514880168554,1.0,0.0013263813040880212
0.9203822945774106,0.5985593700206745,1.0,0.0013263813397112224
0.9203822945774106,0.5985751346510924,1.0,0.0013263813753344254
0.9203822945774106,0.5985830172777076,1.0,0.0013263814109576303
0.9203822945774106,0.5985909001119378,1.0,0.0013263814465808374
0.9203822945774106,0.5985987831537914,1.0,0.001326381482204046
0.9203822945774106,0.5986539702609085,1.0,0.0013263815178272567
0.9203822945774106,0.5986618549640439,1.0,0.0013263815534504694
0.9203417972704815,0.5986907098354826,1.0,0.0013263815890736839
0.9203417972704815,0.5987064820791127,1.0,0.0013263816246969003
0.9203417972704815,0.5987143685125665,1.0,0.0013263816603201186
0.920321548617017,0.5989220957200084,1.0,0.001326381695943339
0.920321548617017,0.5989299880084863,1.0,0.0013263817315665612
0.920321548617017,0.5989536661219756,1.0,0.0013263817671897852
0.920321548617017,0.598961559242518,1.0,0.0013263818028130113
0.920321548617017,0.5989852398523985,1.0,0.0013263818384362392
0.9203012999635525,0.5989878489153642,1.0,0.001326381874059469
0.9203012999635525,0.5989957431105605,1.0,0.0013263819096827007
0.9203012999635525,0.5990036375138383,1.0,0.0013263819453059344
0.9203012999635525,0.599011532125206,1.0,0.0013263819809291699
0.9203012999635525,0.5990194269446715,1.0,0.0013263820165524075
0.9203012999635525,0.5990273219722431,1.0,0.001326382052175647
0.9203012999635525,0.5990352172079292,1.0,0.0013263820877988883
0.9203012999635525,0.5990431126517378,1.0,0.0013263821234221313
0.9203012999635525,0.5990510083036773,1.0,0.0013263821590453766
0.9203012999635525,0.5990825929929086,1.0,0.0013263821946686235
0.9203012999635525,0.5990904896856258,1.0,0.0013263822302918727
0.9203012999635525,0.5991062836956091,1.0,0.0013263822659151236
0.9203012999635525,0.5991141810128918,1.0,0.0013263823015383762
0.9203012999635525,0.5991299762720802,1.0,0.001326382337161631
0.9203012999635525,0.5991457723641541,1.0,0.0013263823727848877
0.9202810513100879,0.5992115810568506,1.0,0.0013263824084081461
0.9202810513100879,0.5992194813242449,1.0,0.0013263824440314066
0.9202810513100879,0.5992431833764041,1.0,0.001326382479654669
0.9202608026566234,0.5993248232935964,1.0,0.0013263825152779333
0.9202608026566234,0.5993327267212617,1.0,0.0013263825509011993
0.9202608026566234,0.5993564382549982,1.0,0.0013263825865244675
0.9202608026566234,0.5993722469865218,1.0,0.0013263826221477375
0.9202608026566234,0.5993801516650181,1.0,0.0013263826577710094
0.9202608026566234,0.5994038669515445,1.0,0.0013263826933942833
0.9202608026566234,0.5994433965997071,1.0,0.001326382729017559
0.9202608026566234,0.5994513031550068,1.0,0.0013263827646408368
0.9202608026566234,0.5994592099188815,1.0,0.0013263828002641163
0.9202608026566234,0.5994829314620377,1.0,0.0013263828358873978
0.9202608026566234,0.5994987468671679,1.0,0.0013263828715106812
0.9202405540031587,0.599509280145633,1.0,0.0013263829071339665
0.9201798080427651,0.5996595542535925,1.0,0.0013263829427572539
0.9201798080427651,0.599667467208572,1.0,0.001326382978380543
0.9201798080427651,0.5996991211169469,1.0,0.001326383014003834
0.9201798080427651,0.5997228637413395,1.0,0.001326383049627127
0.9201798080427651,0.59973077836725,1.0,0.001326383085250422
0.9201595593893006,0.599725495889037,1.0,0.0013263831208737188
0.9201393107358361,0.5997281281756872,1.0,0.0013263831564970174
0.9201393107358361,0.5997360432889006,1.0,0.0013263831921203181
0.9201393107358361,0.5997439586110415,1.0,0.0013263832277436206
0.9201393107358361,0.5997677058311116,1.0,0.001326383263366925
0.9201393107358361,0.5997756219890451,1.0,0.0013263832989902314
0.9201190620823715,0.5998178410200903,1.0,0.0013263833346135398
0.9201190620823715,0.5998257586757659,1.0,0.0013263833702368498
0.9201190620823715,0.599833676540472,1.0,0.001326383405860162
0.9201190620823715,0.5998415946142169,1.0,0.001326383441483476
0.9201190620823715,0.5998495128970087,1.0,0.001326383477106792
0.9201190620823715,0.5998811881188119,1.0,0.0013263835127301099
0.9201190620823715,0.599889107446963,1.0,0.0013263835483534297
0.9201190620823715,0.5999049467305636,1.0,0.0013263835839767513
0.9201190620823715,0.5999287072243346,1.0,0.0013263836196000748
0.9201190620823715,0.5999603908106681,1.0,0.0013263836552234005
0.9201190620823715,0.5999683122301588,1.0,0.001326383690846728
0.9201190620823715,0.5999762338588291,1.0,0.001326383726470057
0.9201190620823715,0.5999920777437414,1.0,0.0013263837620933884
0.9201190620823715,0.6000396144196487,1.0,0.0013263837977167217
0.9201190620823715,0.6000633855824211,1.0,0.0013263838333400567
0.9201190620823715,0.600071309721892,1.0,0.0013263838689633936
0.9201190620823715,0.6001109335587221,1.0,0.0013263839045867325
0.9201190620823715,0.6001188589540412,1.0,0.0013263839402100734
0.9201190620823715,0.6001426363960537,1.0,0.001326383975833416
0.9201190620823715,0.6001505626287706,1.0,0.0013263840114567608
0.9201190620823715,0.6001584890708578,1.0,0.0013263840470801073
0.9201190620823715,0.6001822696534235,1.0,0.0013263840827034557
0.9201190620823715,0.6001901969330744,1.0,0.0013263841183268061
0.9201190620823715,0.6002060521206197,1.0,0.0013263841539501585
0.9201190620823715,0.6002139800285307,1.0,0.0013263841895735126
0.9201190620823715,0.6002219081458782,1.0,0.0013263842251968689
0.9201190620823715,0.6002456937546232,1.0,0.0013263842608202269
0.9201190620823715,0.6002536227098001,1.0,0.0013263842964435868
0.9201190620823715,0.6002774108322325,1.0,0.0013263843320669487
0.9193293645972542,0.6019489559164733,1.0,0.0013263843676903123
0.9191066294091443,0.6025860581199305,1.0,0.0013263844033136781
0.9191066294091443,0.6025940578286382,1.0,0.0013263844389370457
0.9191066294091443,0.6026260587876052,1.0,0.0013263844745604152
0.9191066294091443,0.6026340595584233,1.0,0.0013263845101837866
0.9191066294091443,0.6026420605416888,1.0,0.00132638454580716
0.9191066294091443,0.6026500617374102,1.0,0.0013263845814305353
0.9191066294091443,0.6026820686450243,1.0,0.0013263846170539124
0.9191066294091443,0.6026900709031522,1.0,0.0013263846526772914
0.9191066294091443,0.6026980733737868,1.0,0.0013263846883006726
0.9191066294091443,0.6027060760569365,1.0,0.0013263847239240554
0.9191066294091443,0.6027140789526099,1.0,0.0013263847595474402
0.9191066294091443,0.6027460926607088,1.0,0.001326384795170827
0.9191066294091443,0.6027621007901202,1.0,0.0013263848307942157
0.9191066294091443,0.6027861145786301,1.0,0.0013263848664176062
0.9191066294091443,0.6027941196000053,1.0,0.0013263849020409986
0.9191066294091443,0.6028421541935055,1.0,0.001326384937664393
0.9191066294091443,0.602850160703376,1.0,0.0013263849732877895
0.9190863807556797,0.6029569999601483,1.0,0.0013263850089111876
0.9190863807556797,0.6029650096973883,1.0,0.0013263850445345878
0.9190863807556797,0.6029730196474354,1.0,0.0013263850801579899
0.9190863807556797,0.6029810298102981,1.0,0.0013263851157813938
0.9190863807556797,0.6029890401859848,1.0,0.0013263851514047997
0.9190863807556797,0.6030050615758639,1.0,0.0013263851870282074
0.9190863807556797,0.6030130725900733,1.0,0.0013263852226516172
0.9190863807556797,0.6030210838171407,1.0,0.0013263852582750288
0.9190863807556797,0.6030451187755753,1.0,0.0013263852938984423
0.9190863807556797,0.6030531308541592,1.0,0.0013263853295218577
0.9190863807556797,0.6030931944407536,1.0,0.0013263853651452751
0.9190863807556797,0.6031012077968669,1.0,0.0013263854007686945
0.9190863807556797,0.6031172351479557,1.0,0.0013263854363921156
0.9190863807556797,0.603141277771872,1.0,0.0013263854720155387
0.9190863807556797,0.6031492924058202,1.0,0.0013263855076389637
0.9190863807556797,0.603173337585712,1.0,0.0013263855432623906
0.9190863807556797,0.6031893687707641,1.0,0.0013263855788858195
0.9190863807556797,0.6032294504618247,1.0,0.0013263856145092501
0.9190863807556797,0.6032374674392642,1.0,0.001326385650132683
0.9190863807556797,0.6032454846297994,1.0,0.0013263856857561175
0.9190863807556797,0.6032855737792073,1.0,0.001326385721379554
0.9190863807556797,0.6033016109309374,1.0,0.0013263857570029924
0.9190863807556797,0.6033978517494417,1.0,0.0013263857926264326
0.9190863807556797,0.6034058732036744,1.0,0.001326385828249875
0.9190863807556797,0.603437961153432,1.0,0.001326385863873319
0.9190661321022152,0.6034407115412739,1.0,0.001326385899496765
0.9190661321022152,0.6034647804929933,1.0,0.001326385935120213
0.9190458834487507,0.6034675317768441,1.0,0.001326385970743663
0.9190458834487507,0.6034835793112618,1.0,0.0013263860063671149
0.9190458834487507,0.6034916033985295,1.0,0.0013263860419905685
0.9190256347952861,0.603534480465945,1.0,0.001326386077614024
0.9190256347952861,0.6035425060836956,1.0,0.0013263861132374816
0.9190256347952861,0.6035665842176654,1.0,0.001326386148860941
0.9190256347952861,0.6035826373743284,1.0,0.0013263861844844025
0.9190053861418216,0.6036014469624428,1.0,0.0013263862201078657
0.9190053861418216,0.6036094745381761,1.0,0.001326386255731331
0.9190053861418216,0.6036255303302345,1.0,0.001326386291354798
0.9189648888348925,0.6036471010733809,1.0,0.001326386326978267
0.9189648888348925,0.6036551302173393,1.0,0.001326386362601738
0.9189648888348925,0.6036631595748926,1.0,0.001326386398225211
0.9189648888348925,0.6036792189308184,1.0,0.0013263864338486856
0.9189648888348925,0.6036952791412267,1.0,0.0013263864694721622
0.9189648888348925,0.6037193710591428,1.0,0.0013263865050956408
0.9189648888348925,0.6037274021257633,1.0,0.0013263865407191213
0.9189648888348925,0.6037354334060554,1.0,0.0013263865763426038
0.9189648888348925,0.603743464900028,1.0,0.0013263866119660882
0.9189648888348925,0.6037996913415997,1.0,0.0013263866475895743
0.9189648888348925,0.6038077245453215,1.0,0.0013263866832130627
0.9189648888348925,0.6038318254390633,1.0,0.0013263867188365527
0.9189648888348925,0.603855928256849,1.0,0.0013263867544600447
0.9189648888348925,0.6038719978710665,1.0,0.0013263867900835385
0.9189648888348925,0.6039041396654735,1.0,0.0013263868257070344
0.9189648888348925,0.6039202118457997,1.0,0.001326386861330532
0.9189648888348925,0.6039282482567733,1.0,0.0013263868969540316
0.9186409103794597,0.6045842217484009,1.0,0.0013263869325775334
0.9186409103794597,0.6045922786817521,1.0,0.0013263869682010366
0.9186409103794597,0.6046003358298462,1.0,0.001326387003824542
0.9186409103794597,0.6046083931926916,1.0,0.0013263870394480495
0.9186409103794597,0.6046164507702969,1.0,0.0013263870750715586
0.9186409103794597,0.6046245085626708,1.0,0.0013263871106950697
0.9186409103794597,0.6046486832284892,1.0,0.0013263871463185827
0.9186409103794597,0.6046567418800229,1.0,0.0013263871819420977
0.9186409103794597,0.6046728598275334,1.0,0.0013263872175656144
0.9186409103794597,0.6046889786343583,1.0,0.0013263872531891333
0.9186409103794597,0.6046970383600352,1.0,0.001326387288812654
0.9186409103794597,0.6047131584559607,1.0,0.0013263873244361765
0.9186409103794597,0.6047212188262266,1.0,0.001326387360059701
0.9186409103794597,0.6047454012263397,1.0,0.0013263873956832276
0.9186409103794597,0.6047615239009304,1.0,0.001326387431306756
0.9186409103794597,0.6047695855606062,1.0,0.0013263874669302862
0.9186409103794597,0.6047857095247617,1.0,0.0013263875025538183
0.9186409103794597,0.6047937718292585,1.0,0.0013263875381773523
0.9186409103794597,0.6048179600325285,1.0,0.0013263875738008884
0.9186409103794597,0.604826023196907,1.0,0.0013263876094244263
0.9186004130725307,0.6052673711175152,1.0,0.001326387645047966
0.9186004130725307,0.6053077508105728,1.0,0.001326387680671508
0.9186004130725307,0.6053319812126388,1.0,0.0013263877162950515
0.9186004130725307,0.6053481358917563,1.0,0.001326387751918597
0.9186004130725307,0.605356213554663,1.0,0.0013263877875421446
0.9186004130725307,0.6053804478368785,1.0,0.0013263878231656939
0.9186004130725307,0.6053885263621442,1.0,0.0013263878587892453
0.9186004130725307,0.6053966051030213,1.0,0.0013263878944127984
0.9186004130725307,0.6054127632316438,1.0,0.0013263879300363535
0.9186004130725307,0.6054208426194067,1.0,0.0013263879656599106
0.9186004130725307,0.6054289222228153,1.0,0.0013263880012834696
0.9185599157656016,0.6054749542864007,1.0,0.0013263880369070306
0.9185599157656016,0.6054830356904514,1.0,0.0013263880725305933
0.9185599157656016,0.6054911173102334,1.0,0.001326388108154158
0.9185599157656016,0.6054991991457555,1.0,0.0013263881437777245
0.9185599157656016,0.6055072811970261,1.0,0.001326388179401293
0.9185599157656016,0.6055638615976079,1.0,0.0013263882150248635
0.9185599157656016,0.6055800293685756,1.0,0.001326388250648436
0.9185396671121371,0.6055990174351854,1.0,0.0013263882862720102
0.9185194184586725,0.6056826982134751,1.0,0.0013263883218955863
0.918499169805208,0.6057097838133771,1.0,0.0013263883575191644
0.918499169805208,0.6057178720222198,1.0,0.0013263883931427444
0.9184789211517435,0.6057287841356747,1.0,0.0013263884287663264
0.9184789211517435,0.6057368730302869,1.0,0.0013263884643899102
0.9184789211517435,0.6057530514676425,1.0,0.0013263885000134958
0.9184789211517435,0.6057773207441338,1.0,0.0013263885356370837
0.9184789211517435,0.6057854109351212,1.0,0.0013263885712606733
0.9184789211517435,0.6058015919653827,1.0,0.0013263886068842646
0.9184789211517435,0.6058096828046745,1.0,0.001326388642507858
0.9184789211517435,0.605817773860085,1.0,0.0013263886781314533
0.9184789211517435,0.6058258651316228,1.0,0.0013263887137550507
0.9184789211517435,0.605833956619297,1.0,0.0013263887493786498
0.9184789211517435,0.605850140243088,1.0,0.0013263887850022509
0.9184586724982788,0.6058529678901533,1.0,0.0013263888206258537
0.9184586724982788,0.6058691528864906,1.0,0.0013263888562494587
0.9184586724982788,0.6058772457089427,1.0,0.0013263888918730654
0.9184586724982788,0.6058853387475956,1.0,0.0013263889274966743
0.9184384238448143,0.6059367318585016,1.0,0.0013263889631202849
0.9184384238448143,0.6059448266648855,1.0,0.0013263889987438972
0.9184384238448143,0.6059529216875518,1.0,0.0013263890343675117
0.9184384238448143,0.6059691123817667,1.0,0.0013263890699911282
0.9184384238448143,0.6059853039412157,1.0,0.0013263891056147464
0.9184384238448143,0.6059934000454248,1.0,0.0013263891412383666
0.9184384238448143,0.6060014963659683,1.0,0.0013263891768619887
0.9184181751913498,0.6060124256797381,1.0,0.0013263892124856127
0.9184181751913498,0.6060205226871893,1.0,0.0013263892481092387
0.9184181751913498,0.6060367173512199,1.0,0.0013263892837328665
0.9183979265378852,0.6060314533477639,1.0,0.0013263893193564962
0.9183979265378852,0.6060557470803603,1.0,0.0013263893549801278
0.9183979265378852,0.6060638454240549,1.0,0.0013263893906037614
0.9183776778844207,0.6060585814313967,1.0,0.0013263894618510345
0.9183776778844207,0.606066680029398,1.0,0.0013263894974746737
0.9183776778844207,0.6060747788438411,1.0,0.001326389533098315
0.9183776778844207,0.6060990765859069,1.0,0.001326389568721958
0.9183776778844207,0.6061233762762602,1.0,0.0013263896043456032
0.9183776778844207,0.6061314766060379,1.0,0.0013263896399692502
0.9183776778844207,0.6061476779151354,1.0,0.00132638971121655
0.9183776778844207,0.6061638800903465,1.0,0.0013263897468402026
0.9183776778844207,0.6062368005988183,1.0,0.0013263897824638572
0.9183776778844207,0.6062611113338947,1.0,0.0013263898537111722
0.9183776778844207,0.606269215345542,1.0,0.0013263898893348326
0.9183776778844207,0.6062773195738481,1.0,0.0013263899249584949
0.9183776778844207,0.6062854240188215,1.0,0.001326389960582159
0.9183776778844207,0.606293528680471,1.0,0.0013263899962058252
0.9183776778844207,0.6063097386538333,1.0,0.0013263900318294932
0.9183776778844207,0.6063178439655633,1.0,0.0013263900674531633
0.9183776778844207,0.6063259494940042,1.0,0.001326390103076835
0.9183776778844207,0.6063340552391647,1.0,0.0013263901387005088
0.9183574292309561,0.6063450046123612,1.0,0.0013263901743241844
0.9183574292309561,0.6063693245628109,1.0,0.001326390209947862
0.9183574292309561,0.6063774316465005,1.0,0.0013263902455715416
0.9183371805774916,0.6063721688905527,1.0,0.0013263903168189064
0.9183371805774916,0.6063802762290589,1.0,0.0013263903524425916
0.9183371805774916,0.6064045995453937,1.0,0.0013263903880662788
0.9183371805774916,0.6064127077511399,1.0,0.0013263904236899679
0.9183371805774916,0.6064370336694034,1.0,0.001326390459313659
0.9183371805774916,0.6065181341606932,1.0,0.0013263905305610467
0.9183371805774916,0.6065262454028753,1.0,0.0013263905661847434
0.9183371805774916,0.6065424685381087,1.0,0.001326390601808442
0.9183371805774916,0.6065505804311775,1.0,0.001326390673055845
0.9183371805774916,0.6065586925412259,1.0,0.0013263907086795495
0.9183371805774916,0.6065749174122965,1.0,0.0013263907443032557
0.9183371805774916,0.6065830301733361,1.0,0.001326390779926964
0.9183371805774916,0.6065911431513903,1.0,0.001326390815550674
0.9183371805774916,0.6065992563464676,1.0,0.0013263908511743862
0.9183371805774916,0.6066154833877268,1.0,0.0013263908867981
0.9183371805774916,0.6066560547893899,1.0,0.0013263909224218158
0.9183371805774916,0.6066641697209664,1.0,0.0013263909580455337
0.9183371805774916,0.6066804002354326,1.0,0.0013263909936692534
0.9183371805774916,0.6066885158183399,1.0,0.001326391029292975
0.9183371805774916,0.606696631618375,1.0,0.001326391100540424
0.9183371805774916,0.6067209803213335,1.0,0.0013263911361641512
0.9183371805774916,0.6067290969899666,1.0,0.0013263912074116117
0.9183371805774916,0.606737213875771,1.0,0.0013263912430353448
0.9183371805774916,0.6067453309787553,1.0,0.0013263912786590799
0.9183371805774916,0.6067615658362989,1.0,0.0013263913142828167
0.9170817640626898,0.6110414052697616,1.0,0.0013263913499065557
0.9170817640626898,0.6110578933876604,1.0,0.0013263913855302964
0.9170817640626898,0.6110743823954019,1.0,0.001326391421154039
0.9170817640626898,0.6110826272329861,1.0,0.0013263914567777835
0.9170817640626898,0.6110908722930581,1.0,0.00132639149240153
0.9170817640626898,0.6110991175756267,1.0,0.0013263915280252783
0.9170817640626898,0.6111238547584029,1.0,0.0013263915636490288
0.9170817640626898,0.6111403473262357,1.0,0.001326391634896535
0.9170817640626898,0.6111485939439737,1.0,0.0013263917061440492
0.9170817640626898,0.6111650878471379,1.0,0.001326391741767809
0.9170817640626898,0.6111815826406132,1.0,0.0013263917773915707
0.9170817640626898,0.6111898303712401,1.0,0.0013263918130153344
0.9170817640626898,0.6112063265003171,1.0,0.0013263918486391
0.9170817640626898,0.6112723199222598,1.0,0.0013263918842628677
0.9170817640626898,0.6112805701020353,1.0,0.001326391919886637
0.9170817640626898,0.6112970711297071,1.0,0.0013263919555104085
0.9170615154092253,0.6113495855943414,1.0,0.0013263919911341818
0.9170615154092253,0.611357838042143,1.0,0.001326392026757957
0.9170615154092253,0.6113743436061502,1.0,0.001326392062381734
0.9170615154092253,0.6113991036233057,1.0,0.001326392098005513
0.9170615154092253,0.6114156114156114,1.0,0.0013263921336292939
0.9170615154092253,0.6114238656460519,1.0,0.0013263921692530769
0.9170615154092253,0.6114321200993628,1.0,0.0013263922048768616
0.9170615154092253,0.6114403747755531,1.0,0.0013263922405006483
0.9170615154092253,0.6114486296746321,1.0,0.0013263922761244367
0.9170615154092253,0.6114568847966085,1.0,0.0013263923473720196
0.9170615154092253,0.6114651401414916,1.0,0.0013263923829958141
0.9170615154092253,0.6114899075136704,1.0,0.0013263924186196104
0.9170615154092253,0.61149816375027,1.0,0.0013263924542434083
0.9170615154092253,0.6115064202098214,1.0,0.0013263924898672085
0.9170615154092253,0.6115229337978153,1.0,0.0013263925254910105
0.9170615154092253,0.611531190926276,1.0,0.0013263925611148144
0.9170210181022962,0.6115206999918983,1.0,0.0013263925967386201
0.9170210181022962,0.6115289574246864,1.0,0.0013263926323624279
0.9170210181022962,0.6115372150804796,1.0,0.0013263926679862375
0.9170210181022962,0.611545472959287,1.0,0.001326392703610049
0.9170210181022962,0.6115537310611175,1.0,0.0013263927392338625
0.9170210181022962,0.6115619893859803,1.0,0.0013263927748576778
0.9170210181022962,0.6115702479338843,1.0,0.001326392810481495
0.9170210181022962,0.6115785067048386,1.0,0.0013263928461053143
0.9170210181022962,0.6116032843560933,1.0,0.0013263928817291355
0.9170210181022962,0.611611544019339,1.0,0.0013263929173529584
0.9170007694488317,0.611721958072185,1.0,0.0013263929529767834
0.9170007694488317,0.6117632755616194,1.0,0.001326393024224439
0.9170007694488317,0.6117798041202297,1.0,0.0013263930598482697
0.9169805207953671,0.6117745596022911,1.0,0.0013263930954721024
0.9169805207953671,0.611799354237311,1.0,0.0013263931310959368
0.9169805207953671,0.6118158851105797,1.0,0.0013263931667197733
0.9169602721419026,0.6118271725032426,1.0,0.0013263932023436116
0.9169602721419026,0.611835438762413,1.0,0.0013263932379674519
0.9169602721419026,0.6118437052449537,1.0,0.001326393273591294
0.9169602721419026,0.6118519719508735,1.0,0.001326393309215138
0.9169602721419026,0.611868506032887,1.0,0.0013263933448389841
0.9169602721419026,0.6118767734089988,1.0,0.001326393380462832
0.9169602721419026,0.6118933088314776,1.0,0.0013263934160866817
0.9169602721419026,0.611901576877863,1.0,0.0013263934517105335
0.9169602721419026,0.6119181136409702,1.0,0.0013263934873343872
0.9169602721419026,0.6119263823577104,1.0,0.0013263935229582426
0.9169602721419026,0.6119346512979204,1.0,0.0013263935585821002
0.9169602721419026,0.6119429204616091,1.0,0.0013263935942059595
0.9169602721419026,0.6119511898487858,1.0,0.0013263936298298208
0.9169602721419026,0.6120090818174446,1.0,0.001326393665453684
0.9169602721419026,0.6120173529928506,1.0,0.0013263937010775492
0.9169602721419026,0.6120256243918262,1.0,0.0013263937367014162
0.9169602721419026,0.6120421678605217,1.0,0.0013263937723252853
0.9169602721419026,0.6120504399302599,1.0,0.001326393807949156
0.9169602721419026,0.6120587122236039,1.0,0.0013263938435730289
0.9169602721419026,0.6120752574811451,1.0,0.0013263938791969036
0.9169602721419026,0.6120835304453606,1.0,0.00132639391482078
0.9169602721419026,0.612091803633218,1.0,0.0013263939504446587
0.9169602721419026,0.6121000770447265,1.0,0.001326393986068539
0.9169602721419026,0.612116624538733,1.0,0.0013263940216924214
0.9169602721419026,0.6121497222109574,1.0,0.0013263940573163056
0.9169602721419026,0.6121579971882772,1.0,0.0013263940929401918
0.9169602721419026,0.6121662723893208,1.0,0.00132639412856408
0.9169602721419026,0.6121828234626148,1.0,0.00132639416418797
0.9169602721419026,0.6121910993348835,1.0,0.0013263941998118618
0.9169602721419026,0.6122159282942854,1.0,0.0013263942354357556
0.9169602721419026,0.6122242050616483,1.0,0.0013263942710596513
0.9169602721419026,0.6122324820528073,1.0,0.001326394306683549
0.9169602721419026,0.6122407592677717,1.0,0.0013263943423074487
0.9169602721419026,0.6122655922555873,1.0,0.0013263943779313501
0.9169602721419026,0.6122821486999905,1.0,0.0013263944135552535
0.9169602721419026,0.6122904272579773,1.0,0.0013263944491791588
0.9169602721419026,0.612398068887176,1.0,0.001326394484803066
0.9169602721419026,0.612431197003097,1.0,0.0013263945204269752
0.9169602721419026,0.6124394795921128,1.0,0.0013263945560508862
0.9169602721419026,0.6124477624051609,1.0,0.0013263945916747993
0.9169400234884381,0.6124590873434499,1.0,0.0013263946272987141
0.9169400234884381,0.6125253618287569,1.0,0.001326394662922631
0.9169400234884381,0.6125336471479392,1.0,0.0013263946985465497
0.9169400234884381,0.6125419326912672,1.0,0.0013263947341704701
0.9169400234884381,0.6125502184587498,1.0,0.0013263947697943928
0.9169400234884381,0.6125667906662158,1.0,0.0013263948054183172
0.9169400234884381,0.6125750771062172,1.0,0.0013263948410422435
0.9169400234884381,0.6125916506588025,1.0,0.0013263948766661718
0.9169400234884381,0.6125999377714046,1.0,0.001326394912290102
0.9168792775280444,0.612907592143911,1.0,0.001326394947914034
0.9167982829141862,0.6131439250311468,1.0,0.0013263949835379681
0.9167982829141862,0.6131771397616468,1.0,0.001326395019161904
0.9167982829141862,0.6131937484763943,1.0,0.0013263950547858418
0.9167982829141862,0.6132020531711744,1.0,0.0013263950904097816
0.9167982829141862,0.6132186632355929,1.0,0.0013263951260337233
0.9167982829141862,0.6132518860641194,1.0,0.0013263951616576668
0.9167982829141862,0.6132601923337396,1.0,0.0013263951972816122
0.9167780342607217,0.6132715673127718,1.0,0.0013263952329055598
0.9167780342607217,0.6132798742990274,1.0,0.0013263952685295091
0.9167780342607217,0.6133131044945951,1.0,0.0013263953041534602
0.9167780342607217,0.613338029504599,1.0,0.0013263953397774134
0.9167780342607217,0.613371266002845,1.0,0.0013263953754013686
0.9167780342607217,0.61339619574053,1.0,0.0013263954110253255
0.9167780342607217,0.6134045061034263,1.0,0.0013263954466492844
0.9167780342607217,0.6134128166915053,1.0,0.0013263954822732452
0.9167780342607217,0.6134294385432474,1.0,0.001326395517897208
0.9167780342607217,0.6134377498069289,1.0,0.0013263955535211724
0.9167780342607217,0.6134460612958296,1.0,0.001326395589145139
0.9166970396468634,0.6138992474066038,1.0,0.0013263956247691075
0.9166970396468634,0.6139075721414624,1.0,0.0013263956603930779
0.9166970396468634,0.6139491992025929,1.0,0.0013263956960170502
0.9166970396468634,0.6139575252922509,1.0,0.0013263957316410244
0.9166970396468634,0.613965851607741,1.0,0.0013263957672650004
0.9166970396468634,0.6139908319092956,1.0,0.0013263958028889786
0.9166970396468634,0.6140074865729941,1.0,0.0013263958385129585
0.9166970396468634,0.6140407986111112,1.0,0.0013263958741369403
0.9166970396468634,0.6140574559856767,1.0,0.001326395909760924
0.9166970396468634,0.6140824437421157,1.0,0.0013263959453849096
0.9166970396468634,0.6140991033762428,1.0,0.0013263959810088973
0.9166970396468634,0.6141074335322844,1.0,0.0013263960166328868
0.9166970396468634,0.6141157639143233,1.0,0.0013263960522568782
0.9166970396468634,0.6141324253564306,1.0,0.0013263960878808715
0.9166970396468634,0.6141657509530205,1.0,0.0013263961235048668
0.9166970396468634,0.6141740829172998,1.0,0.001326396159128864
0.9166970396468634,0.6142240794507909,1.0,0.001326396194752863
0.9166970396468634,0.6142490807701179,1.0,0.001326396230376864
0.9166767909933989,0.6142438468426908,1.0,0.0013263962660008668
0.9166767909933989,0.6142521811101613,1.0,0.0013263963016248716
0.9166767909933989,0.6142605156037992,1.0,0.0013263963372488784
0.9166767909933989,0.6142771852696138,1.0,0.0013263963728728872
0.9166767909933989,0.6143021914648212,1.0,0.0013263964084968976
0.9166565423399344,0.6143052935828369,1.0,0.00132639644412091
0.9166565423399344,0.61433030261908,1.0,0.0013263964797449244
0.9166565423399344,0.6143386394170093,1.0,0.0013263965153689408
0.9166565423399344,0.6143636511684716,1.0,0.001326396550992959
0.9166362936864698,0.614400108577633,1.0,0.001326396586616979
0.9166362936864698,0.6144167865577241,1.0,0.0013263966222410012
0.9166362936864698,0.614425125887319,1.0,0.0013263966578650251
0.9166362936864698,0.6144668259311543,1.0,0.001326396693489051
0.9166362936864698,0.6144751666191581,1.0,0.0013263967291130788
0.9166362936864698,0.6144835075335958,1.0,0.0013263967647371084
0.9166362936864698,0.6145001900418092,1.0,0.00132639680036114
0.9166362936864698,0.6145085316356035,1.0,0.0013263968359851735
0.9166362936864698,0.6145168734558684,1.0,0.001326396871609209
0.9166362936864698,0.6145836161720384,1.0,0.0013263969072332463
0.9166362936864698,0.6146003041164332,1.0,0.0013263969428572856
0.9166362936864698,0.6146086484284842,1.0,0.0013263969784813269
0.9166362936864698,0.6146169929671165,1.0,0.0013263970141053699
0.9166362936864698,0.6146253377323395,1.0,0.0013263970497294148
0.9166362936864698,0.6146336827241623,1.0,0.0013263970853534617
0.9166362936864698,0.6146503733876443,1.0,0.0013263971209775106
0.9166362936864698,0.6146587190593219,1.0,0.0013263971566015614
0.9166362936864698,0.6146754110825967,1.0,0.0013263971922256139
0.9166362936864698,0.6146921040124924,1.0,0.0013263972278496686
0.9166362936864698,0.6147087978490827,1.0,0.001326397263473725
0.9166160450330053,0.6147286084819186,1.0,0.0013263972990977834
0.9166160450330053,0.6147369564626959,1.0,0.0013263973347218438
0.9166160450330053,0.6147453046702066,1.0,0.0013263973703459058
0.9166160450330053,0.6147536531044597,1.0,0.00132639740596997
0.9166160450330053,0.6147786997677672,1.0,0.001326397441594036
0.9166160450330053,0.6149373760426006,1.0,0.001326397477218104
0.9166160450330053,0.6149457296944834,1.0,0.0013263975128421739
0.9166160450330053,0.6149540835733305,1.0,0.0013263975484662457
0.9166160450330053,0.6149624376791513,1.0,0.001326397619714395
0.9166160450330053,0.6149791465717508,1.0,0.0013263976553384725
0.9166160450330053,0.614987501358548,1.0,0.001326397690962552
0.9166160450330053,0.6149958563723559,1.0,0.0013263977265866333
0.9166160450330053,0.6150209227759361,1.0,0.0013263977622107166
0.9166160450330053,0.6150459912229453,1.0,0.001326397797834802
0.9166160450330053,0.6150627046563133,1.0,0.001326397833458889
0.9166160450330053,0.6150877765095929,1.0,0.0013263978690829779
0.9166160450330053,0.6150961342482506,1.0,0.0013263979047070688
0.9166160450330053,0.6151044922140392,1.0,0.0013263979403311617
0.9166160450330053,0.6151379263486887,1.0,0.0013263979759552565
0.9166160450330053,0.6151630043350048,1.0,0.001326398011579353
0.9166160450330053,0.6151713641181746,1.0,0.0013263980472034518
0.9160085854290689,0.6169603404069609,1.0,0.0013263980828275522
0.9159883367756044,0.6170056057940178,1.0,0.0013263981184516546
0.9159883367756044,0.6170645205292593,1.0,0.001326398154075759
0.9159883367756044,0.6170981911439718,1.0,0.001326398189699865
0.9159680881221399,0.617092967737535,1.0,0.0013263982253239734
0.9159680881221399,0.6171098045100474,1.0,0.0013263982609480834
0.9159478394686753,0.6171129998226491,1.0,0.0013263982965721953
0.9159478394686753,0.6171214188267394,1.0,0.0013263983321963092
0.9159478394686753,0.6171298380605466,1.0,0.001326398367820425
0.9159478394686753,0.6171382575240798,1.0,0.0013263984034445426
0.9159478394686753,0.6171466772173486,1.0,0.0013263984390686624
0.9159478394686753,0.6171635172931305,1.0,0.001326398474692784
0.9159478394686753,0.6171803582879675,1.0,0.0013263985103169073
0.9159478394686753,0.6171972002019348,1.0,0.0013263985459410327
0.9159478394686753,0.6172056215036158,1.0,0.00132639858156516
0.9159478394686753,0.6172140430351076,1.0,0.0013263986171892892
0.9159478394686753,0.6172308867875612,1.0,0.0013263986528134202
0.9159478394686753,0.617247731459371,1.0,0.0013263986884375534
0.9159478394686753,0.6172561541400579,1.0,0.0013263987240616883
0.9159478394686753,0.6172730001910428,1.0,0.0013263987596858252
0.9159478394686753,0.6172898471615721,1.0,0.0013263987953099638
0.9159478394686753,0.6172982709916893,1.0,0.0013263988309341046
0.9159478394686753,0.6173066950517209,1.0,0.0013263988665582472
0.9159478394686753,0.6173151193416762,1.0,0.0013263989021823916
0.9159478394686753,0.6173319686113954,1.0,0.001326398937806538
0.9159275908152108,0.6173267461855502,1.0,0.0013263989734306864
0.9159275908152108,0.6173435964624959,1.0,0.0013263990090548365
0.9159275908152108,0.6173604476593422,1.0,0.0013263990446789888
0.9159275908152108,0.6173688736027515,1.0,0.0013263990803031428
0.9159073421617463,0.6173636512529345,1.0,0.0013263991159272988
0.9159073421617463,0.6173720774700752,1.0,0.0013263991515514567
0.9159073421617463,0.6173889305944176,1.0,0.0013263991871756166
0.9159073421617463,0.617422639603609,1.0,0.0013263992227997782
0.9158060988944235,0.6175819974328863,1.0,0.001326399258423942
0.9158060988944235,0.6176072974559954,1.0,0.0013263992940481075
0.9158060988944235,0.6176325995520839,1.0,0.001326399329672275
0.9158060988944235,0.6176410340448195,1.0,0.0013263993652964444
0.9158060988944235,0.6176494687679239,1.0,0.0013263994009206155
0.9158060988944235,0.6176747743195444,1.0,0.0013263994365447888
0.9158060988944235,0.6177085182807741,1.0,0.0013263994721689639
0.9158060988944235,0.6177169548471687,1.0,0.001326399507793141
0.9158060988944235,0.6177253916440171,1.0,0.0013263995434173198
0.9158060988944235,0.6177507034173791,1.0,0.0013263995790415008
0.9158060988944235,0.6177591411361371,1.0,0.0013263996146656836
0.9158060988944235,0.6177675790853958,1.0,0.0013263996502898682
0.9158060988944235,0.6177844556754541,1.0,0.001326399685914055
0.9158060988944235,0.6177928943162726,1.0,0.0013263997215382435
0.9158060988944235,0.6178182116219982,1.0,0.001326399757162434
0.9158060988944235,0.6178266511850283,1.0,0.001326399792786626
0.9158060988944235,0.6178350909786351,1.0,0.0013263998284108204
0.9158060988944235,0.6178435310028277,1.0,0.0013263998640350165
0.9158060988944235,0.6178519712576159,1.0,0.0013263998996592146
0.9158060988944235,0.6178772934056476,1.0,0.0013263999352834148
0.9158060988944235,0.6178857345829121,1.0,0.0013263999709076165
0.9158060988944235,0.6179026176293787,1.0,0.0013264000065318204
0.9158060988944235,0.6179110594985996,1.0,0.0013264000421560262
0.9158060988944235,0.6179195015984916,1.0,0.0013264000777802338
0.9158060988944235,0.6179617155583489,1.0,0.0013264001134044433
0.9158060988944235,0.617970159042466,1.0,0.0013264001490286548
0.9158060988944235,0.6179786027573203,1.0,0.0013264001846528682
0.9158060988944235,0.6179870467029214,1.0,0.0013264002202770836
0.9158060988944235,0.6180039352864014,1.0,0.0013264002559013007
0.9158060988944235,0.6180123799242994,1.0,0.0013264002915255198
0.9158060988944235,0.6180292698924584,1.0,0.0013264003271497408
0.9158060988944235,0.6180377152227384,1.0,0.0013264003627739638
0.9157858502409589,0.6180747259955722,1.0,0.0013264003983981887
0.9157453529340299,0.6182163654755721,1.0,0.0013264004340224156
0.9157251042805653,0.6182111465011688,1.0,0.0013264004696466442
0.9157251042805653,0.6182280488305013,1.0,0.0013264005052708748
0.9157251042805653,0.6182449520841024,1.0,0.0013264005408951073
0.9157251042805653,0.6182618562620477,1.0,0.0013264005765193417
0.9157251042805653,0.6182703086976732,1.0,0.0013264006121435782
0.9157251042805653,0.6182787613644132,1.0,0.0013264006477678165
0.9157048556271008,0.6182735426008968,1.0,0.0013264006833920566
0.9157048556271008,0.6182819955429775,1.0,0.0013264007190162987
0.9157048556271008,0.6183073557560842,1.0,0.0013264007546405427
0.9157048556271008,0.6183158096227731,1.0,0.0013264007902647887
0.9157048556271008,0.618349627401381,1.0,0.0013264008258890366
0.9157048556271008,0.6183580824240436,1.0,0.0013264008615132862
0.9157048556271008,0.6183749931630477,1.0,0.001326400897137538
0.9157048556271008,0.6183919048270203,1.0,0.0013264009327617916
0.9157048556271008,0.6184088174160376,1.0,0.001326400968386047
0.9157048556271008,0.6184511029361487,1.0,0.0013264010040103043
0.915158141983558,0.6196240797356768,1.0,0.0013264010396345637
0.915158141983558,0.6196325747189471,1.0,0.0013264010752588248
0.915158141983558,0.6196580610663998,1.0,0.0013264011108830881
0.915158141983558,0.6196665569814632,1.0,0.0013264011465073532
0.915158141983558,0.6196750531294989,1.0,0.0013264011821316202
0.915158141983558,0.6196835495105164,1.0,0.001326401217755889
0.915158141983558,0.6197175373645962,1.0,0.0013264012533801598
0.915158141983558,0.6197260349106666,1.0,0.0013264012890044324
0.915158141983558,0.6197345326897762,1.0,0.0013264013246287072
0.915158141983558,0.6197430307019348,1.0,0.0013264013602529838
0.915158141983558,0.6197515289471519,1.0,0.0013264013958772622
0.915158141983558,0.6197685261368,1.0,0.0013264014315015425
0.915158141983558,0.6198875325744068,1.0,0.0013264014671258248
0.915158141983558,0.6198960347830857,1.0,0.001326401502750109
0.915158141983558,0.6199215428085479,1.0,0.001326401538374395
0.9151378933300935,0.6199248326566443,1.0,0.001326401573998683
0.9151378933300935,0.6199588477366255,1.0,0.001326401609622973
0.9151378933300935,0.6199843614963578,1.0,0.001326401645247265
0.9151378933300935,0.620009877356161,1.0,0.0013264016808715586
0.9151378933300935,0.6200694225307668,1.0,0.0013264017164958542
0.9151378933300935,0.6200779299179541,1.0,0.001326401752120152
0.9151378933300935,0.6200949453926787,1.0,0.0013264017877444513
0.9151378933300935,0.6201204703557854,1.0,0.0013264018233687528
0.915117644676629,0.6201322758582837,1.0,0.0013264018589930562
0.915117644676629,0.6201492946923541,1.0,0.0013264018946173614
0.915117644676629,0.6201578044596913,1.0,0.0013264019302416685
0.915117644676629,0.6201748246950174,1.0,0.0013264019658659777
0.915117644676629,0.6201918458646101,1.0,0.0013264020014902885
0.915117644676629,0.6202088679685462,1.0,0.0013264020371146015
0.915117644676629,0.6202173793709173,1.0,0.0013264020727389164
0.915117644676629,0.620225891006903,1.0,0.001326402108363233
0.915117644676629,0.6202344028765131,1.0,0.0013264021439875517
0.915117644676629,0.620242914979757,1.0,0.0013264021796118722
0.915117644676629,0.6202939925060734,1.0,0.0013264022152361947
0.915117644676629,0.6203110202176867,1.0,0.0013264022508605192
0.915117644676629,0.6203450784456371,1.0,0.0013264022864848454
0.915117644676629,0.6203706245710364,1.0,0.0013264023221091735
0.915117644676629,0.6203876564902262,1.0,0.0013264023577335038
0.915117644676629,0.6203961728005272,1.0,0.0013264023933578359
0.915117644676629,0.6204046893446449,1.0,0.0013264024289821696
0.915117644676629,0.6204643117011491,1.0,0.0013264024646065056
0.9150973960231644,0.6204676194791109,1.0,0.0013264025002308433
0.9150973960231644,0.6204846571016681,1.0,0.001326402535855183
0.9150973960231644,0.6204931762638328,1.0,0.0013264025714795247
0.9150973960231644,0.6205187351539866,1.0,0.0013264026071038682
0.9150973960231644,0.6205698592516307,1.0,0.0013264026427282135
0.9149759041023772,0.6208114086306621,1.0,0.001326402678352561
0.9149759041023772,0.6208199379001457,1.0,0.0013264027139769101
0.9149759041023772,0.6208284674039981,1.0,0.0013264027496012615
0.9149759041023772,0.6208369971422291,1.0,0.0013264027852256145
0.9149759041023772,0.6208455271148482,1.0,0.0013264028208499693
0.9149759041023772,0.6208625877632898,1.0,0.0013264028564743263
0.9149759041023772,0.6208881804941053,1.0,0.0013264028920986853
0.9149759041023772,0.6209052434868638,1.0,0.001326402927723046
0.9149759041023772,0.6209223074174842,1.0,0.0013264029633474085
0.9149759041023772,0.6209479050720754,1.0,0.001326402998971773
0.9149759041023772,0.6209649713476892,1.0,0.0013264030345961396
0.9149759041023772,0.620990572520133,1.0,0.001326403070220508
0.9149759041023772,0.6209991067133924,1.0,0.0013264031058448783
0.9149759041023772,0.6210247107006405,1.0,0.0013264031414692505
0.9149556554489127,0.6210280373831776,1.0,0.0013264031770936246
0.9149556554489127,0.6210451084416834,1.0,0.0013264032127180006
0.9149556554489127,0.6210621804387267,1.0,0.0013264032483423786
0.9149556554489127,0.6210877901942188,1.0,0.0013264032839667586
0.9149556554489127,0.6210963272487354,1.0,0.0013264033195911403
0.9149556554489127,0.6211390160418986,1.0,0.001326403355215524
0.9149556554489127,0.6211902503402483,1.0,0.0013264033908399096
0.9149556554489127,0.6212073303179863,1.0,0.0013264034264642971
0.9149556554489127,0.6212158706590778,1.0,0.0013264034620886866
0.9149556554489127,0.6212244112349973,1.0,0.0013264034977130779
0.9149556554489127,0.6212329520457545,1.0,0.0013264035333374713
0.9149556554489127,0.621241493091359,1.0,0.0013264035689618664
0.9149556554489127,0.6212585758871488,1.0,0.0013264036045862635
0.9149556554489127,0.6212671176373535,1.0,0.0013264036402106626
0.9149556554489127,0.6212756596224444,1.0,0.0013264036758350633
0.9149556554489127,0.6213012869871302,1.0,0.0013264037114594663
0.9149556554489127,0.6213098299118621,1.0,0.001326403747083871
0.9149556554489127,0.6213183730715287,1.0,0.0013264037827082776
0.9149556554489127,0.6213269164661396,1.0,0.0013264038183326862
0.9149556554489127,0.6213354600957043,1.0,0.0013264038539570967
0.9149556554489127,0.6213525480597343,1.0,0.0013264038895815092
0.9149556554489127,0.621361092394219,1.0,0.0013264039252059235
0.9149556554489127,0.6213781817681762,1.0,0.0013264039964547578
0.9147531689142672,0.6222332410506453,1.0,0.0013264040320791779
0.9146316769934799,0.6225879369279965,1.0,0.0013264040677035999
0.9146316769934799,0.622596518311257,1.0,0.0013264041033280239
0.9146316769934799,0.6226480115790199,1.0,0.0013264041389524496
0.9146316769934799,0.6226565946184385,1.0,0.0013264042102013069
0.9146316769934799,0.6226651778944902,1.0,0.0013264042458257384
0.9146316769934799,0.6226737614071848,1.0,0.001326404281450172
0.9146316769934799,0.6226823451565322,1.0,0.0013264043170746072
0.9146316769934799,0.6226995133652242,1.0,0.0013264043526990447
0.9146316769934799,0.6227080978245885,1.0,0.0013264043883234838
0.9146114283400154,0.62272006617495,1.0,0.001326404423947925
0.9145911796865508,0.6227234500158548,1.0,0.0013264044951968128
0.9145911796865508,0.6227320355153587,1.0,0.0013264045308212598
0.9145911796865508,0.6227406212516028,1.0,0.0013264045664457085
0.9145911796865508,0.6227492072245967,1.0,0.0013264046020701591
0.9145911796865508,0.6227663798808736,1.0,0.0013264046376946117
0.9145911796865508,0.6227835534842677,1.0,0.0013264046733190663
0.9145911796865508,0.6227921406411582,1.0,0.0013264047089435226
0.9145911796865508,0.6228179035327212,1.0,0.001326404744567981
0.9145911796865508,0.6228264916369052,1.0,0.0013264047801924412
0.9145911796865508,0.6228436685558267,1.0,0.0013264048158169034
0.9145911796865508,0.6228522573705838,1.0,0.0013264048514413675
0.9145911796865508,0.6228608464222183,1.0,0.0013264048870658335
0.9145911796865508,0.6229553416268998,1.0,0.0013264049226903013
0.9145911796865508,0.622972525653757,1.0,0.001326404958314771
0.9145911796865508,0.6229811180227025,1.0,0.001326404993939243
0.9145709310330863,0.6229759179057129,1.0,0.0013264050295637166
0.9145709310330863,0.622984510558475,1.0,0.001326405065188192
0.9145709310330863,0.6229931034482759,1.0,0.0013264051008126695
0.9145709310330863,0.6230360714532037,1.0,0.001326405136437149
0.9145709310330863,0.623053260314789,1.0,0.0013264051720616303
0.9145709310330863,0.6230618551012526,1.0,0.0013264052076861134
0.9145709310330863,0.6230790453855705,1.0,0.0013264052433105986
0.9145709310330863,0.6230876408834444,1.0,0.0013264052789350857
0.9145709310330863,0.6230962366184748,1.0,0.0013264053145595745
0.9145709310330863,0.6231048325906714,1.0,0.0013264053501840655
0.9145709310330863,0.6231392188513168,1.0,0.0013264054214330529
0.9145709310330863,0.6231564134048924,1.0,0.0013264054570575495
0.9145709310330863,0.6231822070145423,1.0,0.001326405492682048
0.9145709310330863,0.6231908053589414,1.0,0.0013264055283065484
0.9145709310330863,0.6231994039406148,1.0,0.0013264055639310508
0.9145709310330863,0.6232252011093786,1.0,0.0013264056351800612
0.9145709310330863,0.6232338006402472,1.0,0.0013264056708045693
0.9145709310330863,0.6232510004139644,1.0,0.0013264057064290792
0.9145709310330863,0.6232596006568326,1.0,0.001326405777678105
0.9145709310330863,0.6232682011370536,1.0,0.0013264058133026207
0.9145304337261572,0.6233438224577674,1.0,0.0013264058489271383
0.9145304337261572,0.6233524256435029,1.0,0.001326405884551658
0.9145304337261572,0.6233696327274233,1.0,0.0013264059201761795
0.9145101850726927,0.6233816425120773,1.0,0.0013264059558007028
0.9145101850726927,0.6234246669887501,1.0,0.0013264060270497555
0.9144899364192282,0.6234194688310971,1.0,0.0013264060982988155
0.9144899364192282,0.6234280744861477,1.0,0.0013264061339233486
0.9144899364192282,0.6234366803787857,1.0,0.0013264061695478834
0.9144899364192282,0.6234452865090211,1.0,0.00132640620517242
0.9144899364192282,0.6234538928768636,1.0,0.0013264062407969588
0.9144899364192282,0.623462499482323,1.0,0.0013264062764214994
0.9144899364192282,0.6234797134061322,1.0,0.001326406312046042
0.9144899364192282,0.6235313608813906,1.0,0.0013264063476705866
0.9144899364192282,0.6235571878279118,1.0,0.0013264063832951329
0.9144899364192282,0.623583016914049,1.0,0.001326406418919681
0.9144899364192282,0.6235916270849442,1.0,0.0013264064545442313
0.9144899364192282,0.6236174590243162,1.0,0.0013264064901687834
0.9144899364192282,0.6236605170128149,1.0,0.0013264065257933375
0.9144899364192282,0.6236691293240351,1.0,0.001326406597042451
0.9144899364192282,0.6236777418731184,1.0,0.0013264066682915725
0.9144899364192282,0.6236863546600748,1.0,0.0013264067039161361
0.9144899364192282,0.6237121944482806,1.0,0.001326406775165269
0.9144899364192282,0.6237208081868276,1.0,0.0013264068107898383
0.9144899364192282,0.6237380363776983,1.0,0.0013264068464144095
0.9144899364192282,0.6237466508300417,1.0,0.0013264068820389827
0.9144899364192282,0.6237724956148226,1.0,0.0013264069176635578
0.9144899364192282,0.6238414255128116,1.0,0.0013264069889127137
0.9144899364192282,0.6238500428212282,1.0,0.0013264070245372944
0.9144899364192282,0.6238586603677151,1.0,0.0013264070601618771
0.9144899364192282,0.623867278152282,1.0,0.0013264070957864618
0.9144899364192282,0.6238931329345618,1.0,0.0013264071670356368
0.9144899364192282,0.6239017516715478,1.0,0.0013264072026602273
0.9144899364192282,0.6239103706466631,1.0,0.0013264072382848195
0.9144899364192282,0.6239534690945263,1.0,0.0013264072739094137
0.914449439112299,0.6239603194340821,1.0,0.00132640730953401
0.914449439112299,0.623968940409246,1.0,0.0013264073451586078
0.914449439112299,0.6239775616226373,1.0,0.0013264073807832078
0.914449439112299,0.6240034266922747,1.0,0.0013264074164078096
0.914449439112299,0.6240120488586747,1.0,0.001326407487657019
0.914449439112299,0.6240206712633514,1.0,0.0013264075232816267
0.914449439112299,0.6240292939063148,1.0,0.0013264075589062361
0.914449439112299,0.6240379167875748,1.0,0.0013264075945308477
0.914449439112299,0.6240465399071413,1.0,0.001326407630155461
0.914449439112299,0.6240551632650241,1.0,0.0013264076657800762
0.9144089418053699,0.624303587474943,1.0,0.0013264077014046934
0.9143684444984409,0.6243104616277945,1.0,0.0013264077370293123
0.9143684444984409,0.6243190930457625,1.0,0.0013264077726539334
0.9143684444984409,0.6243277247024015,1.0,0.0013264078082785562
0.9143481958449763,0.6243311626363599,1.0,0.001326407843903181
0.9143481958449763,0.6243570598971295,1.0,0.0013264078795278077
0.9143481958449763,0.6243656927948232,1.0,0.0013264079151524364
0.9143481958449763,0.6243743259312519,1.0,0.001326407950777067
0.9143481958449763,0.624391592920354,1.0,0.0013264079864016994
0.9143481958449763,0.6244002267730472,1.0,0.001326408022026334
0.9143279471915118,0.6244036671875216,1.0,0.0013264080576509702
0.9143279471915118,0.6244123015653521,1.0,0.0013264080932756084
0.9143279471915118,0.6244209361819816,1.0,0.0013264081289002486
0.9143279471915118,0.6244295710374201,1.0,0.0013264081645248905
0.914226703924189,0.6248097201848828,1.0,0.0013264082001495346
0.9142064552707245,0.6248304685986327,1.0,0.0013264082357741804
0.9142064552707245,0.6248391159334044,1.0,0.0013264082713988282
0.9142064552707245,0.6248477635075288,1.0,0.0013264083070234779
0.9142064552707245,0.6248650593738755,1.0,0.0013264083426481293
0.9142064552707245,0.6248737076661177,1.0,0.001326408378272783
0.9141862066172599,0.624868515750429,1.0,0.0013264084138974383
0.9141862066172599,0.6248771643299055,1.0,0.0013264084495220958
0.9141862066172599,0.6248858131487889,1.0,0.001326408485146755
0.9141659579637954,0.6248806211850683,1.0,0.001326408520771416
0.9141659579637954,0.6248979196368015,1.0,0.0013264085563960792
0.9141457093103309,0.6249186772420857,1.0,0.0013264085920207443
0.9141254606568663,0.6249480882637947,1.0,0.0013264086276454112
0.9141052120034018,0.6249601993493459,1.0,0.00132640866327008
0.9141052120034018,0.6249775033571913,1.0,0.0013264086988947507
0.9141052120034018,0.6249861557204563,1.0,0.0013264087345194234
0.9141052120034018,0.6250986582478295,1.0,0.0013264087701440979
0.9141052120034018,0.6251679107061251,1.0,0.0013264088057687745
0.9141052120034018,0.6251852262183384,1.0,0.0013264088413934528
0.9141052120034018,0.6252285191956124,1.0,0.0013264089126428153
0.9141052120034018,0.6252458380654276,1.0,0.0013264089482674995
0.9141052120034018,0.6252631578947369,1.0,0.0013264089838921857
0.9140849633499373,0.6252666278844289,1.0,0.0013264090195168735
0.9140849633499373,0.6252752884468884,1.0,0.0013264090551415634
0.9140849633499373,0.625301271573815,1.0,0.0013264090907662552
0.9140849633499373,0.625318594858156,1.0,0.0013264091263909489
0.9140849633499373,0.6253445815844519,1.0,0.0013264091620156446
0.9140849633499373,0.6253619072686217,1.0,0.0013264092332650416
0.9140849633499373,0.6253792339128628,1.0,0.001326409268889743
0.9140849633499373,0.6253878975950349,1.0,0.0013264093045144462
0.9140849633499373,0.6254138900818775,1.0,0.0013264093757638584
0.9140849633499373,0.6254312196068108,1.0,0.0013264094113885675
0.9140849633499373,0.6254398847294189,1.0,0.0013264094470132784
0.9140849633499373,0.6254745476210269,1.0,0.0013264094826379912
0.9140849633499373,0.6255005473112469,1.0,0.001326409518262706
0.9140849633499373,0.6255092143549952,1.0,0.0013264095538874227
0.9140849633499373,0.6255265491630639,1.0,0.001326409589512141
0.9140849633499373,0.6255438849319624,1.0,0.001326409660761584
0.9140849633499373,0.625656590855543,1.0,0.0013264096963863084
0.9140849633499373,0.6256826056826057,1.0,0.0013264097320110347
0.9140849633499373,0.6257086226731534,1.0,0.0013264097676357629
0.9140849633499373,0.6257433153597716,1.0,0.0013264098032604928
0.9140647146964727,0.6257554754643748,1.0,0.001326409838885225
0.9140647146964727,0.6257814990920055,1.0,0.0013264098745099588
0.9140647146964727,0.6258422293081936,1.0,0.0013264099101346946
0.9140647146964727,0.6258682601522315,1.0,0.0013264099457594323
0.9140647146964727,0.6258769375814547,1.0,0.0013264100170089135
0.9140647146964727,0.6258942931617769,1.0,0.0013264100526336569
0.9140647146964727,0.6259116497046671,1.0,0.0013264100882584022
0.9140647146964727,0.6259290072102052,1.0,0.0013264101238831495
0.9140647146964727,0.6259376863239923,1.0,0.0013264101595078987
0.9140647146964727,0.6259463656784714,1.0,0.00132641019513265
0.9140647146964727,0.6259550452736525,1.0,0.0013264102307574029
0.9140647146964727,0.6259637251095457,1.0,0.001326410266382158
0.9140647146964727,0.6259897660615977,1.0,0.0013264103020069148
0.9140647146964727,0.6259984468604393,1.0,0.0013264103376316736
0.9140444660430082,0.6260106228071391,1.0,0.001326410373256434
0.9140444660430082,0.6260453505304764,1.0,0.0013264104088811968
0.9140444660430082,0.6260540330633529,1.0,0.0013264104445059612
0.9140444660430082,0.6260713988516269,1.0,0.0013264104801307276
0.9140242173895436,0.6260922633082748,1.0,0.0013264105157554961
0.9140242173895436,0.6261009473348406,1.0,0.0013264105513802662
0.9140242173895436,0.6261183161106872,1.0,0.0013264105870050384
0.9140242173895436,0.6261356858502213,1.0,0.0013264106226298126
0.9140242173895436,0.626144371081396,1.0,0.0013264106582545885
0.9140242173895436,0.6261530565535226,1.0,0.0013264106938793664
0.9140242173895436,0.6261617422666111,1.0,0.001326410765128928
0.9140242173895436,0.6261704282206717,1.0,0.0013264108007537117
0.9140242173895436,0.6261791144157142,1.0,0.0013264108363784971
0.9140242173895436,0.6261878008517486,1.0,0.0013264108720032846
0.9140242173895436,0.6261964875287851,1.0,0.0013264109432528652
0.914003968736079,0.6261999889018367,1.0,0.0013264109788776585
0.914003968736079,0.6262086761094849,1.0,0.0013264110145024537
0.914003968736079,0.6262347391786903,1.0,0.0013264110501272507
0.914003968736079,0.6262521157634785,1.0,0.0013264110857520496
0.914003968736079,0.626278182448838,1.0,0.0013264111213768506
0.914003968736079,0.6262955614446464,1.0,0.0013264111570016532
0.914003968736079,0.6263216317469127,1.0,0.0013264112282512647
0.914003968736079,0.6263303223299893,1.0,0.0013264112638760731
0.914003968736079,0.6263390131542432,1.0,0.0013264112995008835
0.914003968736079,0.6263477042196844,1.0,0.0013264113351256959
0.914003968736079,0.626356395526323,1.0,0.0013264113707505101
0.914003968736079,0.6263650870741692,1.0,0.0013264114063753264
0.914003968736079,0.6264085484318623,1.0,0.0013264114776249645
0.9139837200826145,0.6264033639101292,1.0,0.0013264115132497864
0.9139837200826145,0.6264120569541203,1.0,0.0013264115488746103
0.9139432227756854,0.6265495079054401,1.0,0.0013264116201242636
0.9082128538452193,0.6510530823160553,1.0,0.0013264116913739247
0.9082128538452193,0.6510625326598154,1.0,0.001326411726998758
0.9081926051917547,0.6510574675937351,1.0,0.0013264117626235934
0.9081926051917547,0.6510858204621995,1.0,0.0013264118338732697
0.9081926051917547,0.6510952719671346,1.0,0.0013264118694981109
0.9081926051917547,0.6511047237464797,1.0,0.0013264119051229538
0.9081926051917547,0.6511236281284478,1.0,0.0013264119407477987
0.9081926051917547,0.6511330807310948,1.0,0.0013264119763726455
0.9081926051917547,0.6511803478614362,1.0,0.001326412011997494
0.9081926051917547,0.6511898021110095,1.0,0.0013264120476223448
0.9081926051917547,0.6512087114337568,1.0,0.0013264120832471972
0.9081926051917547,0.6512181665069547,1.0,0.0013264121188720516
0.9081521078848257,0.6512553182220803,1.0,0.001326412154496908
0.9081521078848257,0.6512836895910781,1.0,0.0013264121901217663
0.9081521078848257,0.6513026052104208,1.0,0.0013264122257466266
0.9081521078848257,0.6513120634321314,1.0,0.0013264122613714886
0.9081521078848257,0.6513309806996906,1.0,0.0013264122969963528
0.9081521078848257,0.6513404397455633,1.0,0.0013264123682460865
0.9081521078848257,0.6513498990661807,1.0,0.0013264124038709563
0.9081521078848257,0.651368818531697,1.0,0.0013264124394958279
0.9081521078848257,0.6513782786766201,1.0,0.0013264124751207016
0.9081521078848257,0.6513877390963356,1.0,0.001326412510745577
0.9081521078848257,0.6513971997908558,1.0,0.0013264125463704544
0.9081521078848257,0.6514066607601923,1.0,0.0013264125819953338
0.9081521078848257,0.6514634323480282,1.0,0.001326412617620215
0.9081318592313611,0.6515246161221436,1.0,0.0013264126532450981
0.9081318592313611,0.6516003428787285,1.0,0.001326412688869983
0.9081318592313611,0.6516098099610623,1.0,0.0013264127244948703
0.9081318592313611,0.6516192773184942,1.0,0.0013264127601197591
0.9081318592313611,0.6516571494994406,1.0,0.00132641279574465
0.9081318592313611,0.6516666182325419,1.0,0.0013264128313695426
0.9081318592313611,0.6516855565242662,1.0,0.0013264128669944373
0.9081318592313611,0.6516950260829132,1.0,0.0013264129026193338
0.9081318592313611,0.6517139660258366,1.0,0.0013264129382442322
0.9081318592313611,0.6517234364101372,1.0,0.0013264129738691326
0.9081318592313611,0.6517329070696796,1.0,0.0013264130451189392
0.9081318592313611,0.6517423780044759,1.0,0.0013264130807438452
0.9081318592313611,0.651751849214538,1.0,0.0013264131163687532
0.9081318592313611,0.6517707924605077,1.0,0.001326413187618575
0.9081318592313611,0.6517802644964394,1.0,0.0013264132232434888
0.9081318592313611,0.651789736807685,1.0,0.0013264132588684046
0.9081318592313611,0.651827628806046,1.0,0.0013264132944933221
0.9081318592313611,0.651837102494041,1.0,0.0013264133301182416
0.9081318592313611,0.6518560506962007,1.0,0.001326413365743163
0.9081318592313611,0.6518655252103894,1.0,0.0013264134013680864
0.9081318592313611,0.6519223780798024,1.0,0.0013264134369930117
0.9081318592313611,0.6519508082335155,1.0,0.0013264134726179387
0.9081318592313611,0.651960285502464,1.0,0.001326413508242868
0.9081318592313611,0.6519697630469545,1.0,0.001326413543867799
0.9081318592313611,0.6520266341009537,1.0,0.0013264135794927318
0.9081318592313611,0.6520361135745751,1.0,0.0013264136151176667
0.9081116105778966,0.6520405344499207,1.0,0.0013264136507426033
0.9080913619244321,0.6520449555823725,1.0,0.001326413686367542
0.9080913619244321,0.6520544360115154,1.0,0.0013264137219924825
0.908050864617503,0.6520822427732217,1.0,0.0013264137932423694
0.908050864617503,0.6521201721731038,1.0,0.0013264138288673157
0.908050864617503,0.6521296552125293,1.0,0.001326413864492264
0.908050864617503,0.6522339868520566,1.0,0.001326413900117214
0.908050864617503,0.6522624467295972,1.0,0.00132641397136712
0.908050864617503,0.6522814213611439,1.0,0.001326414006992076
0.9080306159640384,0.6522953395007854,1.0,0.0013264140782419935
0.9080306159640384,0.6523048278470334,1.0,0.001326414113866955
0.9080306159640384,0.6523143164693218,1.0,0.0013264141494919186
0.9080306159640384,0.652342783992552,1.0,0.001326414185116884
0.9080306159640384,0.6523902353865402,1.0,0.0013264142563668207
0.9080306159640384,0.652399726493737,1.0,0.0013264142919917918
0.9080306159640384,0.6524187095366262,1.0,0.001326414327616765
0.9080306159640384,0.6524376936842565,1.0,0.001326414398866717
0.9080306159640384,0.6524566789367243,1.0,0.0013264144344916956
0.9080103673105738,0.6527270345409819,1.0,0.0013264144701166764
0.9079496213501802,0.6530065388032097,1.0,0.0013264145057416592
0.9079496213501802,0.6530160486995019,1.0,0.0013264145413666437
0.9079496213501802,0.6530255588727881,1.0,0.0013264145769916302
0.9079496213501802,0.653044580050391,1.0,0.0013264146126166186
0.9079496213501802,0.6530826257300573,1.0,0.001326414648241609
0.9079496213501802,0.6531016502323143,1.0,0.0013264147194915954
0.9079496213501802,0.6531111628990911,1.0,0.0013264147907415893
0.9079496213501802,0.6531301890640021,1.0,0.0013264148263665892
0.9079293726967157,0.6531346501194429,1.0,0.0013264148619915909
0.9079293726967157,0.6531441639597384,1.0,0.0013264148976165947
0.9079293726967157,0.6531536780772033,1.0,0.0013264149332416003
0.9079293726967157,0.6531631924718495,1.0,0.001326414968866608
0.9079091240432511,0.6531581400769141,1.0,0.0013264150044916174
0.9079091240432511,0.6531676548137574,1.0,0.0013264150401166286
0.9079091240432511,0.6531771698278123,1.0,0.001326415075741642
0.9078686267363221,0.6533669469419874,1.0,0.0013264151113666573
0.9078686267363221,0.6533764681880446,1.0,0.0013264151469916743
0.9078686267363221,0.6534050335912794,1.0,0.0013264151826166933
0.9078686267363221,0.653414555947419,1.0,0.0013264152182417143
0.9078686267363221,0.6534526481476084,1.0,0.0013264152538667372
0.9078686267363221,0.653462171891624,1.0,0.0013264152894917618
0.9078686267363221,0.6534716959132513,1.0,0.0013264153607418171
0.9078686267363221,0.6534812202125023,1.0,0.0013264153963668476
0.9078686267363221,0.6534907447893893,1.0,0.00132641543199188
0.9078686267363221,0.6535002696439243,1.0,0.0013264154676169144
0.9078686267363221,0.6535288458735388,1.0,0.0013264155032419506
0.9078686267363221,0.6535383718387873,1.0,0.0013264155388669889
0.9078686267363221,0.6535764784769902,1.0,0.0013264155744920289
0.9078686267363221,0.6535860058309038,1.0,0.0013264156101170709
0.9078686267363221,0.6535955334625869,1.0,0.0013264156457421148
0.9078686267363221,0.6536050613720517,1.0,0.0013264156813671605
0.9078686267363221,0.6536241180243746,1.0,0.0013264157169922083
0.9078686267363221,0.6536431757879698,1.0,0.0013264157526172579
0.9078686267363221,0.6536527050865248,1.0,0.0013264157882423094
0.9078686267363221,0.6537098867132255,1.0,0.0013264158238673628
0.9078686267363221,0.6537384812784323,1.0,0.0013264158594924183
0.9078686267363221,0.6537670783453143,1.0,0.0013264158951174756
0.9078686267363221,0.6537766112569262,1.0,0.0013264159307425348
0.9078686267363221,0.6537861444465507,1.0,0.001326416001992659
0.9078686267363221,0.6537956779141999,1.0,0.001326416037617724
0.9078686267363221,0.6538052116598859,1.0,0.0013264160732427907
0.9078078807759284,0.6538377400866281,1.0,0.0013264161088678596
0.9078078807759284,0.6538472756971182,1.0,0.0013264161444929302
0.9078078807759284,0.6538568115857483,1.0,0.001326416180118003
0.9078078807759284,0.6538854209205998,1.0,0.0013264162157430774
0.9078078807759284,0.6538949579219112,1.0,0.001326416251368154
0.9078078807759284,0.6539044952014236,1.0,0.001326416286993232
0.9078078807759284,0.654028505156895,1.0,0.0013264163226183125
0.9078078807759284,0.654038046332497,1.0,0.0013264163582433946
0.9078078807759284,0.6540475877864823,1.0,0.0013264163938684786
0.9078078807759284,0.6540571295188633,1.0,0.0013264164294935646
0.9077876321224638,0.65406162464986,1.0,0.0013264164651186525
0.9077876321224638,0.6540902525495689,1.0,0.0013264165007437424
0.9077268861620702,0.6541228313367283,1.0,0.001326416536368834
0.9077268861620702,0.6541419211743591,1.0,0.0013264165719939279
0.9077268861620702,0.6541610121262531,1.0,0.0013264166076190234
0.9077268861620702,0.6541705580200794,1.0,0.001326416643244121
0.9077268861620702,0.654180104192508,1.0,0.0013264166788692204
0.9077268861620702,0.6541991973732214,1.0,0.0013264167144943215
0.9077268861620702,0.6542087443815305,1.0,0.0013264167501194249
0.9077268861620702,0.6543328808512502,1.0,0.00132641678574453
0.9077268861620702,0.6543806381922751,1.0,0.001326416821369637
0.9077268861620702,0.654390190497044,1.0,0.001326416856994746
0.9077268861620702,0.654399743080696,1.0,0.001326416892619857
0.9077268861620702,0.6544188490846983,1.0,0.0013264169638700842
0.9077268861620702,0.654428402505073,1.0,0.001326416999495201
0.9077268861620702,0.6544379562043796,1.0,0.0013264170351203195
0.9077268861620702,0.6544666189760135,1.0,0.00132641707074544
0.9077066375086057,0.6544711292795095,1.0,0.0013264171063705622
0.9076863888551411,0.6544756398464077,1.0,0.0013264171419956866
0.9076863888551411,0.6544851953512819,1.0,0.0013264171776208127
0.9076863888551411,0.6545043071981311,1.0,0.0013264172132459407
0.9076863888551411,0.6545234201611961,1.0,0.0013264172488710708
0.9076863888551411,0.6545329770613401,1.0,0.0013264173201213366
0.9074029077066376,0.6555921293248482,1.0,0.0013264173557464723
0.9073624103997084,0.6556779772617533,1.0,0.0013264174269967497
0.9073624103997084,0.6556971656838501,1.0,0.0013264174626218912
0.9073624103997084,0.6557355458975372,1.0,0.0013264174982470344
0.9073624103997084,0.6557451416530087,1.0,0.001326417569497327
0.9073624103997084,0.6557547376893247,1.0,0.0013264176051224763
0.9073624103997084,0.6557643340064975,1.0,0.0013264176407476274
0.9073421617462438,0.655788087223767,1.0,0.0013264176763727804
0.9073421617462438,0.6558168805889326,1.0,0.001326417711997935
0.9073421617462438,0.6558456764826416,1.0,0.001326417747623092
0.9073421617462438,0.6558744749052268,1.0,0.0013264178188734112
0.9073421617462438,0.6558936752587128,1.0,0.0013264178544985738
0.9073421617462438,0.6559032758570216,1.0,0.0013264178901237383
0.9073219130927793,0.655898239091295,1.0,0.0013264179257489047
0.9073219130927793,0.6559078400374729,1.0,0.0013264179613740729
0.9073219130927793,0.6559174412647296,1.0,0.0013264179969992432
0.9073016644393148,0.6559412100540176,1.0,0.0013264180326244153
0.9073016644393148,0.6559508124725516,1.0,0.0013264180682495894
0.9073016644393148,0.655960415172232,1.0,0.0013264181038747653
0.9073016644393148,0.6559700181530714,1.0,0.001326418139499943
0.9073016644393148,0.6559892249582759,1.0,0.001326418175125123
0.9073016644393148,0.6560276419431349,1.0,0.0013264182107503046
0.9073016644393148,0.6560468521229869,1.0,0.0013264182463754882
0.9073016644393148,0.6560564576348117,1.0,0.0013264182820006737
0.9073016644393148,0.6560660634279188,1.0,0.0013264183176258612
0.9073016644393148,0.6560852758580298,1.0,0.0013264183532510504
0.9073016644393148,0.6560948824950582,1.0,0.0013264184245014349
0.9073016644393148,0.6561044894134185,1.0,0.00132641846012663
0.9073016644393148,0.6561140966131229,1.0,0.001326418495751827
0.9073016644393148,0.6561237040941837,1.0,0.0013264185313770257
0.9070991779046693,0.6564098055592187,1.0,0.0013264185670022266
0.9070789292512048,0.6564143893325518,1.0,0.0013264186026274293
0.9070789292512048,0.6564336268921355,1.0,0.001326418638252634
0.9070789292512048,0.6564432460947803,1.0,0.0013264186738778405
0.9070789292512048,0.6564528655793438,1.0,0.001326418709503049
0.9070789292512048,0.6564624853458382,1.0,0.0013264187451282594
0.9070586805977402,0.6564670711333861,1.0,0.001326418816378686
0.9070586805977402,0.6564863122105633,1.0,0.0013264188876291202
0.9070586805977402,0.6565344198384898,1.0,0.0013264189232543402
0.9070384319442757,0.6565390083395624,1.0,0.001326418958879562
0.9070384319442757,0.6565582540636405,1.0,0.0013264189945047858
0.9070384319442757,0.6565678773488113,1.0,0.001326419065755239
0.9070384319442757,0.6565775009160865,1.0,0.0013264191013804686
0.9070384319442757,0.656625622984462,1.0,0.0013264191370056999
0.9070384319442757,0.6566544996115338,1.0,0.0013264191726309333
0.9070384319442757,0.6566641257183066,1.0,0.0013264192082561685
0.9070181832908112,0.6566783457698679,1.0,0.0013264192438814059
0.9070181832908112,0.6566879727907113,1.0,0.001326419279506645
0.9070181832908112,0.6567361121292536,1.0,0.0013264193507571288
0.9070181832908112,0.6567746286820227,1.0,0.0013264193863823737
0.9070181832908112,0.656784258526143,1.0,0.001326419457632869
0.9069979346373466,0.6568081175401038,1.0,0.0013264194932581196
0.9069979346373466,0.6568273799049797,1.0,0.0013264195288833721
0.9069979346373466,0.6568851737791465,1.0,0.0013264195645086266
0.9069979346373466,0.6569140745303357,1.0,0.0013264196001338828
0.9069979346373466,0.656923708679201,1.0,0.001326419635759141
0.9069979346373466,0.6569333431106549,1.0,0.001326419671384401
0.9069979346373466,0.6569429778247096,1.0,0.0013264197070096632
0.9069979346373466,0.6569622481006717,1.0,0.0013264197426349272
0.9069979346373466,0.6569911556344329,1.0,0.0013264197782601932
0.9069979346373466,0.6570007920443545,1.0,0.0013264198495107305
0.9069979346373466,0.657010428736964,1.0,0.0013264198851360022
0.9069979346373466,0.6570200657122741,1.0,0.0013264199207612757
0.9069574373304176,0.6570871108763899,1.0,0.0013264199563865512
0.9069574373304176,0.6571063904700428,1.0,0.0013264199920118285
0.9069574373304176,0.6571160306911374,1.0,0.001326420027637108
0.9069574373304176,0.6571353119819251,1.0,0.001326420063262389
0.9069574373304176,0.6571449530516432,1.0,0.0013264200988876722
0.9069574373304176,0.6571545944042606,1.0,0.0013264201345129572
0.9069574373304176,0.6571835201596338,1.0,0.001326420170138244
0.9069574373304176,0.6571931626439733,1.0,0.0013264202413888237
0.9069574373304176,0.6572028054112745,1.0,0.0013264202770141163
0.9069574373304176,0.6572220917948116,1.0,0.001326420312639411
0.9069574373304176,0.6572413793103449,1.0,0.0013264203482647075
0.9069574373304176,0.6572510234926411,1.0,0.001326420383890006
0.9069574373304176,0.6572606679579738,1.0,0.0013264204551406084
0.9069371886769529,0.6572652833621929,1.0,0.0013264205263912186
0.9069371886769529,0.6572749284613691,1.0,0.0013264205620165267
0.9069371886769529,0.6572845738436253,1.0,0.0013264205976418367
0.9069371886769529,0.6573135116889978,1.0,0.0013264206332671484
0.9069371886769529,0.6573231582036982,1.0,0.001326420668892462
0.9069371886769529,0.657332805001541,1.0,0.0013264207045177777
0.9069371886769529,0.6573424520825384,1.0,0.0013264207401430953
0.9069371886769529,0.6573520994467029,1.0,0.0013264207757684148
0.9069371886769529,0.6573713950245835,1.0,0.001326420811393736
0.9069371886769529,0.6573906917352824,1.0,0.0013264208470190595
0.9069371886769529,0.6574196389255834,1.0,0.0013264208826443847
0.9064309723403393,0.6583959641717286,1.0,0.0013264209182697118
0.9064309723403393,0.6584056478893955,1.0,0.001326420953895041
0.9064309723403393,0.6584153318919237,1.0,0.0013264209895203717
0.9064107236868748,0.6584199920573051,1.0,0.0013264210251457047
0.9064107236868748,0.6584296766981438,1.0,0.0013264210607710394
0.9064107236868748,0.6584393616238876,1.0,0.001326421096396376
0.9063904750334103,0.6584343374911744,1.0,0.0013264211320217147
0.9063904750334103,0.6584440227703985,1.0,0.0013264211676470552
0.9063904750334103,0.6584827667367864,1.0,0.0013264212032723975
0.9063904750334103,0.6585021404298512,1.0,0.001326421238897742
0.9063904750334103,0.6585118277038955,1.0,0.0013264212745230882
0.9063904750334103,0.6585215152629643,1.0,0.0013264213101484364
0.9063904750334103,0.658589336158192,1.0,0.0013264213457737865
0.9063904750334103,0.6585990259979108,1.0,0.0013264213813991386
0.9063904750334103,0.6586184065327743,1.0,0.0013264214170244923
0.9063904750334103,0.6586280972279442,1.0,0.0013264214526498483
0.9063904750334103,0.6586571710245582,1.0,0.001326421488275206
0.9063297290730167,0.65878751306242,1.0,0.0013264215595259273
0.9063297290730167,0.658797209384475,1.0,0.0013264215951512906
0.9063094804195521,0.6587921873390147,1.0,0.001326421630776656
0.9063094804195521,0.6588018840153076,1.0,0.0013264216664020233
0.9063094804195521,0.6588212782242633,1.0,0.0013264217020273925
0.9063094804195521,0.6588600700680072,1.0,0.0013264217376527637
0.9063094804195521,0.6589279667878752,1.0,0.0013264217732781368
0.9063094804195521,0.6589376674616494,1.0,0.0013264218089035118
0.9063094804195521,0.6589570696660974,1.0,0.0013264218445288886
0.9063094804195521,0.6589667711967964,1.0,0.0013264218801542673
0.9063094804195521,0.6589861751152074,1.0,0.001326421915779648
0.9063094804195521,0.659054097829608,1.0,0.0013264219514050306
0.9063094804195521,0.6590832118508048,1.0,0.0013264219870304152
0.9062892317660876,0.6590878970386841,1.0,0.0013264220226558018
0.906268983112623,0.6590925825025402,1.0,0.00132642205828119
0.906268983112623,0.6591508225210233,1.0,0.0013264220939065803
0.906268983112623,0.6591702381478373,1.0,0.0013264221295319724
0.906268983112623,0.6591799463901735,1.0,0.0013264221651573666
0.9062284858056939,0.6591699069164605,1.0,0.0013264222007827627
0.9062284858056939,0.6591796155828853,1.0,0.0013264222364081605
0.9062284858056939,0.659189324535305,1.0,0.0013264222720335605
0.9062082371522294,0.6592037236157959,1.0,0.0013264223076589622
0.9062082371522294,0.6592328541126561,1.0,0.0013264223432843658
0.9061677398453003,0.6593005097380594,1.0,0.0013264223789097715
0.9061677398453003,0.6593102229031925,1.0,0.0013264224145351788
0.9061677398453003,0.6593199363545289,1.0,0.0013264224501605883
0.9061677398453003,0.659329650092081,1.0,0.0013264224857859996
0.9061677398453003,0.6593393641158617,1.0,0.0013264225214114128
0.9061677398453003,0.6593976542700536,1.0,0.001326422557036828
0.9061474911918358,0.659412068076328,1.0,0.001326422592662245
0.9061474911918358,0.6594217847459625,1.0,0.001326422628287664
0.9061474911918358,0.6594315017019584,1.0,0.001326422663913085
0.9061474911918358,0.6594412189443282,1.0,0.0013264226995385077
0.9061474911918358,0.6594606542882405,1.0,0.0013264227351639324
0.9060664965779776,0.6596252782404882,1.0,0.001326422770789359
0.9060664965779776,0.6596447261738041,1.0,0.0013264228064147877
0.9060664965779776,0.6596544505705103,1.0,0.001326422842040218
0.9060664965779776,0.6596641752539325,1.0,0.0013264228776656505
0.9060664965779776,0.659673900224083,1.0,0.0013264229132910847
0.9060664965779776,0.6597128029722239,1.0,0.001326422948916521
0.906046247924513,0.6597175124583493,1.0,0.001326422984541959
0.906046247924513,0.6597272392185772,1.0,0.001326423020167399
0.906046247924513,0.6597369662656287,1.0,0.001326423055792841
0.906046247924513,0.659756421220253,1.0,0.0013264230914182848
0.906046247924513,0.6597661491278513,1.0,0.0013264231270437305
0.906046247924513,0.6597856058036833,1.0,0.0013264231626691782
0.906046247924513,0.6598050636271141,1.0,0.0013264231982946279
0.906046247924513,0.6598147929692108,1.0,0.0013264232339200795
0.906046247924513,0.6598439827171781,1.0,0.0013264232695455328
0.906046247924513,0.6599218346729592,1.0,0.0013264233051709883
0.9060057506175839,0.6599410029498525,1.0,0.0013264233407964455
0.9060057506175839,0.6599702051713202,1.0,0.0013264233764219047
0.9060057506175839,0.6599799398194583,1.0,0.0013264234120473656
0.9060057506175839,0.6599994099772841,1.0,0.0013264234476728287
0.9060057506175839,0.6600188812839273,1.0,0.0013264234832982935
0.9060057506175839,0.6600286173680872,1.0,0.0013264235189237605
0.9059855019641194,0.6600236023012244,1.0,0.0013264235545492292
0.9059855019641194,0.6600333387422738,1.0,0.0013264235901746997
0.9059855019641194,0.6600528124861699,1.0,0.0013264236258001723
0.9059855019641194,0.660062549789042,1.0,0.0013264236614256469
0.9059855019641194,0.6600917634215069,1.0,0.0013264236970511232
0.9059855019641194,0.6601209796400118,1.0,0.0013264237326766014
0.9059855019641194,0.6601307189542484,1.0,0.0013264237683020816
0.9059652533106548,0.6601354441772282,1.0,0.0013264238039275638
0.9059652533106548,0.6601451841359773,1.0,0.001326423839553048
0.9059652533106548,0.6601549243821468,1.0,0.0013264238751785338
0.9059450046571903,0.6601499099949834,1.0,0.0013264239108040216
0.9059450046571903,0.6601596505983208,1.0,0.0013264239464295116
0.9059450046571903,0.6601693914891106,1.0,0.0013264239820550033
0.9058842586967967,0.6601738309206546,1.0,0.0013264240176804967
0.9052363017859313,0.6616543578966063,1.0,0.0013264240533059923
0.9052363017859313,0.6616641506082941,1.0,0.0013264240889314897
0.9052363017859313,0.6616739436098572,1.0,0.0013264241245569892
0.9052363017859313,0.6617033243539268,1.0,0.0013264241601824904
0.9052160531324667,0.6617081113084665,1.0,0.0013264241958079936
0.9052160531324667,0.6617179058304593,1.0,0.0013264242314334985
0.9052160531324667,0.6617277006424109,1.0,0.0013264242670590056
0.9052160531324667,0.6617472911362425,1.0,0.0013264243026845145
0.9051958044790022,0.6617716721932734,1.0,0.0013264243383100255
0.9051958044790022,0.6617814688161537,1.0,0.0013264243739355382
0.9051958044790022,0.6617912657290895,1.0,0.0013264244095610527
0.9051958044790022,0.6618010629320937,1.0,0.0013264244451865693
0.9051958044790022,0.6618108604251791,1.0,0.001326424480812088
0.9051958044790022,0.661830456281645,1.0,0.0013264245164376083
0.9051958044790022,0.6618402546450515,1.0,0.0013264245520631305
0.9051755558255375,0.6618352481345493,1.0,0.0013264245876886548
0.905155307172073,0.6619086399644629,1.0,0.001326424623314181
0.905155307172073,0.6619380441864597,1.0,0.001326424658939709
0.905155307172073,0.6619674510210428,1.0,0.001326424694565239
0.905155307172073,0.6619870570290403,1.0,0.0013264247301907708
0.9051350585186085,0.6619820513579955,1.0,0.0013264247658163046
0.9051350585186085,0.6620016586695101,1.0,0.0013264248014418403
0.9051350585186085,0.662011462760837,1.0,0.001326424837067378
0.9051350585186085,0.6620212671425609,1.0,0.0013264248726929176
0.9051350585186085,0.6620310718146947,1.0,0.001326424908318459
0.9051350585186085,0.6620702934075863,1.0,0.0013264249439440023
0.9051350585186085,0.6620899059468266,1.0,0.0013264249795695475
0.9051350585186085,0.6620997126521907,1.0,0.0013264250151950947
0.9051350585186085,0.6622076055878998,1.0,0.001326425050820644
0.9051350585186085,0.6622174157802732,1.0,0.001326425086446195
0.9051148098651439,0.6622124116679753,1.0,0.001326425122071748
0.9051148098651439,0.6622614673462132,1.0,0.0013264251576973027
0.9051148098651439,0.6622712793540262,1.0,0.0013264251933228595
0.9051148098651439,0.6622810916525913,1.0,0.0013264252289484182
0.9051148098651439,0.6622909042419214,1.0,0.0013264252645739788
0.9050945612116794,0.6622859005511764,1.0,0.0013264253001995412
0.9050945612116794,0.6622957135025411,1.0,0.0013264253358251056
0.9050945612116794,0.6623055267447029,1.0,0.001326425371450672
0.9050743125582149,0.6623005230482004,1.0,0.0013264254070762403
0.9050540639047503,0.6622955192034139,1.0,0.0013264254427018103
0.9050540639047503,0.6623053328789248,1.0,0.0013264254783273825
0.9050540639047503,0.6623445904894566,1.0,0.0013264255139529564
0.9049933179443567,0.662359026038502,1.0,0.0013264255495785324
0.9049933179443567,0.6623884755609568,1.0,0.0013264255852041102
0.9049730692908922,0.6623834719072814,1.0,0.00132642562082969
0.9049730692908922,0.662422742296462,1.0,0.0013264256564552714
0.9049730692908922,0.6624423792372567,1.0,0.001326425692080855
0.9049730692908922,0.6624914766831698,1.0,0.0013264257277064405
0.9049730692908922,0.6625012970457005,1.0,0.001326425763332028
0.9049730692908922,0.6625209386442136,1.0,0.0013264257989576173
0.9049730692908922,0.6625405814074151,1.0,0.0013264258345832085
0.9049730692908922,0.6625602253354088,1.0,0.0013264258702088015
0.9049730692908922,0.6625700477362351,1.0,0.0013264259058343966
0.9049730692908922,0.6625896934116112,1.0,0.0013264259414599935
0.9049528206374277,0.6625846911091015,1.0,0.0013264259770855923
0.9049528206374277,0.6625945144551519,1.0,0.0013264260127111931
0.9049528206374277,0.6626043380924846,1.0,0.0013264260483367958
0.9049528206374277,0.6626141620211126,1.0,0.0013264260839624005
0.9049528206374277,0.6626436355548966,1.0,0.001326426119588007
0.904932571983963,0.6626877622740551,1.0,0.0013264261552136155
0.904932571983963,0.6626975888964679,1.0,0.0013264261908392258
0.904932571983963,0.6627368983005606,1.0,0.0013264262264648381
0.904932571983963,0.662776212368382,1.0,0.0013264262620904521
0.904932571983963,0.6627860416141422,1.0,0.0013264262977160683
0.904932571983963,0.6627958711514504,1.0,0.0013264263333416862
0.9048515773701049,0.6631299341128984,1.0,0.0013264263689673063
0.9048515773701049,0.663149615647167,1.0,0.001326426404592928
0.9048515773701049,0.6631594568524152,1.0,0.0013264264402185518
0.9048515773701049,0.6631889822207712,1.0,0.0013264264758441773
0.9048515773701049,0.6632086672603147,1.0,0.001326426511469805
0.9048515773701049,0.6632283534684912,1.0,0.0013264265470954344
0.9048515773701049,0.6632480408454049,1.0,0.0013264265827210658
0.9048515773701049,0.6632578849721706,1.0,0.0013264266183466993
0.9048313287166403,0.663252886870306,1.0,0.0013264266539723343
0.9048313287166403,0.6632824212198127,1.0,0.0013264266895979715
0.9048110800631758,0.6632872686250353,1.0,0.0013264267252236107
0.9047908314097113,0.6633019624142743,1.0,0.0013264267608492516
0.9047908314097113,0.6633118088027907,1.0,0.0013264267964748944
0.9047908314097113,0.6633216554836411,1.0,0.0013264268321005392
0.9047503341027822,0.6637353496041236,1.0,0.001326426867726186
0.9047300854493177,0.6637402142103778,1.0,0.0013264269033518344
0.9047300854493177,0.6637697952877559,1.0,0.001326426938977485
0.9047300854493177,0.6637796562328228,1.0,0.0013264269746031375
0.9047300854493177,0.6637993790019462,1.0,0.0013264270102287918
0.904709836795853,0.663794384192542,1.0,0.001326427045854448
0.904709836795853,0.6638042460889332,1.0,0.0013264270814801063
0.904709836795853,0.6638239707608421,1.0,0.0013264271171057665
0.904709836795853,0.6638535599667181,1.0,0.0013264271527314284
0.9046895881423885,0.6638682931902944,1.0,0.0013264271883570923
0.9046895881423885,0.6638781575037147,1.0,0.0013264272239827582
0.9046895881423885,0.663888022110284,1.0,0.001326427259608426
0.9046895881423885,0.6639077522029214,1.0,0.0013264272952340957
0.9046895881423885,0.6639274834683112,1.0,0.0013264273308597671
0.9046895881423885,0.6639570825655353,1.0,0.0013264273664854408
0.9046895881423885,0.6639866843020404,1.0,0.0013264274021111161
0.9046895881423885,0.6639965521341101,1.0,0.0013264274377367935
0.9046895881423885,0.6640064202594855,1.0,0.0013264274733624727
0.9046895881423885,0.6640162886781797,1.0,0.0013264275089881537
0.904669339488924,0.6640803828889087,1.0,0.001326427544613837
0.904669339488924,0.6641001248587907,1.0,0.0013264275802395218
0.904669339488924,0.6641297400145675,1.0,0.0013264276158652087
0.904669339488924,0.6641396123201332,1.0,0.0013264276514908975
0.904669339488924,0.6641494849192073,1.0,0.0013264276871165883
0.904669339488924,0.6641593578118031,1.0,0.001326427722742281
0.904669339488924,0.6641988523176642,1.0,0.0013264277583679754
0.904669339488924,0.6642186013320647,1.0,0.001326427793993672
0.904669339488924,0.6642284762796783,1.0,0.0013264278296193704
0.904669339488924,0.6642581028843295,1.0,0.0013264278652450707
0.904669339488924,0.664267979006527,1.0,0.0013264279008707728
0.904669339488924,0.6642778554224033,1.0,0.001326427936496477
0.904669339488924,0.6642877321319713,1.0,0.001326427972122183
0.904669339488924,0.6643074864322355,1.0,0.0013264280077478908
0.904669339488924,0.6643173640229577,1.0,0.0013264280433736007
0.9046490908354594,0.6643123726822595,1.0,0.0013264280789993125
0.9046490908354594,0.6643321288902767,1.0,0.0013264281146250262
0.9046085935285304,0.6643715424424484,1.0,0.001326428150250742
0.9046085935285304,0.664381422601609,1.0,0.0013264281858764593
0.9045883448750658,0.6643863119227852,1.0,0.0013264282215021787
0.9045680962216013,0.6643813206424747,1.0,0.0013264282571279
0.9045680962216013,0.6644109642012582,1.0,0.0013264282927536234
0.9045680962216013,0.6644208459753703,1.0,0.0013264283283793486
0.9045680962216013,0.664450493061443,1.0,0.0013264283640050756
0.9045680962216013,0.6644801427933958,1.0,0.0013264283996308045
0.9045680962216013,0.6644999107514726,1.0,0.0013264284352565354
0.9045680962216013,0.6645097951715828,1.0,0.0013264284708822682
0.9045478475681367,0.664524574556706,1.0,0.001326428506508003
0.9045478475681367,0.6645344599318685,1.0,0.0013264285421337397
0.9045478475681367,0.6645443456011425,1.0,0.0013264285777594782
0.9045478475681367,0.6645641178220768,1.0,0.0013264286133852186
0.9045478475681367,0.6645937783596412,1.0,0.0013264286490109612
0.9045478475681367,0.6646234415449163,1.0,0.0013264286846367053
0.9045478475681367,0.6646333298617827,1.0,0.0013264287202624516
0.9045275989146722,0.6647964878339162,1.0,0.0013264287558881998
0.9045275989146722,0.6648063815221598,1.0,0.0013264287915139498
0.9045275989146722,0.6648162755048889,1.0,0.0013264288271397017
0.9045275989146722,0.664826169782117,1.0,0.0013264288627654556
0.9045275989146722,0.664845959220122,1.0,0.0013264288983912114
0.9045275989146722,0.6648657498362803,1.0,0.0013264289340169692
0.9045275989146722,0.6648756455861997,1.0,0.0013264289696427287
0.9045275989146722,0.6648855416306969,1.0,0.0013264290052684904
0.9045275989146722,0.664905334603477,1.0,0.0013264290408942538
0.9045275989146722,0.664925128754726,1.0,0.0013264290765200191
0.9045073502612077,0.6649399365873264,1.0,0.0013264291121457864
0.9045073502612077,0.6649498347673345,1.0,0.0013264291477715555
0.9045073502612077,0.664979531075549,1.0,0.0013264291833973267
0.9045073502612077,0.6649894304343943,1.0,0.0013264292190230996
0.9045073502612077,0.6649993300879817,1.0,0.0013264292546488745
0.9045073502612077,0.6650092300363246,1.0,0.0013264292902746514
0.9045073502612077,0.665019130279436,1.0,0.0013264293259004302
0.9045073502612077,0.6650290308173291,1.0,0.0013264293615262107
0.9045073502612077,0.6650587341998303,1.0,0.0013264293971519934
0.9045073502612077,0.6650686359169818,1.0,0.0013264294327777779
0.9045073502612077,0.6651181489257159,1.0,0.0013264294684035643
0.9045073502612077,0.6651379561935109,1.0,0.0013264295040293526
0.904487101607743,0.665152778605039,1.0,0.001326429539655143
0.904487101607743,0.6651626833445016,1.0,0.001326429575280935
0.9044668529542785,0.6651973194341028,1.0,0.0013264296109067291
0.9044668529542785,0.665207225721902,1.0,0.001326429646532525
0.9044668529542785,0.6652171323047597,1.0,0.001326429682158323
0.9044668529542785,0.6652270391826888,1.0,0.0013264297177841228
0.9044668529542785,0.6652369463557025,1.0,0.0013264297534099244
0.9044668529542785,0.6652468538238141,1.0,0.001326429789035728
0.9044668529542785,0.6652567615870368,1.0,0.0013264298246615336
0.9044668529542785,0.6652666696453837,1.0,0.001326429860287341
0.9044668529542785,0.6652765779988681,1.0,0.0013264298959131504
0.9044668529542785,0.665286486647503,1.0,0.0013264299315389617
0.9044668529542785,0.6653162143644434,1.0,0.001326429967164775
0.9044263556473494,0.665415270018622,1.0,0.00132643000279059
0.9031506904790831,0.6678995522678606,1.0,0.001326430038416407
0.9031506904790831,0.6679095537586104,1.0,0.0013264300740422259
0.9031304418256186,0.6679345872768659,1.0,0.0013264301096680467
0.9031304418256186,0.6679545931051007,1.0,0.0013264301452938696
0.9031304418256186,0.6679645964686325,1.0,0.0013264301809196943
0.9031304418256186,0.6679746001317918,1.0,0.0013264302165455209
0.9031304418256186,0.6679846040945919,1.0,0.0013264302521713493
0.9031304418256186,0.6680146177809729,1.0,0.0013264302877971797
0.9031304418256186,0.6680246229424716,1.0,0.001326430323423012
0.9031304418256186,0.6680346284036786,1.0,0.0013264303590488464
0.9031304418256186,0.6680846602058088,1.0,0.0013264303946746824
0.9031304418256186,0.6681146828844483,1.0,0.0013264304303005207
0.9031304418256186,0.6681246910436359,1.0,0.0013264304659263606
0.9031304418256186,0.6681346995026665,1.0,0.0013264305015522025
0.9031304418256186,0.6681447082615535,1.0,0.0013264305371780464
0.903110193172154,0.6681697652469626,1.0,0.001326430572803892
0.9030899445186895,0.6681647940074906,1.0,0.0013264306084297397
0.9030899445186895,0.6682048362448686,1.0,0.0013264306440555892
0.9030899445186895,0.6682148475541239,1.0,0.0013264306796814407
0.9030899445186895,0.6682348710726218,1.0,0.001326430715307294
0.9030899445186895,0.6682548957911928,1.0,0.0013264307509331494
0.9030899445186895,0.6682649086005394,1.0,0.0013264307865590065
0.9030899445186895,0.6682749217099447,1.0,0.0013264308221848657
0.9030899445186895,0.6682949488289854,1.0,0.0013264308578107267
0.9030899445186895,0.6683049628386478,1.0,0.0013264308934365897
0.9030899445186895,0.6683149771484229,1.0,0.0013264309290624545
0.9030899445186895,0.668335006668365,1.0,0.0013264309646883214
0.903069695865225,0.6683300365641671,1.0,0.00132643100031419
0.9030494472117604,0.6683350816724112,1.0,0.0013264310359400607
0.9030494472117604,0.6683651295577502,1.0,0.0013264310715659332
0.9030494472117604,0.6684051976080212,1.0,0.0013264311071918076
0.9030494472117604,0.6684152153712418,1.0,0.001326431142817684
0.9030291985582959,0.6684202637889688,1.0,0.0013264311784435623
0.9030291985582959,0.6684302822284507,1.0,0.0013264312140694424
0.9030291985582959,0.6684503200083937,1.0,0.0013264312496953244
0.9030291985582959,0.6684603393488818,1.0,0.0013264312853212086
0.9030291985582959,0.6684703589897324,1.0,0.0013264313209470945
0.9030291985582959,0.668480378930959,1.0,0.0013264313565729822
0.9030291985582959,0.6685104405570296,1.0,0.001326431392198872
0.9030291985582959,0.66854050488697,1.0,0.0013264314278247636
0.9030291985582959,0.6685505269312066,1.0,0.0013264314634506573
0.9030291985582959,0.6685805948668746,1.0,0.0013264314990765527
0.9030291985582959,0.6685906181131284,1.0,0.0013264315347024502
0.9030291985582959,0.6686206896551724,1.0,0.0013264315703283495
0.9030291985582959,0.6686507639024244,1.0,0.0013264316059542506
0.9030291985582959,0.6686808408552494,1.0,0.001326431641580154
0.9030291985582959,0.6686908671074926,1.0,0.001326431677206059
0.9030291985582959,0.6687008936604091,1.0,0.0013264317128319659
0.9030291985582959,0.6687109205140124,1.0,0.0013264317484578748
0.9030291985582959,0.6687209476683161,1.0,0.0013264317840837854
0.9030089499048314,0.6687159801466509,1.0,0.0013264318197096982
0.9030089499048314,0.6687260076775432,1.0,0.0013264318553356128
0.9030089499048314,0.6687360355091697,1.0,0.0013264318909615293
0.9030089499048314,0.6687560920746795,1.0,0.001326431962213368
0.9030089499048314,0.6687761498432884,1.0,0.0013264319978392905
0.9030089499048314,0.6687861791787889,1.0,0.0013264320334652148
0.9030089499048314,0.6688162689902368,1.0,0.0013264320690911408
0.9029684525979023,0.668976897689769,1.0,0.0013264321047170688
0.9029684525979023,0.6689869334973522,1.0,0.0013264321403429987
0.9029684525979023,0.6689969696060488,1.0,0.0013264321759689306
0.9029684525979023,0.6690170427268363,1.0,0.0013264322115948642
0.9029684525979023,0.6690270797389544,1.0,0.0013264322472208
0.9029684525979023,0.6690371170522399,1.0,0.0013264322828467376
0.9029684525979023,0.6690471546667067,1.0,0.001326432318472677
0.9029684525979023,0.6690571925823682,1.0,0.0013264323540986185
0.9029684525979023,0.6690672307992378,1.0,0.0013264323897245619
0.9029684525979023,0.669097347257232,1.0,0.001326432425350507
0.9029684525979023,0.6691073866790703,1.0,0.0013264324609764543
0.9029684525979023,0.6691375067522958,1.0,0.0013264324966024033
0.9029684525979023,0.6691575883076738,1.0,0.0013264325322283543
0.9029684525979023,0.6691877129008539,1.0,0.0013264325678543072
0.9029684525979023,0.6691977550346649,1.0,0.001326432603480262
0.9029684525979023,0.66926805841125,1.0,0.0013264326391062187
0.9029684525979023,0.669288147803509,1.0,0.0013264326747321773
0.9029684525979023,0.6692981929519121,1.0,0.001326432710358138
0.9029684525979023,0.669308238401849,1.0,0.0013264327459841004
0.9029077066375086,0.6694239690141268,1.0,0.0013264327816100646
0.9028672093305795,0.6695748802426682,1.0,0.001326432817236031
0.902846960677115,0.6696000840979741,1.0,0.0013264328528619993
0.902846960677115,0.6696201961343806,1.0,0.0013264328884879694
0.902846960677115,0.6696302526056528,1.0,0.0013264329241139414
0.902846960677115,0.6696403093789892,1.0,0.0013264329597399154
0.902846960677115,0.669660423831909,1.0,0.0013264329953658913
0.902846960677115,0.6696905977771103,1.0,0.001326433030991869
0.902846960677115,0.6697107152512842,1.0,0.0013264330666178487
0.9028267120236504,0.6697057542394521,1.0,0.0013264331022438303
0.9028267120236504,0.6697258730754788,1.0,0.0013264331378698138
0.9028267120236504,0.669735932946796,1.0,0.0013264331734957992
0.9028267120236504,0.6697661143741269,1.0,0.0013264332091217866
0.9028267120236504,0.6697761754544089,1.0,0.0013264332447477758
0.9027659660632568,0.6701337742371862,1.0,0.001326433280373767
0.9027659660632568,0.6701438470441462,1.0,0.0013264333159997601
0.9027659660632568,0.6701740672819649,1.0,0.0013264333516257551
0.9027659660632568,0.6701942156214299,1.0,0.001326433387251752
0.9027659660632568,0.670204290245479,1.0,0.0013264334228777507
0.9027659660632568,0.6702143651724242,1.0,0.0013264334585037516
0.9027659660632568,0.6702647443510682,1.0,0.0013264334941297542
0.9027659660632568,0.6702748210956763,1.0,0.0013264335297557587
0.9027659660632568,0.670284898143276,1.0,0.0013264335653817652
0.9027659660632568,0.6703151311041616,1.0,0.0013264336010077736
0.9027659660632568,0.6703352879266276,1.0,0.001326433636633784
0.9027659660632568,0.6703554459613881,1.0,0.0013264336722597961
0.9027659660632568,0.670365525433413,1.0,0.0013264337078858104
0.9027659660632568,0.6703756052085527,1.0,0.0013264337435118265
0.9027659660632568,0.6704260086314492,1.0,0.0013264337791378444
0.9027659660632568,0.670446172122889,1.0,0.0013264338147638641
0.9027659660632568,0.6704562543234382,1.0,0.001326433850389886
0.9027457174097923,0.6704714640198511,1.0,0.0013264338860159096
0.9027457174097923,0.6704815472072668,1.0,0.0013264339216419354
0.9027457174097923,0.6705319676939042,1.0,0.001326433957267963
0.9027457174097923,0.6705420527012393,1.0,0.0013264339928939924
0.9027457174097923,0.6705723095435061,1.0,0.0013264340285200236
0.9027457174097923,0.6705823957643945,1.0,0.001326434064146057
0.9027457174097923,0.6705924822887054,1.0,0.001326434099772092
0.9027457174097923,0.6706126562476497,1.0,0.0013264341353981292
0.9027457174097923,0.6706227436823105,1.0,0.0013264341710241684
0.9027457174097923,0.6706530078072115,1.0,0.0013264342066502091
0.9027457174097923,0.6706832746637783,1.0,0.001326434242276252
0.9027457174097923,0.670693364223068,1.0,0.001326434277902297
0.9027457174097923,0.6707135442523807,1.0,0.001326434349154392
0.9027457174097923,0.6707236347224311,1.0,0.0013264343847804426
0.9027457174097923,0.6707539079543232,1.0,0.001326434420406495
0.9027457174097923,0.6707639996389131,1.0,0.0013264344560325492
0.9027254687563278,0.6708095094793861,1.0,0.0013264344916586056
0.9027254687563278,0.6708700755409757,1.0,0.0013264345272846637
0.9027254687563278,0.670880170947888,1.0,0.0013264345629107237
0.9027254687563278,0.6709104589917231,1.0,0.0013264345985367857
0.9027254687563278,0.6709205556140799,1.0,0.0013264346341628497
0.9027254687563278,0.6709306525403322,1.0,0.0013264346697889153
0.9027254687563278,0.6709407497704938,1.0,0.0013264347054149832
0.9027254687563278,0.6709811417305058,1.0,0.0013264347410410528
0.9027254687563278,0.670991240480419,1.0,0.0013264347766671243
0.9027254687563278,0.6710013395343237,1.0,0.0013264348122931978
0.9027052201028631,0.670996387718242,1.0,0.0013264348479192732
0.9027052201028631,0.6710165868930431,1.0,0.0013264348835453504
0.9027052201028631,0.6710266869364963,1.0,0.0013264349191714298
0.9027052201028631,0.6710468879355761,1.0,0.0013264349547975108
0.9027052201028631,0.6710569888912304,1.0,0.0013264349904235939
0.9027052201028631,0.6710670901509792,1.0,0.0013264350260496788
0.9027052201028631,0.67109739575493,1.0,0.0013264350616757656
0.9027052201028631,0.6711074982311942,1.0,0.0013264350973018544
0.9027052201028631,0.6711984342065643,1.0,0.001326435132927945
0.9026849714493986,0.6711934837922884,1.0,0.0013264351685540376
0.9026849714493986,0.671223801493616,1.0,0.0013264352041801322
0.9026849714493986,0.6712339080027102,1.0,0.0013264352398062286
0.9026849714493986,0.6712440148161533,1.0,0.001326435275432327
0.9026849714493986,0.6712541219339587,1.0,0.0013264353110584272
0.9026849714493986,0.6712642293561405,1.0,0.0013264353466845293
0.9026849714493986,0.6712844451136877,1.0,0.0013264353823106334
0.9026849714493986,0.6712945534490807,1.0,0.0013264354179367394
0.9026849714493986,0.6713046620889049,1.0,0.0013264354535628474
0.9026849714493986,0.6713349898351028,1.0,0.0013264354891889573
0.9026849714493986,0.6713450996927895,1.0,0.001326435524815069
0.9026849714493986,0.6713653203216771,1.0,0.0013264355604411826
0.9026849714493986,0.6713754310929052,1.0,0.001326435596067298
0.9026849714493986,0.6713855421686747,1.0,0.0013264356316934156
0.9026849714493986,0.6713956535489992,1.0,0.001326435667319535
0.9020775118454623,0.6727574750830565,1.0,0.0013264357029456563
0.9020775118454623,0.6727676346667875,1.0,0.0013264357385717796
0.9020775118454623,0.6727777945573711,1.0,0.0013264357741979047
0.9020775118454623,0.6727879547548212,1.0,0.0013264358098240318
0.9020775118454623,0.67281843718851,1.0,0.0013264358454501608
0.9020775118454623,0.6728387603455567,1.0,0.0013264358810762915
0.9020775118454623,0.6728692473832862,1.0,0.0013264359167024244
0.9020775118454623,0.6728794103431609,1.0,0.001326435952328559
0.9020775118454623,0.6729200652528549,1.0,0.0013264359879546956
0.9020775118454623,0.6729403945500136,1.0,0.0013264360235808342
0.9020775118454623,0.6729505596592197,1.0,0.0013264360592069747
0.9020775118454623,0.6729810568295115,1.0,0.001326436094833117
0.9020775118454623,0.6730217240233254,1.0,0.0013264361304592613
0.9020775118454623,0.6730420594633792,1.0,0.0013264361660854074
0.9020775118454623,0.6730522276442417,1.0,0.0013264362017115555
0.9020572631919977,0.6730574566770914,1.0,0.0013264362373377055
0.9020572631919977,0.6730676255514595,1.0,0.0013264362729638575
0.9020572631919977,0.6730777947331047,1.0,0.0013264363085900112
0.9020572631919977,0.6731286452509746,1.0,0.0013264363442161671
0.9020572631919977,0.6731489876095497,1.0,0.0013264363798423248
0.9020370145385331,0.6731542204357944,1.0,0.0013264364154684843
0.9020370145385331,0.6731745647969052,1.0,0.0013264364510946459
0.9020370145385331,0.6732050836443867,1.0,0.0013264364867208091
0.9020370145385331,0.673215257208487,1.0,0.0013264365223469745
0.9020370145385331,0.6732661296416643,1.0,0.0013264365579731417
0.9020370145385331,0.6732763050509325,1.0,0.0013264365935993108
0.9020370145385331,0.6732864807677775,1.0,0.001326436629225482
0.9020370145385331,0.6733170097639128,1.0,0.001326436664851655
0.9020167658850686,0.6733527820185317,1.0,0.0013264367004778299
0.9019965172316041,0.6734496417016902,1.0,0.0013264367361040066
0.9019762685781395,0.6734752502192253,1.0,0.0013264367717301855
0.9019762685781395,0.6734854326363375,1.0,0.001326436807356366
0.901956019924675,0.6734906787220853,1.0,0.0013264368429825486
0.901956019924675,0.6735110452545474,1.0,0.001326436878608733
0.901956019924675,0.6735212289827023,1.0,0.0013264369142349194
0.901956019924675,0.6735415973629298,1.0,0.0013264369498611076
0.901956019924675,0.6735619669751406,1.0,0.001326436985487298
0.901956019924675,0.6735721522432747,1.0,0.00132643702111349
0.9019357712712105,0.673577401745074,1.0,0.001326437056739684
0.9019357712712105,0.6735875877086862,1.0,0.0013264370923658799
0.9019357712712105,0.6736079605601427,1.0,0.0013264371279920778
0.9019357712712105,0.6736181474480151,1.0,0.0013264371636182775
0.9019357712712105,0.6736385221481179,1.0,0.0013264371992444792
0.9019357712712105,0.6736487099603763,1.0,0.0013264372348706828
0.9019357712712105,0.6736996536442972,1.0,0.0013264372704968883
0.9019357712712105,0.6737200332753536,1.0,0.0013264373061230958
0.9019357712712105,0.6737302235532565,1.0,0.001326437341749305
0.9019357712712105,0.673740414139428,1.0,0.0013264373773755164
0.9019357712712105,0.6737506050338818,1.0,0.0013264374130017296
0.9019155226177459,0.6737456701607902,1.0,0.0013264374486279447
0.9019155226177459,0.6737558614430494,1.0,0.0013264374842541617
0.9018952739642814,0.673750926500174,1.0,0.0013264375198803805
0.9018952739642814,0.6737713101486983,1.0,0.0013264375555066014
0.9018952739642814,0.6737815024354824,1.0,0.001326437591132824
0.9018750253108169,0.6737969532396412,1.0,0.0013264376267590487
0.9018750253108169,0.6738071465311186,1.0,0.0013264376623852753
0.9018750253108169,0.6738275340393344,1.0,0.0013264376980115038
0.9018750253108169,0.6738377282561007,1.0,0.001326437733637734
0.9018750253108169,0.6738479227813247,1.0,0.0013264377692639665
0.9018750253108169,0.6738581176150203,1.0,0.0013264378048902007
0.9018750253108169,0.6738683127572016,1.0,0.0013264378405164368
0.9018750253108169,0.6738887039670772,1.0,0.0013264378761426749
0.9018547766573523,0.6740061439748187,1.0,0.0013264379117689147
0.9018547766573523,0.6740163438256659,1.0,0.0013264379473951567
0.9018547766573523,0.6740571463163629,1.0,0.0013264379830214004
0.9018547766573523,0.6740673477109346,1.0,0.0013264380186476462
0.9018547766573523,0.6740979537474271,1.0,0.0013264380542738939
0.9018547766573523,0.6741081563772305,1.0,0.0013264380899001432
0.9018547766573523,0.6741285625633807,1.0,0.0013264381255263947
0.9018547766573523,0.6741387661197554,1.0,0.001326438161152648
0.9018547766573523,0.6741591741591741,1.0,0.0013264381967789034
0.9018547766573523,0.6741693786422462,1.0,0.0013264382324051605
0.9018547766573523,0.6741795834342456,1.0,0.0013264382680314196
0.9018547766573523,0.6741999939450819,1.0,0.0013264383036576807
0.9018547766573523,0.6742204056917953,1.0,0.0013264383392839435
0.9018345280038877,0.6742358871883374,1.0,0.0013264383749102084
0.9016320414692423,0.6750655690483771,1.0,0.0013264384105364751
0.9016320414692423,0.6750962733860942,1.0,0.0013264384461627438
0.9016320414692423,0.6751269805170191,1.0,0.0013264384817890144
0.9016320414692423,0.6751372168481062,1.0,0.001326438517415287
0.9016320414692423,0.6751474534896063,1.0,0.0013264385530415612
0.9016320414692423,0.6751576904415333,1.0,0.0013264385886678377
0.9016117928157777,0.6751630022744504,1.0,0.0013264386242941158
0.9016117928157777,0.675173239927823,1.0,0.001326438659920396
0.9016117928157777,0.6751937161660121,1.0,0.001326438695546678
0.9015915441623132,0.67518879082886,1.0,0.001326438731172962
0.9015915441623132,0.6752195077566989,1.0,0.001326438766799248
0.9015915441623132,0.6752399872613397,1.0,0.0013264388024255356
0.9015915441623132,0.6752502274795268,1.0,0.0013264388380518253
0.9015712955088486,0.6752657840059451,1.0,0.001326438873678117
0.9015510468553841,0.6752608590148023,1.0,0.0013264389093044105
0.9015510468553841,0.6752711003260787,1.0,0.001326438944930706
0.9015510468553841,0.6752813419480086,1.0,0.0013264389805570033
0.9015510468553841,0.6752915838806061,1.0,0.0013264390161833027
0.9015510468553841,0.6753120686778602,1.0,0.001326439051809604
0.9015510468553841,0.6753223115425451,1.0,0.001326439087435907
0.9015510468553841,0.6753325547179542,1.0,0.001326439123062212
0.9015510468553841,0.6753427982041015,1.0,0.001326439158688519
0.9015510468553841,0.6753530420010011,1.0,0.0013264391943148277
0.9015510468553841,0.6753837752563558,1.0,0.0013264392299411386
0.9015510468553841,0.6754145113089911,1.0,0.0013264392655674513
0.9015510468553841,0.6754247572815534,1.0,0.001326439301193766
0.9015307982019196,0.6754403264711683,1.0,0.0013264393368200822
0.9015307982019196,0.6754505734571272,1.0,0.0013264393724464008
0.9015307982019196,0.6754710683618048,1.0,0.001326439408072721
0.9015307982019196,0.6754813162805516,1.0,0.0013264394436990434
0.9015307982019196,0.6755018130509323,1.0,0.0013264394793253676
0.9015307982019196,0.6755120619025945,1.0,0.0013264395149516935
0.9015307982019196,0.6755428103236378,1.0,0.0013264395505780215
0.9015307982019196,0.6755530604193852,1.0,0.0013264395862043516
0.9015307982019196,0.6755633108261893,1.0,0.0013264396218306833
0.9015307982019196,0.675583812573024,1.0,0.001326439657457017
0.9015307982019196,0.6756043155642555,1.0,0.0013264396930833526
0.9015307982019196,0.6756145675265554,1.0,0.0013264397287096902
0.9015307982019196,0.675624819799997,1.0,0.0013264397643360296
0.9015307982019196,0.6756350723845944,1.0,0.001326439799962371
0.9015307982019196,0.6756555784873134,1.0,0.0013264398355887143
0.9015307982019196,0.6756965944272446,1.0,0.0013264398712150595
0.9015307982019196,0.6757171042646836,1.0,0.0013264399068414067
0.9015307982019196,0.675727359650321,1.0,0.0013264399424677558
0.9015307982019196,0.6757786412482545,1.0,0.0013264399780941068
0.9015307982019196,0.6757991560669075,1.0,0.0013264400137204596
0.9015307982019196,0.6758094139433221,1.0,0.0013264400493468143
0.9015307982019196,0.6758607079968425,1.0,0.001326440084973171
0.9015307982019196,0.6758709677419354,1.0,0.0013264401205995296
0.9015307982019196,0.6758812277985244,1.0,0.0013264401562258902
0.9015307982019196,0.6758914881666237,1.0,0.0013264401918522525
0.901470052241526,0.6760409390469827,1.0,0.001326440227478617
0.901470052241526,0.676051204956494,1.0,0.0013264402631049832
0.901470052241526,0.6760614711777926,1.0,0.0013264402987313514
0.9014498035880614,0.6760565519126512,1.0,0.0013264403343577215
0.9014498035880614,0.6760668185269552,1.0,0.0013264403699840936
0.9014498035880614,0.6760770854530821,1.0,0.0013264404056104674
0.9014498035880614,0.676087352691046,1.0,0.0013264404412368432
0.9014498035880614,0.6760976202408614,1.0,0.001326440476863221
0.9014498035880614,0.6761078881025423,1.0,0.0013264405124896006
0.9014093062811322,0.6761185869202029,1.0,0.0013264405481159822
0.9014093062811322,0.6761288558800748,1.0,0.0013264405837423658
0.9014093062811322,0.6761391251518833,1.0,0.001326440619368751
0.9014093062811322,0.6761493947356431,1.0,0.0013264406549951385
0.9013890576276677,0.6761650161006136,1.0,0.0013264406906215278
0.9013890576276677,0.6761752867016025,1.0,0.001326440726247919
0.9013890576276677,0.6761855576146064,1.0,0.0013264407618743118
0.9013890576276677,0.6761958288396397,1.0,0.0013264407975007069
0.9013890576276677,0.6762061003767165,1.0,0.0013264408331271037
0.9013890576276677,0.6762369168603503,1.0,0.0013264408687535026
0.9013890576276677,0.6762574627432513,1.0,0.0013264409043799033
0.9013890576276677,0.6762677361528879,1.0,0.0013264409400063058
0.9013890576276677,0.6762882839086047,1.0,0.0013264409756327104
0.9013890576276677,0.6762985582547134,1.0,0.001326441011259117
0.9013890576276677,0.6763293831662108,1.0,0.0013264410468855252
0.9013890576276677,0.6763602108877645,1.0,0.0013264410825119355
0.9013688089742032,0.6763758470842071,1.0,0.0013264411181383477
0.9013485603207386,0.6763709297555194,1.0,0.0013264411537647618
0.9013283116672741,0.6764071237539508,1.0,0.001326441189391178
0.9013283116672741,0.6764276813664407,1.0,0.0013264412250175957
0.9013283116672741,0.6764379606412887,1.0,0.0013264412606440155
0.9013283116672741,0.6764482402285575,1.0,0.0013264412962704375
0.9013283116672741,0.6764688003404152,1.0,0.0013264413318968612
0.9013283116672741,0.6764790808650325,1.0,0.0013264413675232866
0.9011258251326287,0.6769031865541105,1.0,0.0013264414031497142
0.9009638359049124,0.6772656701878291,1.0,0.0013264414387761435
0.9009638359049124,0.6772862883584998,1.0,0.001326441474402575
0.9009638359049124,0.677306907784577,1.0,0.0013264415100290082
0.9009638359049124,0.6773172179684289,1.0,0.0013264415456554434
0.9009638359049124,0.6773275284661755,1.0,0.0013264415812818803
0.9009638359049124,0.6773378392778311,1.0,0.0013264416169083194
0.9009638359049124,0.67734815040341,1.0,0.0013264416525347602
0.9009638359049124,0.6773584618429265,1.0,0.0013264416881612032
0.9009233385979832,0.677348638238921,1.0,0.001326441723787648
0.9009233385979832,0.6773692623886732,1.0,0.0013264417594140944
0.9009233385979832,0.677379574934535,1.0,0.001326441795040543
0.9009233385979832,0.6773898877944065,1.0,0.0013264418306669936
0.9009233385979832,0.6774827176660474,1.0,0.0013264418662934459
0.9009233385979832,0.6775136666108328,1.0,0.0013264419019199001
0.9009233385979832,0.6775446183833831,1.0,0.0013264419375463563
0.9009233385979832,0.677554936269359,1.0,0.0013264419731728145
0.9009233385979832,0.6775755729840859,1.0,0.0013264420087992746
0.9009233385979832,0.6775962109559417,1.0,0.0013264420444257365
0.9009233385979832,0.6776065304133289,1.0,0.0013264420800522003
0.9009233385979832,0.6776168501850414,1.0,0.0013264421156786662
0.9009233385979832,0.6776478113862743,1.0,0.0013264421513051337
0.9009233385979832,0.6776581324154317,1.0,0.0013264421869316034
0.9009233385979832,0.6776787754169522,1.0,0.001326442222558075
0.9009233385979832,0.6776994196761763,1.0,0.0013264422581845483
0.9009233385979832,0.6777200651932187,1.0,0.0013264422938110238
0.9009233385979832,0.6777303884234578,1.0,0.001326442329437501
0.9009233385979832,0.6777407119681945,1.0,0.00132644236506398
0.9009233385979832,0.6777820092924062,1.0,0.0013264424006904612
0.9009233385979832,0.6777923344098471,1.0,0.0013264424363169443
0.9009233385979832,0.6778026598418719,1.0,0.0013264424719434292
0.9009233385979832,0.6778336380255942,1.0,0.001326442507569916
0.9009233385979832,0.6778439647160986,1.0,0.0013264425431964047
0.9009030899445187,0.6779113528667855,1.0,0.0013264425788228954
0.9009030899445187,0.6779320117630926,1.0,0.001326442614449388
0.9009030899445187,0.6779423416834278,1.0,0.0013264426500758824
0.9009030899445187,0.6779630024685338,1.0,0.001326442685702379
0.9009030899445187,0.6779733333333333,1.0,0.0013264427213288772
0.9009030899445187,0.6779836645129831,1.0,0.0013264427569553774
0.9008828412910541,0.6779890890250221,1.0,0.0013264427925818796
0.9008828412910541,0.6779994209170844,1.0,0.0013264428282083835
0.9008828412910541,0.6780304184827334,1.0,0.0013264428638348896
0.9008828412910541,0.678040751634485,1.0,0.0013264428994613974
0.9008828412910541,0.6780924221179052,1.0,0.0013264429350879072
0.9008828412910541,0.6781130925163847,1.0,0.001326442970714419
0.9008828412910541,0.6781234281882059,1.0,0.0013264430063409326
0.9008625926375896,0.678139194585861,1.0,0.001326443041967448
0.9008423439841251,0.6781446253277239,1.0,0.0013264430775939656
0.9008423439841251,0.6781549624254989,1.0,0.001326443113220485
0.9008423439841251,0.6781756375665005,1.0,0.0013264431488470062
0.9008423439841251,0.6781963139682007,1.0,0.0013264431844735294
0.9008423439841251,0.6782686913038175,1.0,0.0013264432201000546
0.9008423439841251,0.6783203988595301,1.0,0.0013264432557265815
0.9008423439841251,0.6783410840893497,1.0,0.0013264432913531105
0.9008423439841251,0.6783721142996554,1.0,0.0013264433269796413
0.9008423439841251,0.6784031473489989,1.0,0.001326443362606174
0.9008423439841251,0.6784134923297447,1.0,0.0013264433982327088
0.9008423439841251,0.6784445291650781,1.0,0.0013264434338592453
0.9008423439841251,0.678454875407936,1.0,0.0013264434694857839
0.9008423439841251,0.6784652219663581,1.0,0.0013264435051123242
0.9008423439841251,0.6784755688403586,1.0,0.0013264435407388665
0.9008423439841251,0.6784859160299522,1.0,0.0013264435763654108
0.9008423439841251,0.6784962635351532,1.0,0.001326443611991957
0.9008423439841251,0.6785066113559761,1.0,0.0013264436476185051
0.900801846677196,0.6785175017158545,1.0,0.001326443683245055
0.900801846677196,0.6785278506497469,1.0,0.001326443718871607
0.900801846677196,0.678548549464629,1.0,0.0013264437544981608
0.9007815980237314,0.6785539963392312,1.0,0.0013264437901247166
0.9007815980237314,0.6785643466190759,1.0,0.001326443825751274
0.9007815980237314,0.6785953993532248,1.0,0.0013264438613778337
0.9007815980237314,0.678605750896194,1.0,0.001326443897004395
0.9007815980237314,0.6786161027549806,1.0,0.0013264439326309586
0.9007815980237314,0.6786678667866787,1.0,0.001326443968257524
0.9007815980237314,0.6786885746105847,1.0,0.001326444003884091
0.9007815980237314,0.6787403496994294,1.0,0.0013264440395106601
0.9007815980237314,0.6787714185446834,1.0,0.0013264440751372313
0.9007411007168024,0.6787616155759342,1.0,0.0013264441107638041
0.900579111489086,0.6789503411849115,1.0,0.001326444146390379
0.9005588628356215,0.6789558049003893,1.0,0.0013264441820169557
0.9005588628356215,0.6789661700048852,1.0,0.0013264442176435345
0.9005588628356215,0.6789869011633233,1.0,0.0013264442532701151
0.9005588628356215,0.6790076335877863,1.0,0.0013264442888966976
0.9005588628356215,0.6790180002748134,1.0,0.0013264443245232821
0.9005588628356215,0.6790387345985313,1.0,0.0013264443601498685
0.9005588628356215,0.679059470188564,1.0,0.0013264443957764567
0.9005588628356215,0.6790698384584848,1.0,0.0013264444314030467
0.9005588628356215,0.6790905759482074,1.0,0.001326444467029639
0.9005588628356215,0.6791216845577119,1.0,0.001326444502656233
0.9005588628356215,0.6791320547275836,1.0,0.0013264445382828289
0.9005588628356215,0.6791424252141647,1.0,0.0013264445739094267
0.9005588628356215,0.6791527960174694,1.0,0.0013264446095360264
0.9005588628356215,0.6791735385743082,1.0,0.0013264446451626282
0.9005588628356215,0.6791839103278714,1.0,0.0013264446807892316
0.9005588628356215,0.6791942823982163,1.0,0.0013264447164158372
0.9005588628356215,0.6792150274893097,1.0,0.0013264447520424446
0.9005588628356215,0.6792357738477046,1.0,0.0013264447876690539
0.9005588628356215,0.679256521473517,1.0,0.0013264448232956651
0.9004981168752278,0.6794805194805195,1.0,0.0013264448589222781
0.9004778682217632,0.6795275349917487,1.0,0.0013264448945488933
0.9004778682217632,0.6795379184939566,1.0,0.0013264449301755102
0.9004778682217632,0.6795586864503904,1.0,0.001326444965802129
0.9004778682217632,0.6795898407653046,1.0,0.0013264450014287498
0.9004778682217632,0.6796002261717377,1.0,0.0013264450370553725
0.9004576195682987,0.6796057155956292,1.0,0.0013264450726819972
0.9004576195682987,0.6796161017208179,1.0,0.0013264451083086237
0.9004576195682987,0.6796264881634649,1.0,0.0013264451439352523
0.9004576195682987,0.6796368749235848,1.0,0.0013264451795618826
0.9004576195682987,0.6796888134867868,1.0,0.001326445215188515
0.9004373709148341,0.6797566456228313,1.0,0.0013264452508151491
0.9004373709148341,0.6797878194937018,1.0,0.001326445286441785
0.9004373709148341,0.6797982114193992,1.0,0.0013264453220684232
0.9004373709148341,0.6798397822996132,1.0,0.0013264453576950631
0.9003968736079051,0.6798923596776906,1.0,0.001326445393321705
0.9003968736079051,0.6799131511750585,1.0,0.0013264454289483487
0.9003766249544405,0.679908256880734,1.0,0.0013264454645749945
0.9003766249544405,0.6799186531904158,1.0,0.001326445500201642
0.9003766249544405,0.6799290498180373,1.0,0.0013264455358282916
0.9003766249544405,0.6799498440271576,1.0,0.001326445571454943
0.9003766249544405,0.6799706395082118,1.0,0.0013264456070815962
0.9003766249544405,0.6799810377257505,1.0,0.0013264456427082515
0.9003766249544405,0.6799914362613164,1.0,0.0013264456783349085
0.9003766249544405,0.6800018351149241,1.0,0.0013264457139615677
0.9003766249544405,0.6800122342865882,1.0,0.0013264457495882286
0.9003766249544405,0.6800434337100647,1.0,0.0013264457852148915
0.9003766249544405,0.6800538341541003,1.0,0.0013264458208415563
0.9003766249544405,0.6800642349162652,1.0,0.001326445856468223
0.9003766249544405,0.6800746359965741,1.0,0.0013264458920948918
0.900356376300976,0.6800905461831419,1.0,0.0013264459277215622
0.900356376300976,0.6801009483022331,1.0,0.0013264459633482348
0.900356376300976,0.6801113507395341,1.0,0.0013264459989749092
0.900356376300976,0.6801425599608419,1.0,0.0013264460346015855
0.9003158789940469,0.6802056083344807,1.0,0.0013264460702282635
0.9003158789940469,0.6802264208674367,1.0,0.0013264461058549437
0.9003158789940469,0.680247234674051,1.0,0.0013264461414816257
0.9003158789940469,0.6803096837370136,1.0,0.0013264461771083098
0.9003158789940469,0.6803200930289491,1.0,0.0013264462127349956
0.9003158789940469,0.6803409125684733,1.0,0.0013264462483616834
0.9003158789940469,0.6803513228160911,1.0,0.001326446283988373
0.9003158789940469,0.6803617333822989,1.0,0.0013264463196150647
0.9003158789940469,0.6803721442671115,1.0,0.001326446355241758
0.9003158789940469,0.6803825554705433,1.0,0.0013264463908684537
0.9003158789940469,0.6804033788333231,1.0,0.001326446426495151
0.9002956303405824,0.680408900315245,1.0,0.0013264464621218501
0.9002956303405824,0.6804193128778024,1.0,0.0013264464977485514
0.9002956303405824,0.6804297257590598,1.0,0.0013264465333752546
0.9002753816871178,0.6804352483854182,1.0,0.0013264465690019595
0.9002753816871178,0.6804560759106214,1.0,0.0013264466046286664
0.9002753816871178,0.6804664901513644,1.0,0.0013264466402553752
0.9002551330336532,0.6804720143257266,1.0,0.001326446675882086
0.9002348843801887,0.680550453098212,1.0,0.0013264467115087987
0.9002348843801887,0.6805817068503636,1.0,0.0013264467471355132
0.9002348843801887,0.6806025442799627,1.0,0.0013264467827622296
0.9002146357267242,0.6806184935701164,1.0,0.001326446818388948
0.9001943870732596,0.6806136040049603,1.0,0.0013264468540156683
0.9001741384197951,0.6806087142900885,1.0,0.0013264468896423906
0.9001741384197951,0.68063997550333,1.0,0.0013264469252691148
0.9001741384197951,0.6806503965459166,1.0,0.0013264469608958408
0.9001741384197951,0.6806608179076141,1.0,0.0013264469965225687
0.9001741384197951,0.6806816615884002,1.0,0.0013264470321492985
0.9001741384197951,0.680692083907518,1.0,0.0013264470677760304
0.9001741384197951,0.6807025065458053,1.0,0.0013264471034027641
0.9001538897663305,0.6807497358467451,1.0,0.0013264471390294998
0.9001538897663305,0.6807810107197549,1.0,0.0013264471746562373
0.9001538897663305,0.6807914363160232,1.0,0.0013264472102829767
0.9001538897663305,0.6808018622316151,1.0,0.001326447245909718
0.9001538897663305,0.6808122884665452,1.0,0.0013264472815364614
0.9001538897663305,0.6808435690875119,1.0,0.0013264473171632066
0.9001538897663305,0.6808539965999418,1.0,0.0013264473527899536
0.9001538897663305,0.6808644244317834,1.0,0.0013264473884167028
0.9001538897663305,0.6808852810537601,1.0,0.0013264474240434537
0.9001538897663305,0.6809061389535596,1.0,0.0013264474596702065
0.9001538897663305,0.6809374281994333,1.0,0.0013264474952969611
0.9001538897663305,0.6809687203210686,1.0,0.0013264475309237179
0.9001538897663305,0.6809791516674071,1.0,0.0013264475665504766
0.900133641112866,0.6810577276627038,1.0,0.001326447602177237
0.8955574454298789,0.6990248297008108,1.0,0.0013264476378039994
0.8955574454298789,0.6990358779832464,1.0,0.0013264476734307638
0.8955574454298789,0.6990579755958779,1.0,0.00132644770905753
0.8955574454298789,0.6990690249261068,1.0,0.0013264477803110683
0.8955574454298789,0.6990911246344741,1.0,0.0013264478159378402
0.8955574454298789,0.6991242768170466,1.0,0.001326447851564614
0.8955371967764144,0.6991416241167264,1.0,0.00132644788719139
0.8955371967764144,0.6991747818388769,1.0,0.0013264479228181677
0.8955371967764144,0.6991858351118488,1.0,0.0013264479584449472
0.8955371967764144,0.6992300516987874,1.0,0.0013264479940717287
0.8955371967764144,0.6992521620895192,1.0,0.0013264480296985123
0.8955169481229498,0.699258462851993,1.0,0.0013264480653252977
0.8954966994694853,0.699308992583925,1.0,0.0013264481009520848
0.8954966994694853,0.6993421676839875,1.0,0.0013264481365788741
0.8954764508160208,0.6993484723891454,1.0,0.0013264481722056653
0.8954764508160208,0.6993595319047996,1.0,0.0013264482078324583
0.8954562021625562,0.6993658374582892,1.0,0.0013264482434592532
0.8954562021625562,0.6994100808173465,1.0,0.00132644827908605
0.8954562021625562,0.6994322045961378,1.0,0.001326448314712849
0.8954562021625562,0.6994432670104072,1.0,0.0013264483503396497
0.8954562021625562,0.6994653928887764,1.0,0.0013264483859664522
0.8954562021625562,0.6994875201670304,1.0,0.0013264484215932567
0.8954359535090917,0.6995048956800962,1.0,0.001326448457220063
0.8954359535090917,0.6995270259582075,1.0,0.0013264484928468714
0.8954359535090917,0.6995491576366368,1.0,0.0013264485284736817
0.8954359535090917,0.6995602240010125,1.0,0.001326448564100494
0.8954359535090917,0.6995934251949819,1.0,0.001326448599727308
0.895415704855627,0.6996218773237142,1.0,0.001326448635354124
0.895415704855627,0.6996440155051025,1.0,0.0013264486709809419
0.895375207548698,0.6996566510023575,1.0,0.0013264487066077617
0.895375207548698,0.6996787923859554,1.0,0.0013264487422345835
0.895375207548698,0.6997120070890562,1.0,0.001326448777861407
0.895375207548698,0.6997784459566387,1.0,0.0013264488134882328
0.895375207548698,0.6998005950496929,1.0,0.0013264488491150602
0.8953549588952334,0.6998733776511554,1.0,0.0013264488847418896
0.8953549588952334,0.6998844552778614,1.0,0.001326448920368721
0.8953549588952334,0.6998955332552471,1.0,0.001326448955995554
0.8953549588952334,0.6999176902621248,1.0,0.0013264489916223893
0.8953347102417689,0.6999129402453502,1.0,0.0013264490272492263
0.8953347102417689,0.6999240193750593,1.0,0.0013264490628760652
0.8953347102417689,0.6999350988555237,1.0,0.001326449098502906
0.8953347102417689,0.69994617868676,1.0,0.001326449134129749
0.8953347102417689,0.6999572588687847,1.0,0.0013264491697565937
0.8953347102417689,0.6999683394016147,1.0,0.0013264492053834402
0.8953347102417689,0.6999794202852665,1.0,0.0013264492410102887
0.8953347102417689,0.6999905015197568,1.0,0.0013264492766371394
0.8953347102417689,0.7000348299664366,1.0,0.0013264493122639915
0.8953347102417689,0.7000902484206526,1.0,0.0013264493478908458
0.8953347102417689,0.7001235037051111,1.0,0.0013264493835177021
0.8953347102417689,0.7001345895020188,1.0,0.0013264494191445601
0.8953347102417689,0.7001789362005352,1.0,0.0013264494547714201
0.8953347102417689,0.7002121999113194,1.0,0.001326449490398282
0.8953144615883044,0.7002185411585848,1.0,0.001326449526025146
0.8953144615883044,0.7002296302161691,1.0,0.0013264495616520117
0.8953144615883044,0.7002407196249841,1.0,0.0013264495972788795
0.8953144615883044,0.7002628994963732,1.0,0.001326449632905749
0.8953144615883044,0.7002850807728856,1.0,0.0013264496685326205
0.8953144615883044,0.7003183553225526,1.0,0.001326449704159494
0.8953144615883044,0.7003405401124574,1.0,0.0013264497397863693
0.8953144615883044,0.700362726307953,1.0,0.0013264497754132466
0.8953144615883044,0.7003960082369713,1.0,0.0013264498110401256
0.8953144615883044,0.7004071029162509,1.0,0.0013264498466670066
0.8953144615883044,0.7004514851485149,1.0,0.0013264498822938896
0.8953144615883044,0.7004625815854508,1.0,0.0013264499179207745
0.8953144615883044,0.7004736783739682,1.0,0.0013264499535476613
0.8953144615883044,0.7004847755140838,1.0,0.0013264499891745502
0.8952942129348398,0.7006354287163072,1.0,0.0013264500248014407
0.8952942129348398,0.7006687373225152,1.0,0.0013264500604283332
0.8952739642813753,0.7006973058637084,1.0,0.0013264500960552279
0.8952739642813753,0.7007084105928778,1.0,0.001326450131682124
0.8952739642813753,0.7007195156740309,1.0,0.0013264501673090224
0.8952739642813753,0.7007417268923545,1.0,0.0013264502029359227
0.8952739642813753,0.7007528330295586,1.0,0.0013264502385628247
0.8952739642813753,0.700775046360135,1.0,0.0013264502741897287
0.8952739642813753,0.7007861535535409,1.0,0.0013264503098166347
0.8952739642813753,0.7008083689966714,1.0,0.0013264503454435425
0.8952132183209817,0.7010608439179867,1.0,0.0013264503810704524
0.8952132183209817,0.7012498810392412,1.0,0.0013264504166973642
0.8952132183209817,0.7012610040447299,1.0,0.0013264504879511932
0.8952132183209817,0.7012721274030835,1.0,0.0013264505235781106
0.8952132183209817,0.7013166243654823,1.0,0.00132645055920503
0.8952132183209817,0.701350000793185,1.0,0.0013264505948319511
0.8952132183209817,0.7013611269750619,1.0,0.0013264506304588744
0.8952132183209817,0.7013833803978805,1.0,0.0013264506660857994
0.8952132183209817,0.7014167631800226,1.0,0.0013264507017127264
0.8952132183209817,0.7014390201335893,1.0,0.0013264507373396553
0.8952132183209817,0.7014724082124837,1.0,0.0013264507729665862
0.8951929696675172,0.7014676715589052,1.0,0.001326450808593519
0.8951929696675172,0.701501063120815,1.0,0.0013264508442204536
0.8951727210140525,0.7015185896316983,1.0,0.0013264508798473901
0.895152472360588,0.7015361178113495,1.0,0.0013264509154743286
0.895152472360588,0.701547250654606,1.0,0.001326450951101269
0.895152472360588,0.7015583838512077,1.0,0.0013264509867282114
0.8950714777467298,0.7017510437999079,1.0,0.0013264510223551557
0.8950714777467298,0.701773325501278,1.0,0.0013264510579821017
0.8950714777467298,0.7017956086176512,1.0,0.0013264510936090497
0.8950714777467298,0.701829035945637,1.0,0.0013264511292359997
0.8950714777467298,0.7018401790959465,1.0,0.0013264511648629516
0.8950714777467298,0.7018736106700539,1.0,0.0013264512004899055
0.8950714777467298,0.7018959001556099,1.0,0.001326451236116861
0.8950714777467298,0.7019181910569106,1.0,0.0013264512717438188
0.8950714777467298,0.7019293370385074,1.0,0.0013264513073707783
0.8950714777467298,0.7019404833740909,1.0,0.0013264513429977398
0.8950714777467298,0.7019516300636781,1.0,0.0013264513786247032
0.8950714777467298,0.7019739245049308,1.0,0.0013264514142516683
0.8950714777467298,0.7019850722566301,1.0,0.0013264514498786356
0.8950714777467298,0.7020073688222589,1.0,0.0013264514855056047
0.8950714777467298,0.7020296668043071,1.0,0.0013264515211325757
0.8950512290932653,0.7020472340898622,1.0,0.0013264515567595486
0.8950512290932653,0.70205838442235,1.0,0.0013264515923865235
0.8950512290932653,0.702091837545069,1.0,0.0013264516280135003
0.8950512290932653,0.7021141413980971,1.0,0.001326451663640479
0.8950309804398008,0.7021094097464896,1.0,0.0013264516992674595
0.8950309804398008,0.7021205623064093,1.0,0.001326451734894442
0.8950309804398008,0.7021428684891904,1.0,0.0013264517705214264
0.8950107317863362,0.7022273767158109,1.0,0.0013264518061484128
0.8950107317863362,0.7022385332761387,1.0,0.0013264518417754009
0.8950107317863362,0.7022496901909695,1.0,0.0013264518774023912
0.8950107317863362,0.70226084746032,1.0,0.0013264519130293832
0.8950107317863362,0.7022831630626479,1.0,0.0013264519486563772
0.8950107317863362,0.7022943213956592,1.0,0.001326451984283373
0.8950107317863362,0.7023054800832579,1.0,0.001326452019910371
0.8950107317863362,0.7023166391254608,1.0,0.0013264520555373706
0.8950107317863362,0.7023277985222849,1.0,0.0013264520911643722
0.8950107317863362,0.7023389582737471,1.0,0.001326452126791376
0.8950107317863362,0.7023501183798643,1.0,0.0013264521624183814
0.8950107317863362,0.7023947623512212,1.0,0.0013264521980453886
0.8949904831328717,0.7024458465108148,1.0,0.001326452233672398
0.8949904831328717,0.7024793388429752,1.0,0.001326452269299409
0.8949904831328717,0.7024905036634403,1.0,0.0013264523049264223
0.8949904831328717,0.702501668838806,1.0,0.0013264523405534373
0.8949904831328717,0.7025128343690894,1.0,0.0013264523761804543
0.8949904831328717,0.7025240002543073,1.0,0.0013264524118074732
0.8949904831328717,0.7025575000397374,1.0,0.0013264524830615167
0.8949904831328717,0.7025686673448627,1.0,0.0013264525186885412
0.8949904831328717,0.7025798350050071,1.0,0.0013264525543155677
0.8949904831328717,0.7027138746243978,1.0,0.0013264525899425962
0.8949702344794072,0.702709148144615,1.0,0.0013264526255696266
0.8949702344794072,0.7027203205240313,1.0,0.0013264526611966587
0.8949702344794072,0.7027426663486763,1.0,0.0013264526968236928
0.8949499858259425,0.7027826363491811,1.0,0.001326452732450729
0.8949499858259425,0.7028049866429208,1.0,0.001326452768077767
0.8949499858259425,0.7028161623228967,1.0,0.0013264528037048068
0.8949499858259425,0.7028273383582991,1.0,0.0013264528393318487
0.8949499858259425,0.7028385147491453,1.0,0.0013264528749588925
0.8949499858259425,0.702849691495452,1.0,0.0013264529105859381
0.894929737172478,0.7028561432524411,1.0,0.0013264529462129857
0.894929737172478,0.70288967699868,1.0,0.0013264529818400352
0.8949094885190135,0.7028849518114444,1.0,0.0013264530174670866
0.8948689912120844,0.7030096716721812,1.0,0.00132645305309414
0.8948689912120844,0.7030208548748866,1.0,0.0013264530887211951
0.8948689912120844,0.7030320384333938,1.0,0.0013264531243482522
0.8948689912120844,0.703054406617881,1.0,0.0013264531599753112
0.8948689912120844,0.703087961563549,1.0,0.0013264531956023722
0.8948689912120844,0.7030991472572229,1.0,0.0013264532312294351
0.8948689912120844,0.7031215197123493,1.0,0.0013264532668565
0.8948689912120844,0.7031438935912938,1.0,0.0013264533024835666
0.8948689912120844,0.7031550810647405,1.0,0.0013264533381106352
0.8948689912120844,0.7031662688941925,1.0,0.0013264533737377057
0.8948689912120844,0.7031998345187519,1.0,0.0013264534093647782
0.8948689912120844,0.703211023772396,1.0,0.0013264534449918526
0.8948487425586199,0.7032398714235703,1.0,0.001326453480618929
0.8948487425586199,0.7032622533418205,1.0,0.001326453516246007
0.8948487425586199,0.7032734448352138,1.0,0.0013264535518730872
0.8948487425586199,0.7032958288906218,1.0,0.0013264535875001692
0.8948487425586199,0.7033070214526704,1.0,0.0013264536231272531
0.8948082452516908,0.7033087708688109,1.0,0.001326453658754339
0.8947879965982262,0.7033040488922842,1.0,0.0013264536943814267
0.8947879965982262,0.7033152424758479,1.0,0.0013264537300085163
0.8945450127566517,0.7038748327066471,1.0,0.001326453765635608
0.8944235208358644,0.7040484539368824,1.0,0.0013264538012627016
0.8944235208358644,0.7040708980203385,1.0,0.0013264538368897968
0.8944235208358644,0.7040821205986898,1.0,0.0013264538725168942
0.8944032721823999,0.7040774037235399,1.0,0.0013264539081439934
0.8944032721823999,0.7040886267633697,1.0,0.0013264539437710947
0.8944032721823999,0.7040998501609972,1.0,0.0013264539793981977
0.8944032721823999,0.7041222980297137,1.0,0.0013264540150253027
0.8944032721823999,0.7041335225008369,1.0,0.0013264540506524097
0.8944032721823999,0.7041447473298262,1.0,0.0013264540862795184
0.8944032721823999,0.7041559725166988,1.0,0.0013264541219066292
0.8944032721823999,0.7041896502247872,1.0,0.0013264541575337418
0.8944032721823999,0.7042233311544409,1.0,0.0013264541931608564
0.8943830235289353,0.7042186154778227,1.0,0.0013264542287879729
0.8943830235289353,0.7042298432741825,1.0,0.001326454264415091
0.8943830235289353,0.7042410714285714,1.0,0.0013264543000422115
0.8943830235289353,0.7042522999410067,1.0,0.0013264543356693336
0.8943627748754708,0.7042588133998756,1.0,0.001326454371296458
0.8943627748754708,0.7042700427323171,1.0,0.001326454406923584
0.8943627748754708,0.7042925024715374,1.0,0.0013264544425507117
0.8943627748754708,0.7043037328783506,1.0,0.0013264544781778416
0.8943627748754708,0.7043149636433218,1.0,0.0013264545138049735
0.8943627748754708,0.7043374262478074,1.0,0.0013264545494321071
0.8943627748754708,0.7043486580873559,1.0,0.0013264545850592427
0.8943627748754708,0.7043598902851311,1.0,0.0013264546206863802
0.8942007856477544,0.7046143536394677,1.0,0.0013264546563135197
0.8942007856477544,0.7046255963493051,1.0,0.001326454691940661
0.8942007856477544,0.7046368394179219,1.0,0.0013264547275678043
0.8942007856477544,0.704681815280526,1.0,0.0013264547631949494
0.8942007856477544,0.7046930601432971,1.0,0.0013264547988220965
0.8942007856477544,0.7047043053649507,1.0,0.0013264548344492455
0.8941805369942899,0.7046995930742839,1.0,0.0013264548700763965
0.8941805369942899,0.7047333312055153,1.0,0.0013264549057035492
0.8941805369942899,0.7047445779671566,1.0,0.001326454941330704
0.8941805369942899,0.7047558250877753,1.0,0.0013264550125850192
0.8941805369942899,0.7047670725673886,1.0,0.0013264550482121797
0.8941805369942899,0.7047783204060136,1.0,0.0013264550838393422
0.8941805369942899,0.7047895686036676,1.0,0.0013264551194665064
0.8941602883408253,0.7048073546780732,1.0,0.0013264551550936728
0.8941602883408253,0.7048186040572678,1.0,0.0013264551907208409
0.8941400396873608,0.7048138926131647,1.0,0.001326455226348011
0.8941197910338963,0.7048204309656824,1.0,0.001326455261975183
0.8941197910338963,0.7048316812718479,1.0,0.0013264552976023566
0.8941197910338963,0.7048429319371727,1.0,0.0013264553332295325
0.8941197910338963,0.7048541829616741,1.0,0.0013264553688567102
0.8941197910338963,0.7049104434724306,1.0,0.0013264554044838898
0.8941197910338963,0.7049216966523523,1.0,0.0013264554401110713
0.8940995423804317,0.7049507479604706,1.0,0.0013264554757382548
0.8940995423804317,0.7049732577632314,1.0,0.0013264555113654403
0.8940995423804317,0.7050070251628561,1.0,0.0013264555469926274
0.894038796420038,0.7049928946654106,1.0,0.0013264555826198166
0.894038796420038,0.7050604410520096,1.0,0.0013264556182470077
0.893998299113109,0.7050510212229124,1.0,0.0013264556538742007
0.893998299113109,0.7050622804215906,1.0,0.0013264556895013957
0.893998299113109,0.7050735399798783,1.0,0.0013264557251285926
0.8939780504596444,0.7050688300488678,1.0,0.0013264557607557913
0.8939780504596444,0.7050800900713864,1.0,0.001326455796382992
0.8939780504596444,0.7050913504535582,1.0,0.0013264558320101945
0.8939780504596444,0.7051138722969303,1.0,0.001326455867637399
0.8939780504596444,0.7051476577598186,1.0,0.0013264559032646055
0.8939780504596444,0.7051589203002715,1.0,0.0013264559388918137
0.8939780504596444,0.7051814464605163,1.0,0.0013264559745190241
0.8939578018061799,0.7051992652344062,1.0,0.0013264560101462362
0.8939578018061799,0.7052217944826925,1.0,0.0013264560457734503
0.8934920827764954,0.7057111327906345,1.0,0.0013264560814006663
0.8934920827764954,0.7057562816883387,1.0,0.0013264561170278843
0.8934718341230308,0.7057515754454432,1.0,0.001326456152655104
0.8934718341230308,0.7057628636778043,1.0,0.0013264561882823257
0.8934718341230308,0.705796730541604,1.0,0.0013264562239095493
0.8934718341230308,0.7058418914163227,1.0,0.0013264562595367748
0.8934718341230308,0.7058531825380321,1.0,0.0013264562951640023
0.8934718341230308,0.705864474020988,1.0,0.0013264563307912318
0.8934718341230308,0.7058757658652077,1.0,0.001326456366418463
0.8934718341230308,0.7058983506375082,1.0,0.0013264564020456964
0.8934718341230308,0.705954818891591,1.0,0.0013264564376729315
0.8934718341230308,0.7059774087229209,1.0,0.0013264564733001685
0.8934718341230308,0.706,1.0,0.0013264565089274073
0.8934718341230308,0.7060112961807389,1.0,0.0013264565445546483
0.8934515854695663,0.7060178888586652,1.0,0.001326456580181891
0.8934515854695663,0.7060404832386591,1.0,0.0013264566158091356
0.8934515854695663,0.7060517809709732,1.0,0.0013264566514363822
0.8934313368161018,0.7062165882390602,1.0,0.0013264566870636308
0.8934313368161018,0.7062391958512069,1.0,0.0013264567226908813
0.8934313368161018,0.7062618049108429,1.0,0.0013264567583181337
0.8934313368161018,0.7063070273731391,1.0,0.001326456793945388
0.8934110881626371,0.706302325953673,1.0,0.001326456829572644
0.8934110881626371,0.706324939568092,1.0,0.0013264568651999021
0.8934110881626371,0.7063362469183235,1.0,0.0013264569008271622
0.8934110881626371,0.7063475546305932,1.0,0.0013264569720816879
0.8934110881626371,0.706358862704918,1.0,0.0013264570077089536
0.8934110881626371,0.7063701711413156,1.0,0.0013264570433362214
0.8934110881626371,0.7063814799398034,1.0,0.0013264570789634908
0.8933908395091726,0.7063767791101647,1.0,0.0013264571145907623
0.8933908395091726,0.7063993980050913,1.0,0.0013264571502180358
0.8933908395091726,0.7064107079957732,1.0,0.0013264572214725884
0.8933908395091726,0.7064559515803631,1.0,0.0013264572570998675
0.8933908395091726,0.7064898880722487,1.0,0.0013264572927271486
0.8933908395091726,0.7065804013260093,1.0,0.0013264573283544314
0.8933908395091726,0.7066143497757847,1.0,0.0013264573639817164
0.8933908395091726,0.7066369838880169,1.0,0.001326457399609003
0.8933908395091726,0.7066709377752863,1.0,0.001326457435236292
0.8933908395091726,0.70671621470103,1.0,0.0013264574708635826
0.8933908395091726,0.7067501762029859,1.0,0.001326457506490875
0.8933705908557081,0.706745478719144,1.0,0.0013264575421181694
0.8933705908557081,0.7067568000512607,1.0,0.001326457577745466
0.8933705908557081,0.7067681217460953,1.0,0.0013264576133727641
0.8933705908557081,0.7067794438036653,1.0,0.0013264576490000643
0.8933705908557081,0.706790766223988,1.0,0.0013264576846273664
0.893330093548779,0.7068606402409716,1.0,0.0013264577202546704
0.893330093548779,0.7068719657763607,1.0,0.0013264577558819764
0.893330093548779,0.7068946179359408,1.0,0.0013264577915092842
0.8933098448953145,0.7068899214869412,1.0,0.0013264578271365939
0.8933098448953145,0.7069125753108576,1.0,0.0013264578627639057
0.8933098448953145,0.7069352305868025,1.0,0.0013264578983912193
0.8933098448953145,0.7069465587693294,1.0,0.0013264579340185347
0.8933098448953145,0.7069578873149157,1.0,0.0013264579696458522
0.8933098448953145,0.7069918751302062,1.0,0.0013264580052731714
0.8933098448953145,0.7070145354893508,1.0,0.0013264580409004928
0.8933098448953145,0.7070371973011523,1.0,0.001326458076527816
0.8933098448953145,0.7070485287518431,1.0,0.001326458112155141
0.8933098448953145,0.7070598605657504,1.0,0.0013264581477824679
0.8933098448953145,0.707082525283285,1.0,0.0013264581834097969
0.8933098448953145,0.7071165250841481,1.0,0.0013264582190371276
0.8933098448953145,0.7071391934346348,1.0,0.0013264582546644605
0.8933098448953145,0.7071505281549041,1.0,0.0013264582902917951
0.8933098448953145,0.7071618632385471,1.0,0.0013264583259191315
0.8933098448953145,0.7072185441079816,1.0,0.00132645836154647
0.8933098448953145,0.7072298813722346,1.0,0.0013264583971738105
0.8933098448953145,0.7072412189999839,1.0,0.0013264584328011527
0.8933098448953145,0.7072638953460411,1.0,0.001326458468428497
0.8933098448953145,0.7072865731462926,1.0,0.001326458504055843
0.8933098448953145,0.7072979125917851,1.0,0.0013264585753105412
0.8933098448953145,0.7073092524008786,1.0,0.001326458610937893
0.8933098448953145,0.7073205925735907,1.0,0.0013264586465652466
0.8933098448953145,0.7073319331099389,1.0,0.0013264586821926025
0.8933098448953145,0.7073432740099407,1.0,0.00132645871781996
0.8933098448953145,0.7073546152736135,1.0,0.0013264587534473195
0.8933098448953145,0.7073659569009748,1.0,0.001326458789074681
0.8933098448953145,0.7073886412468332,1.0,0.0013264588247020443
0.8933098448953145,0.7073999839653652,1.0,0.0013264588603294097
0.8932895962418499,0.7073952921557308,1.0,0.0013264588959567768
0.8932895962418499,0.7074066353446755,1.0,0.001326458931584146
0.8932895962418499,0.7074179788974054,1.0,0.0013264589672115168
0.8932895962418499,0.7074406670942912,1.0,0.0013264590028388898
0.8932895962418499,0.7074973939539733,1.0,0.0013264590384662646
0.8932693475883854,0.7075380914194066,1.0,0.0013264590740936413
0.8932693475883854,0.7075494394457008,1.0,0.00132645910972102
0.8932693475883854,0.7075948351912743,1.0,0.0013264591453484005
0.8932693475883854,0.7076288858233615,1.0,0.001326459180975783
0.8932693475883854,0.7076402367623233,1.0,0.0013264592166031676
0.8932693475883854,0.7076515880654476,1.0,0.0013264592522305538
0.8932693475883854,0.7076629397327515,1.0,0.001326459287857942
0.8932693475883854,0.7076856441599692,1.0,0.0013264593234853322
0.8932693475883854,0.7076969969199178,1.0,0.0013264593591127243
0.8932693475883854,0.7077083500441165,1.0,0.0013264593947401183
0.8932693475883854,0.7077310573853336,1.0,0.001326459430367514
0.8932693475883854,0.7077424116023873,1.0,0.0013264594659949118
0.8932693475883854,0.7077537661837608,1.0,0.0013264595016223115
0.8932693475883854,0.7077651211294722,1.0,0.0013264595372497131
0.8932693475883854,0.7077764764395386,1.0,0.0013264595728771167
0.8932693475883854,0.7077878321139777,1.0,0.0013264596085045223
0.8932693475883854,0.707810544556044,1.0,0.0013264596441319295
0.8930061150933463,0.7085000080325157,1.0,0.0013264596797593388
0.8928036285587009,0.7088745980707396,1.0,0.0013264597153867502
0.8928036285587009,0.7088973921991061,1.0,0.001326459751014163
0.8928036285587009,0.7089201877934272,1.0,0.0013264597866415782
0.8927833799052363,0.7089269061324244,1.0,0.0013264598222689952
0.8927631312517718,0.7089336249035245,1.0,0.001326459857896414
0.8927631312517718,0.708945024199643,1.0,0.0013264598935238347
0.8927631312517718,0.7089564238623572,1.0,0.0013264599291512573
0.8927631312517718,0.708967823891685,1.0,0.001326459964778682
0.8927631312517718,0.7089792242876439,1.0,0.0013264600004061085
0.8927428825983073,0.7089973466270001,1.0,0.0013264600360335368
0.8927428825983073,0.7090087482310562,1.0,0.0013264600716609673
0.8927428825983073,0.7090201502018236,1.0,0.0013264601072883995
0.8927428825983073,0.70903155253932,1.0,0.0013264601429158337
0.8927428825983073,0.7090429552435632,1.0,0.0013264601785432698
0.8927428825983073,0.7090543583145706,1.0,0.0013264602141707077
0.8927428825983073,0.7090657617523601,1.0,0.0013264602497981477
0.8927428825983073,0.7090771655569494,1.0,0.0013264602854255894
0.8927428825983073,0.7090885697283561,1.0,0.0013264603210530331
0.8927226339448426,0.7091295116772823,1.0,0.0013264603566804788
0.8927226339448426,0.7091637311200116,1.0,0.0013264603923079264
0.8927226339448426,0.7091751383348346,1.0,0.001326460427935376
0.8927226339448426,0.7091865459166439,1.0,0.0013264604635628272
0.8927226339448426,0.709197953865457,1.0,0.0013264604991902805
0.8927226339448426,0.7092093621812917,1.0,0.0013264605348177357
0.8927226339448426,0.7093348778839657,1.0,0.0013264605704451928
0.8927226339448426,0.7093462906054414,1.0,0.001326460606072652
0.8927226339448426,0.7093577036941692,1.0,0.001326460641700113
0.8927226339448426,0.7093691171501665,1.0,0.0013264606773275758
0.8927226339448426,0.709403359721954,1.0,0.0013264607129550405
0.8927226339448426,0.7094147746472075,1.0,0.0013264607485825072
0.8927226339448426,0.709437605599807,1.0,0.0013264607842099758
0.8927226339448426,0.709506107275624,1.0,0.0013264608198374464
0.8927023852913781,0.7095128506364968,1.0,0.0013264608554649187
0.8927023852913781,0.709535688420375,1.0,0.0013264608910923932
0.8927023852913781,0.7095585276745047,1.0,0.0013264609267198695
0.8927023852913781,0.7095699478529582,1.0,0.0013264609623473477
0.8927023852913781,0.7095813683990279,1.0,0.0013264609979748278
0.8927023852913781,0.7095927893127314,1.0,0.0013264610336023097
0.8926821366379136,0.7096223803238579,1.0,0.0013264610692297937
0.892661887984449,0.7096405518085089,1.0,0.0013264611048572795
0.89262139067752,0.7096426271732131,1.0,0.0013264611404847672
0.89262139067752,0.7096540510954781,1.0,0.0013264611761122569
0.8926011420240554,0.7096950767942815,1.0,0.0013264612117397485
0.8926011420240554,0.7097065026644985,1.0,0.0013264612473672418
0.8926011420240554,0.7097522098246631,1.0,0.0013264612829947374
0.8926011420240554,0.7097750656125719,1.0,0.0013264613186222346
0.8925808933705909,0.7098046793230601,1.0,0.0013264613542497338
0.8925808933705909,0.7098504001674745,1.0,0.001326461389877235
0.8925808933705909,0.7098961269023271,1.0,0.0013264614255047381
0.8925808933705909,0.7099304258197513,1.0,0.001326461461132243
0.8925808933705909,0.7099418595287562,1.0,0.00132646149675975
0.8925808933705909,0.7099647280516678,1.0,0.0013264615323872588
0.8925808933705909,0.7099990335985569,1.0,0.0013264615680147695
0.8925808933705909,0.7100219058050383,1.0,0.0013264616036422821
0.8925808933705909,0.7100333424608991,1.0,0.0013264616392697967
0.8925808933705909,0.7100562168779497,1.0,0.001326461674897313
0.8925808933705909,0.7100676546391752,1.0,0.0013264617105248314
0.8925808933705909,0.7100790927688913,1.0,0.0013264617461523518
0.8925808933705909,0.7100905312671155,1.0,0.001326461781779874
0.8925808933705909,0.710101970133866,1.0,0.001326461817407398
0.8925808933705909,0.7101134093691603,1.0,0.001326461853034924
0.8925808933705909,0.7101248489730165,1.0,0.0013264618886624521
0.8925808933705909,0.7101362889454522,1.0,0.001326461924289982
0.8925808933705909,0.7101591699961335,1.0,0.0013264619599175137
0.8925808933705909,0.7101706110744148,1.0,0.0013264619955450474
0.8925808933705909,0.7101820525213469,1.0,0.001326462031172583
0.8925808933705909,0.7102163790742262,1.0,0.0013264620668001204
0.8925606447171263,0.7102345965455015,1.0,0.00132646210242766
0.8925606447171263,0.7102689289569939,1.0,0.0013264621380552012
0.8925606447171263,0.7102803738317757,1.0,0.0013264621736827444
0.8925606447171263,0.710291819075396,1.0,0.0013264622093102896
0.8925606447171263,0.7103032646878726,1.0,0.0013264622449378368
0.8925606447171263,0.7103261570194663,1.0,0.0013264622805653856
0.8925606447171263,0.710337603738619,1.0,0.0013264623161929367
0.8925606447171263,0.7103490508266993,1.0,0.0013264623518204894
0.8925403960636618,0.7103558305936956,1.0,0.0013264623874480442
0.8923581581824809,0.7105543194350392,1.0,0.0013264624230756009
0.8923379095290164,0.7105496525370439,1.0,0.0013264624587031593
0.8923379095290164,0.7105840239930343,1.0,0.0013264624943307198
0.8923379095290164,0.7105954818839996,1.0,0.0013264625299582822
0.8923379095290164,0.7106183987744901,1.0,0.0013264625655858464
0.8923379095290164,0.710629857774051,1.0,0.0013264626012134126
0.8923379095290164,0.7106413171431797,1.0,0.0013264626368409808
0.8923379095290164,0.7106756974681503,1.0,0.001326462672468551
0.8923379095290164,0.7106871583157284,1.0,0.0013264627080961228
0.8923379095290164,0.7107215430764765,1.0,0.0013264627437236968
0.8923379095290164,0.7107673946001742,1.0,0.0013264627793512726
0.8923379095290164,0.7108132520403884,1.0,0.0013264628149788503
0.8923379095290164,0.7108247173250318,1.0,0.0013264628506064297
0.8921961689547645,0.7109985154585942,1.0,0.0013264628862340113
0.8921961689547645,0.7110673595197367,1.0,0.0013264629218615947
0.8921556716478354,0.7110580336969854,1.0,0.0013264629574891802
0.8921556716478354,0.7110695092232461,1.0,0.0013264629931167675
0.8921556716478354,0.7110809851199122,1.0,0.0013264630287443567
0.8921556716478354,0.7110924613870016,1.0,0.0013264630643719476
0.8921556716478354,0.7111154150325215,1.0,0.0013264630999995407
0.8921556716478354,0.7111498482794241,1.0,0.0013264631356271356
0.8921556716478354,0.7111842848611044,1.0,0.0013264631712547326
0.8921354229943709,0.7112025827280064,1.0,0.0013264632068823313
0.8921354229943709,0.7112599886996529,1.0,0.0013264632425099318
0.8921354229943709,0.7112829536832249,1.0,0.0013264632781375344
0.8921354229943709,0.7112944367311356,1.0,0.001326463313765139
0.8921354229943709,0.71130592014982,1.0,0.0013264633493927454
0.8921151743409064,0.7113127431828089,1.0,0.0013264633850203537
0.8920949256874418,0.7113195666564412,1.0,0.0013264634206479639
0.8920949256874418,0.711331051407905,1.0,0.001326463456275576
0.8920949256874418,0.7113655078875559,1.0,0.0013264634919031902
0.8920746770339772,0.7114642378437738,1.0,0.001326463527530806
0.8920746770339772,0.7115101988081203,1.0,0.001326463563158424
0.8920746770339772,0.7115331815171924,1.0,0.0013264635987860437
0.8920746770339772,0.7115561657110555,1.0,0.0013264636344136654
0.8920746770339772,0.7115676583648286,1.0,0.0013264636700412891
0.8920746770339772,0.7115791513898535,1.0,0.0013264637056689147
0.8920746770339772,0.7115906447861481,1.0,0.0013264637412965421
0.8920544283805127,0.7116089744625176,1.0,0.0013264637769241714
0.8920544283805127,0.7116204690831557,1.0,0.001326463812551803
0.8920544283805127,0.7116664512794003,1.0,0.001326463848179436
0.8920544283805127,0.7116779477569746,1.0,0.001326463883807071
0.8920544283805127,0.7116894446059902,1.0,0.0013264639194347082
0.8920544283805127,0.7117009418264648,1.0,0.001326463955062347
0.8919936824201191,0.7117904635718787,1.0,0.001326463990689988
0.8919734337666545,0.7117973079968329,1.0,0.0013264640263176307
0.8919734337666545,0.711808809746954,1.0,0.0013264640619452754
0.8919734337666545,0.7118318143623553,1.0,0.001326464097572922
0.8919734337666545,0.7118433172276716,1.0,0.0013264641332005704
0.8919734337666545,0.7118663240736252,1.0,0.001326464168828221
0.8919734337666545,0.7118893324067939,1.0,0.0013264642044558733
0.8919734337666545,0.7119238476953907,1.0,0.0013264642400835276
0.8919734337666545,0.7119353535353535,1.0,0.0013264642757111838
0.8919734337666545,0.7119468597472283,1.0,0.0013264643113388417
0.8919734337666545,0.7119583663310329,1.0,0.0013264643469665018
0.89195318511319,0.7119652179534839,1.0,0.0013264643825941637
0.89195318511319,0.7119767253919509,1.0,0.0013264644182218275
0.89195318511319,0.712022758865936,1.0,0.0013264644538494932
0.89195318511319,0.7120457778352515,1.0,0.001326464489477161
0.89195318511319,0.7120918202392499,1.0,0.0013264645251048306
0.89195318511319,0.7121033317706397,1.0,0.001326464560732502
0.89195318511319,0.7121148436742216,1.0,0.0013264645963601753
0.8919329364597254,0.7121332147764934,1.0,0.0013264646319878506
0.8919126878062609,0.7121515876608678,1.0,0.0013264646676155278
0.8918924391527964,0.7121469337601656,1.0,0.001326464703243207
0.8918924391527964,0.7121584478577203,1.0,0.0013264647388708882
0.8918924391527964,0.7121699623276043,1.0,0.001326464774498571
0.8918924391527964,0.7121929923844326,1.0,0.0013264648101262559
0.8918924391527964,0.7122505740435303,1.0,0.0013264648457539426
0.8918924391527964,0.7122851275085302,1.0,0.0013264648813816314
0.8918924391527964,0.7123196843262825,1.0,0.001326464917009322
0.8918924391527964,0.7123427240676651,1.0,0.0013264649526370145
0.8918721904993318,0.7123611133573774,1.0,0.001326464988264709
0.8918519418458672,0.7123910265741504,1.0,0.0013264650238924054
0.8918519418458672,0.7124025490893798,1.0,0.0013264650595201037
0.8918316931924027,0.71239789729074,1.0,0.001326465095147804
0.8918316931924027,0.712420943661744,1.0,0.0013264651307755059
0.8918316931924027,0.7124324674064249,1.0,0.00132646516640321
0.8918316931924027,0.7124555160142348,1.0,0.0013264652020309158
0.8918316931924027,0.7124670408774002,1.0,0.0013264652376586237
0.8918316931924027,0.7124900917223418,1.0,0.0013264652732863334
0.8918316931924027,0.7125016177041542,1.0,0.0013264653089140451
0.8918316931924027,0.7125131440588854,1.0,0.0013264653445417586
0.8918316931924027,0.7125246707865532,1.0,0.0013264653801694742
0.8918316931924027,0.7125707814269535,1.0,0.0013264654157971916
0.890799011865711,0.7142532430633352,1.0,0.0013264654514249109
0.890799011865711,0.7142764364923446,1.0,0.0013264654870526321
0.8907787632122464,0.7142833947620517,1.0,0.0013264655226803554
0.8907787632122464,0.7142949925310126,1.0,0.0013264655583080803
0.8907787632122464,0.7143065906766038,1.0,0.0013264655939358074
0.8907787632122464,0.7143181891988439,1.0,0.0013264656295635363
0.8907787632122464,0.714329788097751,1.0,0.001326465665191267
0.8907787632122464,0.7143529870256402,1.0,0.0013264657008189998
0.8907585145587819,0.7143599486854711,1.0,0.0013264657364467343
0.8907585145587819,0.7143715492042871,1.0,0.001326465772074471
0.8907585145587819,0.7143831500998717,1.0,0.0013264658077022093
0.8907585145587819,0.7143947513722433,1.0,0.0013264658433299497
0.8907585145587819,0.7144179550474211,1.0,0.001326465878957692
0.8907585145587819,0.7144527633865493,1.0,0.0013264659145854362
0.8907585145587819,0.7144875751177522,1.0,0.0013264659502131824
0.8907585145587819,0.7144991797820331,1.0,0.0013264659858409304
0.8907585145587819,0.7145107848232848,1.0,0.0013264660214686805
0.8907585145587819,0.7145456022090474,1.0,0.0013264660570964323
0.8907585145587819,0.7145920306687675,1.0,0.001326466092724186
0.8907382659053174,0.7145873944119558,1.0,0.0013264661283519418
0.8907382659053174,0.7146570490951035,1.0,0.0013264661639796993
0.8907382659053174,0.7146686595291862,1.0,0.001326466199607459
0.8907382659053174,0.7146802703405251,1.0,0.0013264662352352203
0.8907180172518527,0.7146988578205983,1.0,0.0013264662708629836
0.8907180172518527,0.7147220823110794,1.0,0.001326466306490749
0.8907180172518527,0.7147336951223475,1.0,0.0013264663421185161
0.8907180172518527,0.7147453083109919,1.0,0.001326466377746285
0.8907180172518527,0.7147685358204833,1.0,0.001326466413374056
0.8907180172518527,0.7147801501413669,1.0,0.001326466449001829
0.8906775199449236,0.7148289591289511,1.0,0.001326466484629604
0.8906775199449236,0.7148521931321404,1.0,0.0013264665202573807
0.8906775199449236,0.7148638107001235,1.0,0.0013264665558851592
0.8906775199449236,0.7148870469689582,1.0,0.0013264665915129399
0.8906775199449236,0.7149335240386179,1.0,0.0013264666271407223
0.8906572712914591,0.7149288906948394,1.0,0.0013264666627685066
0.8906572712914591,0.7149405110200897,1.0,0.001326466698396293
0.8906572712914591,0.7149521317230955,1.0,0.0013264667340240812
0.8906572712914591,0.714963752803875,1.0,0.0013264667696518714
0.8906370226379946,0.7149707412223667,1.0,0.0013264668052796634
0.8906370226379946,0.7149823631723533,1.0,0.0013264668409074575
0.8906370226379946,0.7150172312894206,1.0,0.0013264668765352533
0.8906370226379946,0.7150288547508737,1.0,0.0013264669121630511
0.8906370226379946,0.7150404785902397,1.0,0.0013264669477908507
0.8906370226379946,0.7150637274027832,1.0,0.0013264669834186524
0.8906370226379946,0.715110229563634,1.0,0.0013264670190464558
0.89061677398453,0.7151753630022276,1.0,0.0013264670546742614
0.89061677398453,0.7151869918699187,1.0,0.0013264670903020688
0.89061677398453,0.7152102507398614,1.0,0.001326467125929878
0.89061677398453,0.71522188074215,1.0,0.0013264671615576891
0.89061677398453,0.7152335111226746,1.0,0.0013264671971855023
0.89061677398453,0.7152567730185059,1.0,0.0013264672328133172
0.89061677398453,0.7152684045338494,1.0,0.0013264672684411343
0.89061677398453,0.7152800364275028,1.0,0.0013264673040689532
0.89061677398453,0.7152916686994845,1.0,0.0013264673396967738
0.89061677398453,0.7153149343785067,1.0,0.0013264673753245965
0.89061677398453,0.7153265677855842,1.0,0.0013264674109524212
0.89061677398453,0.715349835734964,1.0,0.0013264674465802476
0.89061677398453,0.7153614702773035,1.0,0.001326467482208076
0.89061677398453,0.7153731051981003,1.0,0.0013264675178359063
0.89061677398453,0.7153847404973732,1.0,0.0013264675534637386
0.89061677398453,0.7153963761751407,1.0,0.0013264675890915728
0.89061677398453,0.7154080122314211,1.0,0.0013264676247194088
0.89061677398453,0.7154312854795947,1.0,0.0013264676603472467
0.89061677398453,0.7154545602420418,1.0,0.0013264676959750868
0.89061677398453,0.7154661981911641,1.0,0.0013264677316029284
0.89061677398453,0.7155011143103477,1.0,0.0013264677672307722
0.89061677398453,0.7155593154161515,1.0,0.001326467802858618
0.89061677398453,0.7155709567735533,1.0,0.0013264678384864654
0.89061677398453,0.7155942406247457,1.0,0.001326467874114315
0.8905560280241364,0.7156502212965373,1.0,0.0013264679097421664
0.8905560280241364,0.7156618664063136,1.0,0.0013264679453700197
0.8905560280241364,0.715673511895076,1.0,0.0013264679809978747
0.8905560280241364,0.7156968040096335,1.0,0.001326468016625732
0.8905560280241364,0.7157084506354656,1.0,0.001326468052253591
0.8905560280241364,0.715720097640358,1.0,0.0013264680878814518
0.8905560280241364,0.7157317450243291,1.0,0.0013264681235093147
0.8905560280241364,0.7157433927873975,1.0,0.0013264681591371795
0.8905560280241364,0.7157666894508999,1.0,0.0013264681947650462
0.8905560280241364,0.7157783383513712,1.0,0.001326468230392915
0.8905560280241364,0.7157899876310136,1.0,0.0013264682660207854
0.8905357793706719,0.7159135304076052,1.0,0.0013264683016486578
0.8904750334102782,0.7159695879393713,1.0,0.0013264683372765321
0.8904547847568137,0.7159649636937905,1.0,0.0013264683729044084
0.8904345361033491,0.7159603392976344,1.0,0.0013264684085322865
0.8904345361033491,0.715971996092478,1.0,0.0013264684441601667
0.8904345361033491,0.7159836532669044,1.0,0.0013264684797880486
0.8904345361033491,0.7159953108209319,1.0,0.0013264685154159325
0.8904345361033491,0.716018627067865,1.0,0.0013264685510438183
0.8904345361033491,0.7160419448334256,1.0,0.0013264685866717061
0.8904345361033491,0.7160536042857375,1.0,0.0013264686222995959
0.8904345361033491,0.7161468935754417,1.0,0.0013264686579274874
0.8904345361033491,0.7161585564458341,1.0,0.0013264686935553808
0.89039403879642,0.7163826528949855,1.0,0.0013264687291832764
0.89039403879642,0.7163943239764748,1.0,0.0013264687648111735
0.89039403879642,0.7164410121055118,1.0,0.0013264688004390728
0.89039403879642,0.716452685088634,1.0,0.001326468836066974
0.89039403879642,0.7164877063203688,1.0,0.001326468871694877
0.89039403879642,0.716499380825132,1.0,0.001326468907322782
0.89039403879642,0.716534406622236,1.0,0.0013264689429506888
0.89039403879642,0.7165460826489376,1.0,0.0013264689785785976
0.89039403879642,0.7165577590561703,1.0,0.0013264690142065084
0.89039403879642,0.7165927905612411,1.0,0.001326469049834421
0.89039403879642,0.7166044684907843,1.0,0.0013264690854623356
0.89039403879642,0.7166161468009518,1.0,0.0013264691567181704
0.89039403879642,0.7166278254917618,1.0,0.0013264691923460907
0.89039403879642,0.7166395045632333,1.0,0.0013264692279740128
0.89039403879642,0.7166511840153849,1.0,0.001326469263601937
0.8903737901429555,0.7166816070409909,1.0,0.001326469299229863
0.8903737901429555,0.7166932881311732,1.0,0.0013264693348577908
0.8903737901429555,0.7167049696021385,1.0,0.0013264693704857207
0.8903130441825619,0.7167027987416258,1.0,0.0013264694061136525
0.8903130441825619,0.7167144813196844,1.0,0.0013264694417415863
0.8902927955290973,0.7167098635630104,1.0,0.0013264694773695218
0.8902725468756327,0.7167870359803714,1.0,0.0013264695129974592
0.8902725468756327,0.7168104080734304,1.0,0.0013264695486253986
0.8902725468756327,0.7168337816907149,1.0,0.00132646958425334
0.8902725468756327,0.716857156832374,1.0,0.0013264696198812833
0.8902725468756327,0.7168922224033915,1.0,0.0013264696555092285
0.8902725468756327,0.7169039116894128,1.0,0.0013264696911371755
0.8902725468756327,0.7169506726457399,1.0,0.0013264697267651245
0.8902725468756327,0.7169740554115096,1.0,0.0013264697623930754
0.8902725468756327,0.7169857473663612,1.0,0.0013264697980210282
0.8902725468756327,0.7169974397025489,1.0,0.001326469833648983
0.8902725468756327,0.7170208255190071,1.0,0.0013264698692769395
0.8902522982221682,0.717051292505912,1.0,0.0013264699049048982
0.8902522982221682,0.717074682367524,1.0,0.0013264699405328587
0.8902522982221682,0.7170863778705637,1.0,0.001326469976160821
0.8902522982221682,0.7171097700212037,1.0,0.0013264700117887854
0.8902522982221682,0.7171331636980492,1.0,0.0013264700474167515
0.8902320495687037,0.7171402472841157,1.0,0.0013264700830447197
0.8902320495687037,0.7171519451920724,1.0,0.0013264701186726897
0.8902118009152391,0.7171473313323764,1.0,0.0013264701543006616
0.8902118009152391,0.7171590297375332,1.0,0.0013264701899286355
0.8902118009152391,0.7171707285243548,1.0,0.0013264702255566113
0.8902118009152391,0.7171824276928598,1.0,0.001326470261184589
0.8902118009152391,0.7171941272430669,1.0,0.0013264702968125686
0.8901713036083101,0.7172551067023429,1.0,0.00132647033244055
0.8901713036083101,0.7172785119921684,1.0,0.0013264703680685335
0.8901713036083101,0.7172902152099072,1.0,0.0013264704393245062
0.8901510549548455,0.7172856024017752,1.0,0.0013264704749524955
0.8901510549548455,0.7173207146936444,1.0,0.0013264705105804865
0.889685335925161,0.7180115697617413,1.0,0.0013264705462084794
0.8896245899647673,0.7181972733514238,1.0,0.0013264705818364743
0.8896245899647673,0.7182207545936049,1.0,0.0013264706174644712
0.8896245899647673,0.7182442373712604,1.0,0.0013264706887204706
0.8896245899647673,0.7182794644170877,1.0,0.0013264707243484733
0.8896245899647673,0.7182912075335971,1.0,0.0013264707599764777
0.8896245899647673,0.7183146949185796,1.0,0.0013264707956044842
0.8896245899647673,0.718338183839639,1.0,0.0013264708312324925
0.8896245899647673,0.7183616742969261,1.0,0.0013264708668605026
0.8896245899647673,0.7183851662905916,1.0,0.0013264709024885149
0.8896043413113028,0.718380561505633,1.0,0.0013264709381165289
0.8895840926578382,0.718375956570083,1.0,0.0013264709737445448
0.8895840926578382,0.7183877033766658,1.0,0.0013264710093725627
0.8895840926578382,0.7184346944448987,1.0,0.0013264710450005825
0.8895840926578382,0.7184464431725266,1.0,0.0013264710806286043
0.8895840926578382,0.7184934419258823,1.0,0.0013264711162566279
0.8895840926578382,0.7185169436085307,1.0,0.0013264711518846534
0.8895840926578382,0.7185286950264135,1.0,0.001326471187512681
0.8895840926578382,0.7185404468286939,1.0,0.0013264712231407102
0.8895840926578382,0.7185521990153907,1.0,0.0013264712587687415
0.8895638440043737,0.7185593483701075,1.0,0.0013264712943967748
0.8895638440043737,0.7185828548996516,1.0,0.0013264713300248099
0.8895638440043737,0.7185946087411672,1.0,0.0013264713656528468
0.8895638440043737,0.7186063629672037,1.0,0.0013264714012808858
0.8895638440043737,0.7186298725729148,1.0,0.0013264714369089266
0.8895638440043737,0.7186416279526271,1.0,0.0013264715081650143
0.8895435953509092,0.7186370254044593,1.0,0.0013264715437930608
0.8895435953509092,0.7186840512375873,1.0,0.0013264715794211093
0.8895435953509092,0.7187310832256271,1.0,0.0013264716150491597
0.8895435953509092,0.7187428421844835,1.0,0.001326471650677212
0.8895233466974446,0.7187382405392582,1.0,0.0013264716863052664
0.8895030980439801,0.7187336387434555,1.0,0.0013264717219333224
0.8895030980439801,0.7187453983213076,1.0,0.0013264717575613805
0.8895030980439801,0.7187571582839752,1.0,0.0013264717931894406
0.8895030980439801,0.7187806793638327,1.0,0.0013264718288175026
0.8894828493905156,0.7187760778859527,1.0,0.0013264718644455662
0.8894828493905156,0.7188231251329548,1.0,0.001326471900073632
0.8894828493905156,0.7188348879070529,1.0,0.0013264719357016996
0.8894828493905156,0.7188701785392836,1.0,0.0013264719713297693
0.889462600737051,0.7188891070960984,1.0,0.0013264720069578408
0.889462600737051,0.7189126378841937,1.0,0.0013264720425859142
0.889462600737051,0.7189244038559107,1.0,0.0013264720782139893
0.889462600737051,0.718936170212766,1.0,0.0013264721138420666
0.889462600737051,0.7189479369547783,1.0,0.0013264721494701457
0.889462600737051,0.7189597040819666,1.0,0.0013264721850982269
0.8894423520835865,0.7189551041786012,1.0,0.0013264722207263098
0.8893613574697282,0.7190426298212298,1.0,0.0013264722563543947
0.8893613574697282,0.7190544013882749,1.0,0.0013264722919824814
0.8893613574697282,0.7190661733407551,1.0,0.0013264723276105702
0.8893613574697282,0.719077945678689,1.0,0.0013264723632386607
0.8893613574697282,0.719101491510994,1.0,0.0013264723988667532
0.8893613574697282,0.719113265005403,1.0,0.0013264724344948476
0.8893613574697282,0.7191368131508284,1.0,0.001326472470122944
0.8893613574697282,0.719148587801883,1.0,0.0013264725057510424
0.8893613574697282,0.7191603628385238,1.0,0.0013264725413791425
0.8893411088162637,0.7191793158782401,1.0,0.0013264725770072447
0.8893411088162637,0.7192028688860141,1.0,0.0013264726126353487
0.8893411088162637,0.7192146459684287,1.0,0.0013264726482634546
0.8893411088162637,0.7192264234365533,1.0,0.0013264727195196721
0.8893411088162637,0.719238201290407,1.0,0.001326472755147784
0.8893411088162637,0.719249979530009,1.0,0.0013264727907758974
0.8893208601627992,0.7192571606373745,1.0,0.001326472826404013
0.8893208601627992,0.7192807192807192,1.0,0.0013264728620321303
0.8893208601627992,0.7192924991811334,1.0,0.0013264728976602497
0.8893208601627992,0.7193514044713782,1.0,0.0013264729332883708
0.8893208601627992,0.7193631866871949,1.0,0.0013264729689164941
0.8893208601627992,0.7193749692889785,1.0,0.0013264730045446191
0.8893208601627992,0.7193867522767476,1.0,0.001326473040172746
0.8893208601627992,0.7193985356505217,1.0,0.001326473075800875
0.8893208601627992,0.7194103194103194,1.0,0.0013264731114290059
0.8893208601627992,0.7194456730060446,1.0,0.0013264731470571385
0.8893208601627992,0.7194574583101268,1.0,0.001326473182685273
0.8893006115093346,0.719452862642313,1.0,0.0013264732183134098
0.8893006115093346,0.7194646484502981,1.0,0.0013264732539415482
0.8892803628558701,0.7194718390616297,1.0,0.0013264732895696884
0.8892803628558701,0.7194954128440367,1.0,0.0013264733251978308
0.8892803628558701,0.7195425650435808,1.0,0.001326473360825975
0.8892803628558701,0.7195779332492258,1.0,0.0013264733964541212
0.8892803628558701,0.7195897234237777,1.0,0.0013264734320822692
0.8892803628558701,0.7196133049320007,1.0,0.0013264734677104191
0.8892803628558701,0.7196368879858426,1.0,0.001326473503338571
0.8892803628558701,0.7196722654649734,1.0,0.0013264735389667247
0.8892803628558701,0.7197194408482326,1.0,0.0013264735745948805
0.8892803628558701,0.7197312356604392,1.0,0.001326473610223038
0.8892803628558701,0.7197784187754032,1.0,0.0013264736458511975
0.8892803628558701,0.7197902155207736,1.0,0.001326473681479359
0.8892803628558701,0.7198256080770996,1.0,0.0013264737171075223
0.8892803628558701,0.7198374063693432,1.0,0.0013264737527356877
0.8892803628558701,0.7198492050483527,1.0,0.0013264737883638548
0.8892601142024056,0.7198682118445424,1.0,0.0013264738239920238
0.889017130360831,0.7203445447087777,1.0,0.0013264738596201948
0.889017130360831,0.7203563635170388,1.0,0.0013264738952483677
0.889017130360831,0.7203681827131325,1.0,0.0013264739308765426
0.889017130360831,0.7203800022970778,1.0,0.0013264739665047192
0.889017130360831,0.7204391060352466,1.0,0.001326474002132898
0.889017130360831,0.7204509279467025,1.0,0.0013264740377610786
0.889017130360831,0.7204627502461437,1.0,0.001326474073389261
0.889017130360831,0.7204745729335893,1.0,0.0013264741090174455
0.889017130360831,0.7205100433241434,1.0,0.0013264741446456319
0.889017130360831,0.7205218675637974,1.0,0.00132647418027382
0.889017130360831,0.7205336921915515,1.0,0.00132647421590201
0.889017130360831,0.7206519598187906,1.0,0.0013264742515302023
0.889017130360831,0.720663788716905,1.0,0.001326474287158396
0.889017130360831,0.7206756180033486,1.0,0.001326474322786592
0.889017130360831,0.7207229390327982,1.0,0.0013264743584147898
0.889017130360831,0.720734770261175,1.0,0.0013264743940429894
0.889017130360831,0.7207466018779959,1.0,0.0013264744296711912
0.889017130360831,0.7207702662770463,1.0,0.0013264744652993947
0.889017130360831,0.7207820990593141,1.0,0.0013264745009276002
0.889017130360831,0.7207939322301025,1.0,0.0013264745365558074
0.889017130360831,0.7208175997373174,1.0,0.0013264745721840168
0.889017130360831,0.7208412687988441,1.0,0.0013264746078122279
0.8889968817073665,0.7208366854384554,1.0,0.0013264746434404411
0.888976633053902,0.7208321019275605,1.0,0.0013264746790686561
0.888976633053902,0.7208557730198345,1.0,0.001326474714696873
0.888976633053902,0.720879445666809,1.0,0.0013264747503250918
0.888976633053902,0.7208912825733568,1.0,0.0013264747859533126
0.8889563844004373,0.7208985369217885,1.0,0.0013264748215815352
0.8889563844004373,0.7209103747249499,1.0,0.00132647485720976
0.8889563844004373,0.7209340514976353,1.0,0.0013264748928379865
0.8889563844004373,0.7209458904671976,1.0,0.0013264749284662147
0.8889563844004373,0.7209577298255986,1.0,0.0013264749640944451
0.8889563844004373,0.7209695695728573,1.0,0.0013264749997226775
0.8889361357469728,0.7210005091231585,1.0,0.0013264750353509116
0.8889361357469728,0.7210241923563322,1.0,0.0013264750709791476
0.8889361357469728,0.7210597201235136,1.0,0.0013264751066073856
0.8889158870935083,0.7210551385444213,1.0,0.0013264751422356255
0.8889158870935083,0.7210788259062761,1.0,0.0013264751778638672
0.8889158870935083,0.7210906701708278,1.0,0.001326475213492111
0.8888956384400437,0.7210860887990933,1.0,0.0013264752491203566
0.8888956384400437,0.7210979335720622,1.0,0.0013264752847486042
0.8888956384400437,0.7211097787341689,1.0,0.0013264753203768537
0.8888956384400437,0.7211216242854327,1.0,0.001326475356005105
0.8888551411331147,0.7212190914318574,1.0,0.0013264753916333585
0.8888551411331147,0.7212309411146162,1.0,0.0013264754272616136
0.8888551411331147,0.7212546416483191,1.0,0.0013264754628898707
0.8888551411331147,0.7212783437397305,1.0,0.0013264754985181297
0.8888551411331147,0.7212901953696249,1.0,0.0013264755341463907
0.8888551411331147,0.7213020473890039,1.0,0.0013264755697746536
0.8888551411331147,0.7213138997978868,1.0,0.0013264756054029185
0.8888551411331147,0.7213257525962928,1.0,0.001326475641031185
0.8888551411331147,0.7213376057842412,1.0,0.0013264756766594536
0.8888551411331147,0.7213494593617511,1.0,0.0013264757122877242
0.8888551411331147,0.7213731676855321,1.0,0.0013264757479159966
0.8888551411331147,0.7213850224318417,1.0,0.001326475783544271
0.8888551411331147,0.7213968775677897,1.0,0.0013264758191725472
0.8888551411331147,0.7214087330933951,1.0,0.0013264758548008255
0.8888551411331147,0.7214205890086773,1.0,0.0013264758904291056
0.8888551411331147,0.7214324453136556,1.0,0.0013264759260573876
0.8888551411331147,0.721444302008349,1.0,0.0013264759616856716
0.8888551411331147,0.7214561590927767,1.0,0.0013264759973139572
0.8888551411331147,0.7215035913282162,1.0,0.0013264760329422451
0.8888551411331147,0.7215273097848419,1.0,0.0013264760685705347
0.8888551411331147,0.7215510298009435,1.0,0.0013264761398271198
0.8888551411331147,0.7215628903938458,1.0,0.0013264761754554152
0.8888551411331147,0.7215747513766746,1.0,0.0013264762110837124
0.8888551411331147,0.7215866127494494,1.0,0.0013264762467120118
0.8888551411331147,0.7215984745121891,1.0,0.0013264762823403128
0.8888551411331147,0.7216340621403913,1.0,0.0013264763179686159
0.8888551411331147,0.7216459254631836,1.0,0.0013264763535969209
0.8888551411331147,0.7216577891760374,1.0,0.0013264763892252278
0.8888551411331147,0.7216696532789715,1.0,0.0013264764248535365
0.8888551411331147,0.7216815177720054,1.0,0.0013264764604818474
0.8888551411331147,0.721728979645523,1.0,0.00132647649611016
0.8888551411331147,0.7217408460893442,1.0,0.0013264765317384745
0.8886121572915401,0.7221372036004015,1.0,0.001326476567366791
0.8885514113311465,0.722349339083771,1.0,0.0013264766029951092
0.8885514113311465,0.7223612299993415,1.0,0.0013264766386234296
0.8885514113311465,0.722373121306402,1.0,0.0013264766742517517
0.8885514113311465,0.7223850130049715,1.0,0.0013264767098800758
0.8885514113311465,0.7223969050950696,1.0,0.0013264767455084018
0.8885514113311465,0.7224087975767154,1.0,0.0013264767811367298
0.8885514113311465,0.7224206904499284,1.0,0.0013264768167650597
0.8885514113311465,0.7224325837147278,1.0,0.0013264768523933914
0.8885514113311465,0.7224444773711332,1.0,0.0013264768880217252
0.8885514113311465,0.7224563714191636,1.0,0.0013264769236500608
0.8885514113311465,0.7224682658588386,1.0,0.0013264769592783983
0.8885514113311465,0.7224801606901775,1.0,0.0013264769949067378
0.8885514113311465,0.7224920559131995,1.0,0.0013264770661634223
0.8885514113311465,0.7225277439325584,1.0,0.0013264771017917675
0.888531162677682,0.7225350721201343,1.0,0.0013264771374201145
0.8885109140242173,0.7225305033673083,1.0,0.0013264771730484635
0.8884501680638237,0.7226119894598155,1.0,0.0013264772086768145
0.8884501680638237,0.7226238903802763,1.0,0.0013264772443051672
0.8884501680638237,0.7226357916927435,1.0,0.001326477279933522
0.8884501680638237,0.7226476933972363,1.0,0.0013264773155618787
0.8884299194103592,0.7226550275879108,1.0,0.0013264773511902372
0.8884299194103592,0.7226669301973185,1.0,0.0013264773868185977
0.8884299194103592,0.7226907365924364,1.0,0.00132647742244696
0.8884299194103592,0.7227026403781852,1.0,0.0013264774580753244
0.8884096707568947,0.7227099771038891,1.0,0.0013264774937036905
0.8884096707568947,0.7227337868779548,1.0,0.0013264775293320586
0.8883894221034301,0.722812566928615,1.0,0.0013264775649604287
0.8883894221034301,0.7228244752710139,1.0,0.0013264776005888006
0.8883894221034301,0.7228363840057993,1.0,0.0013264776362171746
0.8883894221034301,0.7228482931329906,1.0,0.0013264776718455503
0.8883894221034301,0.7228602026526073,1.0,0.0013264777074739281
0.8883894221034301,0.7228721125646687,1.0,0.0013264777431023077
0.8883894221034301,0.7228840228691942,1.0,0.0013264777787306893
0.8883894221034301,0.7228959335662031,1.0,0.0013264778143590727
0.8883894221034301,0.7229197561377492,1.0,0.001326477849987458
0.8883691734499656,0.7229151905617163,1.0,0.0013264778856158454
0.8883691734499656,0.7229271025573425,1.0,0.0013264779212442345
0.8883691734499656,0.7229628408997281,1.0,0.0013264779568726256
0.8883691734499656,0.722974754465757,1.0,0.0013264779925010186
0.8883691734499656,0.7229866684244352,1.0,0.0013264780281294136
0.8883691734499656,0.722998582775782,1.0,0.0013264780637578103
0.8883489247965011,0.7230178480199081,1.0,0.0013264780993862092
0.8883489247965011,0.7230297636705231,1.0,0.0013264781350146098
0.8883489247965011,0.7230416797138949,1.0,0.0013264781706430124
0.8883489247965011,0.723077430200745,1.0,0.001326478206271417
0.8883286761430365,0.7230728660194815,1.0,0.0013264782418998232
0.8883286761430365,0.7230967018839314,1.0,0.0013264783131566418
0.8883286761430365,0.7231443783275916,1.0,0.0013264783487850539
0.8883286761430365,0.7231920610586354,1.0,0.001326478384413468
0.8883286761430365,0.7232039827239458,1.0,0.001326478420041884
0.8883286761430365,0.7232159047823148,1.0,0.001326478455670302
0.8883286761430365,0.723227827233762,1.0,0.0013264784912987216
0.8883286761430365,0.7232397500783067,1.0,0.0013264785269271435
0.8882071842222492,0.7233316293718979,1.0,0.001326478562555567
0.8882071842222492,0.7233435572705386,1.0,0.0013264785981839926
0.8882071842222492,0.7233554855625732,1.0,0.0013264786338124202
0.8882071842222492,0.7233674142480211,1.0,0.0013264786694408494
0.8882071842222492,0.7233793433269018,1.0,0.0013264787050692808
0.8881869355687847,0.7233867110839917,1.0,0.001326478740697714
0.8881869355687847,0.7233986410713108,1.0,0.001326478776326149
0.8881869355687847,0.7234344333943562,1.0,0.001326478811954586
0.8881869355687847,0.723446364955799,1.0,0.001326478847583025
0.8881869355687847,0.7234582969108212,1.0,0.0013264788832114658
0.8881869355687847,0.7234702292594425,1.0,0.0013264789188399087
0.8881869355687847,0.7234940951375602,1.0,0.0013264789544683534
0.8881869355687847,0.7235060286670956,1.0,0.0013264789900968
0.8881869355687847,0.7235179625903078,1.0,0.0013264790257252485
0.8881869355687847,0.7235298969072165,1.0,0.001326479061353699
0.8881869355687847,0.7235418316178411,1.0,0.0013264790969821512
0.8880451949945328,0.7236531639303688,1.0,0.0013264791326106056
0.8879642003806747,0.7237065764502022,1.0,0.0013264791682390618
0.8879642003806747,0.7237185199854771,1.0,0.0013264792038675199
0.8879642003806747,0.7237304639149736,1.0,0.0013264792394959799
0.8879642003806747,0.7237662980689883,1.0,0.0013264793107529056
0.8879642003806747,0.7237782435755665,1.0,0.0013264793463813713
0.8879642003806747,0.723790189476464,1.0,0.001326479382009839
0.8879642003806747,0.723826029545267,1.0,0.0013264794176383085
0.8879642003806747,0.7238379770236366,1.0,0.00132647945326678
0.8879642003806747,0.7238499248964231,1.0,0.0013264794888952535
0.8879642003806747,0.7238618731636459,1.0,0.0013264795245237287
0.8879642003806747,0.723885770881479,1.0,0.0013264795601522059
0.8879439517272102,0.7238812129615874,1.0,0.001326479631409166
0.8879237030737456,0.7238766548912147,1.0,0.001326479667037649
0.8879034544202811,0.7238840464870576,1.0,0.001326479702666134
0.8879034544202811,0.7239198983045251,1.0,0.0013264797382946207
0.8879034544202811,0.7239677062523733,1.0,0.0013264797739231094
0.8878022111529583,0.724028601152633,1.0,0.0013264798095516
0.8878022111529583,0.7240405575004955,1.0,0.0013264798451800926
0.8878022111529583,0.7240525142432499,1.0,0.001326479880808587
0.8878022111529583,0.7240644713809162,1.0,0.0013264799164370835
0.8878022111529583,0.7240764289135138,1.0,0.0013264799520655817
0.8878022111529583,0.72411230388109,1.0,0.0013264799876940819
0.8878022111529583,0.7241242629936084,1.0,0.001326480023322584
0.8878022111529583,0.7241481824037524,1.0,0.001326480058951088
0.8878022111529583,0.7241601427014172,1.0,0.001326480094579594
0.8878022111529583,0.7241721033941696,1.0,0.0013264801302081018
0.8878022111529583,0.7241840644820295,1.0,0.0013264801658366115
0.8878022111529583,0.7242319127849356,1.0,0.0013264802014651233
0.8878022111529583,0.7242678031617028,1.0,0.001326480237093637
0.8878022111529583,0.7242797674111273,1.0,0.0013264802727221523
0.8878022111529583,0.724303697095847,1.0,0.0013264803083506698
0.8877819624994938,0.7243111081741889,1.0,0.001326480343979189
0.8877819624994938,0.7243230741273067,1.0,0.0013264803796077104
0.8877819624994938,0.7243470072196798,1.0,0.0013264804152362335
0.8877819624994938,0.7243709418937003,1.0,0.0013264804508647586
0.8877819624994938,0.7244068468706629,1.0,0.0013264804864932857
0.8877819624994938,0.7244188159873106,1.0,0.0013264805221218144
0.8877819624994938,0.7244307854994878,1.0,0.0013264805577503454
0.8877819624994938,0.724454725710509,1.0,0.001326480593378878
0.8877819624994938,0.7244666964093921,1.0,0.0013264806290074127
0.8877819624994938,0.7244906389940017,1.0,0.0013264806646359492
0.8877819624994938,0.7245026108797673,1.0,0.0013264807002644876
0.8877819624994938,0.7245505023796933,1.0,0.001326480735893028
0.8877819624994938,0.7245624762439887,1.0,0.0013264807715215703
0.8877819624994938,0.7245864251598936,1.0,0.0013264808071501146
0.8877819624994938,0.7245984002115423,1.0,0.0013264808427786608
0.8877414651925647,0.7246611570247934,1.0,0.0013264808784072088
0.8877414651925647,0.724673135093142,1.0,0.0013264809140357586
0.8876807192321711,0.7246954193047129,1.0,0.0013264809496643106
0.8876807192321711,0.7247073993255306,1.0,0.0013264809852928643
0.8876604705787066,0.7247028483576069,1.0,0.00132648102092142
0.8876604705787066,0.7247148288973384,1.0,0.0013264810565499776
0.8876604705787066,0.7247268098331928,1.0,0.0013264810921785372
0.8876604705787066,0.7247387911651898,1.0,0.0013264811278070987
0.8876604705787066,0.72476275501769,1.0,0.001326481163435662
0.8876604705787066,0.7247747375382326,1.0,0.0013264811990642271
0.8876604705787066,0.7247867204549964,1.0,0.0013264812346927945
0.8876604705787066,0.724810687477266,1.0,0.0013264812703213634
0.887640221925242,0.7248061374646583,1.0,0.0013264813059499345
0.887640221925242,0.7248301063178955,1.0,0.0013264813415785075
0.887640221925242,0.7248420913389994,1.0,0.0013264813772070822
0.887640221925242,0.7248660625702759,1.0,0.001326481412835659
0.887640221925242,0.7248900353871085,1.0,0.0013264814484642378
0.8876199732717774,0.7248854860846989,1.0,0.0013264814840928181
0.8875997246183129,0.7249288880068797,1.0,0.0013264815197214007
0.8875997246183129,0.7249408768419138,1.0,0.0013264815553499852
0.8875997246183129,0.7249528660734958,1.0,0.0013264815909785714
0.8875997246183129,0.7249768457263827,1.0,0.0013264816266071596
0.8875997246183129,0.7249888361477267,1.0,0.0013264816622357498
0.8875997246183129,0.7250008269656975,1.0,0.0013264816978643418
0.8875997246183129,0.7250128181803146,1.0,0.0013264817334929359
0.8875997246183129,0.7250248097915978,1.0,0.0013264817691215317
0.8875997246183129,0.725048794204241,1.0,0.0013264818047501296
0.8875794759648483,0.7251282051282051,1.0,0.0013264818403787293
0.8842384481431985,0.7371041793261764,1.0,0.001326481876007331
0.8842384481431985,0.7371415067267602,1.0,0.0013264819116359345
0.8842384481431985,0.737166393760867,1.0,0.0013264819472645398
0.8842384481431985,0.7372037274630292,1.0,0.0013264819828931473
0.8842384481431985,0.737216172870769,1.0,0.0013264820185217565
0.8842384481431985,0.737253511615343,1.0,0.0013264820541503677
0.8842384481431985,0.737265958704057,1.0,0.0013264820897789808
0.8842384481431985,0.7372784062130677,1.0,0.001326482125407596
0.8842181994897339,0.7372739705211974,1.0,0.001326482161036213
0.8841979508362694,0.7372944314996792,1.0,0.0013264821966648317
0.8841979508362694,0.7373068805403123,1.0,0.0013264822322934524
0.8841979508362694,0.7373566809071107,1.0,0.001326482267922075
0.8841979508362694,0.7373691320499831,1.0,0.0013264823035506997
0.8841777021828049,0.7373771488398798,1.0,0.0013264823391793263
0.8841777021828049,0.7374020534990543,1.0,0.0013264823748079548
0.8841777021828049,0.7374145064595119,1.0,0.001326482410436585
0.8841574535293403,0.737410071942446,1.0,0.0013264824460652172
0.8841372048758758,0.7374429994933288,1.0,0.0013264824816938514
0.8841169562224112,0.7374510201324146,1.0,0.0013264825173224875
0.8841169562224112,0.7374883878050841,1.0,0.0013264825529511256
0.8841169562224112,0.7375008445375313,1.0,0.0013264825885797654
0.8841169562224112,0.7375133016907927,1.0,0.0013264826242084073
0.8841169562224112,0.7375257592648897,1.0,0.001326482659837051
0.8841169562224112,0.7375506756756757,1.0,0.0013264826954656967
0.8841169562224112,0.7375631345124073,1.0,0.0013264827310943443
0.8841169562224112,0.7376005135482128,1.0,0.0013264827667229936
0.8841169562224112,0.7376378963728819,1.0,0.0013264828023516451
0.8841169562224112,0.7376628203612036,1.0,0.0013264828379802984
0.8840967075689466,0.737658388241257,1.0,0.0013264828736089535
0.8840967075689466,0.7376833141853079,1.0,0.0013264829092376107
0.8840967075689466,0.737720706260032,1.0,0.0013264829448662698
0.8840967075689466,0.7377331711273317,1.0,0.0013264829804949308
0.8840967075689466,0.7377456364158627,1.0,0.0013264830161235936
0.8840764589154821,0.7377536709416873,1.0,0.0013264830517522583
0.8840764589154821,0.7377661372085164,1.0,0.0013264830873809252
0.8840764589154821,0.7377786038966525,1.0,0.0013264831230095937
0.8840562102620175,0.7377741728344993,1.0,0.0013264831586382642
0.8840562102620175,0.7377866400797607,1.0,0.0013264831942669368
0.8840562102620175,0.7377991077463837,1.0,0.001326483229895611
0.8840562102620175,0.7378365132746354,1.0,0.0013264832655242873
0.8840562102620175,0.7378739225959101,1.0,0.0013264833011529655
0.8840562102620175,0.7378988642509464,1.0,0.0013264833367816456
0.8840562102620175,0.7379113357107847,1.0,0.0013264833724103277
0.8840562102620175,0.7379362798952083,1.0,0.0013264834080390117
0.8840562102620175,0.7379487526198364,1.0,0.0013264834436676975
0.884035961608553,0.737944323310177,1.0,0.0013264834792963852
0.884035961608553,0.7379567965924073,1.0,0.0013264835149250748
0.8839954643016239,0.7380103118924859,1.0,0.0013264835505537665
0.8839954643016239,0.7380227879771444,1.0,0.00132648358618246
0.8839954643016239,0.7380352644836272,1.0,0.0013264836218111553
0.8839954643016239,0.7380477414119556,1.0,0.0013264836574398526
0.8839954643016239,0.7380602187621511,1.0,0.001326483693068552
0.8839954643016239,0.738072696534235,1.0,0.0013264837286972532
0.8839954643016239,0.7381101323820312,1.0,0.001326483764325956
0.8839752156481594,0.7381181841237636,1.0,0.0013264837999546612
0.8839752156481594,0.7381306641417558,1.0,0.001326483835583368
0.8839752156481594,0.738168106727989,1.0,0.001326483871212077
0.8839752156481594,0.7381805884342238,1.0,0.0013264839068407876
0.8839752156481594,0.7381930705625729,1.0,0.0013264839780982147
0.8839549669946949,0.738188643511786,1.0,0.0013264840137269312
0.8839549669946949,0.7382385767916935,1.0,0.0013264840493556495
0.8839549669946949,0.7382510611671994,1.0,0.00132648408498437
0.8839549669946949,0.7382760311849961,1.0,0.0013264841206130922
0.8839549669946949,0.7383134893789745,1.0,0.0013264841562418163
0.8839347183412303,0.7383590142584104,1.0,0.0013264841918705422
0.8839144696877658,0.7383545888163459,1.0,0.0013264842274992702
0.8839144696877658,0.7383670776881311,1.0,0.001326484263128
0.8839144696877658,0.7383795669824087,1.0,0.0013264842987567318
0.8839144696877658,0.7384045468385263,1.0,0.0013264843343854657
0.8839144696877658,0.7384170374004093,1.0,0.001326484370014201
0.8839144696877658,0.738442019791931,1.0,0.0013264844056429387
0.8839144696877658,0.7384545116216125,1.0,0.0013264844412716782
0.8839144696877658,0.7384919896465971,1.0,0.0013264844769004195
0.8839144696877658,0.7385294714759424,1.0,0.0013264845125291627
0.8839144696877658,0.738541966264571,1.0,0.001326484548157908
0.8838739723808366,0.7385331190254631,1.0,0.001326484583786655
0.8838537237273721,0.7385286951813752,1.0,0.001326484619415404
0.8837727291135139,0.7386359790150617,1.0,0.001326484655044155
0.8837727291135139,0.7386984852331387,1.0,0.0013264846906729077
0.8837524804600494,0.7386940626904068,1.0,0.0013264847263016624
0.8837524804600494,0.7387190684133915,1.0,0.001326484761930419
0.8837524804600494,0.738731571909751,1.0,0.0013264847975591777
0.8837524804600494,0.7387690849385558,1.0,0.0013264848331879383
0.8837524804600494,0.7388066017774017,1.0,0.0013264848688167006
0.8837524804600494,0.7388191082371263,1.0,0.0013264849044454649
0.8837524804600494,0.7388566301569298,1.0,0.001326484940074231
0.8837524804600494,0.7388941558881289,1.0,0.0013264849757029993
0.8837524804600494,0.7389316854313045,1.0,0.0013264850113317694
0.8837524804600494,0.7389692187870374,1.0,0.0013264850469605412
0.8836917344996558,0.7390310399132982,1.0,0.0013264850825893152
0.8836917344996558,0.7390685859441152,1.0,0.001326485118218091
0.8836714858461913,0.7391142349055805,1.0,0.0013264851538468687
0.8836714858461913,0.7391392713784869,1.0,0.0013264851894756484
0.8836512371927266,0.739134853155381,1.0,0.00132648522510443
0.8836512371927266,0.7391974524450768,1.0,0.0013264852607332133
0.8836512371927266,0.7392099735754455,1.0,0.0013264852963619988
0.8836512371927266,0.7392224951300076,1.0,0.001326485331990786
0.8836512371927266,0.7392600623390704,1.0,0.0013264853676195753
0.8836512371927266,0.7392851092664747,1.0,0.0013264854032483662
0.8836512371927266,0.7393101578911703,1.0,0.0013264854388771593
0.8836512371927266,0.7393352082133298,1.0,0.0013264854745059544
0.8836512371927266,0.7393602602331255,1.0,0.0013264855101347511
0.8836512371927266,0.7393978414462649,1.0,0.0013264855457635499
0.8836512371927266,0.7394103693663165,1.0,0.0013264855813923506
0.8836512371927266,0.7394354264800569,1.0,0.0013264856170211532
0.8836512371927266,0.739447955673789,1.0,0.0013264856526499576
0.8836512371927266,0.7394730153350842,1.0,0.0013264856882787641
0.8836512371927266,0.7394855458026909,1.0,0.0013264857239075724
0.8836512371927266,0.7394980766949655,1.0,0.0013264857951651948
0.883590491232333,0.7395224295422577,1.0,0.001326485830794009
0.883590491232333,0.7395349625461818,1.0,0.0013264858664228248
0.883590491232333,0.7395474959749174,1.0,0.0013264859020516429
0.883590491232333,0.7395725641069099,1.0,0.0013264859376804627
0.883590491232333,0.7396352418726059,1.0,0.0013264859733092844
0.8835702425788685,0.7396433656519086,1.0,0.001326486008938108
0.883549993925404,0.7396514899820321,1.0,0.0013264860445669337
0.883549993925404,0.7396765663140765,1.0,0.001326486080195761
0.883549993925404,0.7396891051177298,1.0,0.0013264861158245904
0.883549993925404,0.7397267240794738,1.0,0.0013264861514534218
0.883549993925404,0.7397643468678478,1.0,0.001326486187082255
0.883549993925404,0.7398019734834356,1.0,0.00132648622271109
0.883549993925404,0.7398145165392245,1.0,0.0013264862583399271
0.883549993925404,0.7398521482586727,1.0,0.0013264862939687662
0.8835297452719394,0.7398477372535056,1.0,0.001326486329597607
0.8835297452719394,0.7398853732153152,1.0,0.0013264863652264498
0.8835297452719394,0.739897919386838,1.0,0.0013264864008552945
0.8835094966184749,0.7398935087838296,1.0,0.0013264864364841411
0.8834689993115458,0.7398972341399719,1.0,0.0013264864721129895
0.8834487506580813,0.7398928232261566,1.0,0.00132648650774184
0.8834487506580813,0.7399053708006172,1.0,0.0013264865433706924
0.8834487506580813,0.7399304672263207,1.0,0.0013264865789995466
0.8834487506580813,0.7399555653545443,1.0,0.0013264866146284028
0.8834487506580813,0.7399681150571554,1.0,0.001326486650257261
0.8834487506580813,0.7400057667192456,1.0,0.0013264866858861209
0.8834082533511521,0.7400597095942462,1.0,0.001326486721514983
0.8834082533511521,0.740109927393635,1.0,0.0013264867571438467
0.8834082533511521,0.7401224829083753,1.0,0.0013264867927727125
0.8834082533511521,0.7401350388491161,1.0,0.0013264868284015802
0.8834082533511521,0.7401601520086862,1.0,0.0013264868640304498
0.8834082533511521,0.7401978249435877,1.0,0.0013264868996593212
0.8834082533511521,0.7402103834407873,1.0,0.0013264869352881945
0.8834082533511521,0.7402229423641392,1.0,0.0013264870065459473
0.8834082533511521,0.7402355017136653,1.0,0.0013264870421748265
0.8834082533511521,0.7402606216913262,1.0,0.0013264870778037074
0.8834082533511521,0.7402857433739437,1.0,0.0013264871134325905
0.8834082533511521,0.7402983048546654,1.0,0.0013264871490614753
0.8834082533511521,0.7403234290950433,1.0,0.0013264872203192508
0.8832867614303649,0.74059863160218,1.0,0.0013264872559481415
0.8832057668165068,0.7407445146389512,1.0,0.0013264872915770341
0.8832057668165068,0.7407570945773823,1.0,0.0013264873272059285
0.8832057668165068,0.7407696749431065,1.0,0.0013264873628348248
0.8832057668165068,0.7407822557361458,1.0,0.001326487398463723
0.8832057668165068,0.7407948369565217,1.0,0.0013264874340926233
0.8832057668165068,0.7408074186042561,1.0,0.0013264874697215255
0.8831855181630421,0.7408155986208537,1.0,0.0013264875053504296
0.8831855181630421,0.740853347827564,1.0,0.0013264875409793354
0.8831855181630421,0.740865931751397,1.0,0.0013264875766082432
0.8831855181630421,0.7408911008815886,1.0,0.001326487612237153
0.8831855181630421,0.7409036860879905,1.0,0.0013264876478660647
0.8831855181630421,0.740916271721959,1.0,0.0013264876834949784
0.8831855181630421,0.7409414442726825,1.0,0.0013264877191238938
0.8831855181630421,0.7409666185339335,1.0,0.0013264877547528114
0.8831855181630421,0.7409917945058866,1.0,0.0013264877903817307
0.8831855181630421,0.7410043831334308,1.0,0.001326487826010652
0.8831652695095776,0.7409999830108221,1.0,0.0013264878616395751
0.8831652695095776,0.7410251618274181,1.0,0.0013264878972685003
0.8831652695095776,0.7410503423551998,1.0,0.0013264879328974272
0.8831652695095776,0.74106293326084,1.0,0.001326487968526356
0.8831652695095776,0.7411133011622375,1.0,0.001326488004155287
0.8831652695095776,0.7411384876805438,1.0,0.0013264880397842198
0.8831652695095776,0.7411636759108211,1.0,0.0013264880754131543
0.8831652695095776,0.7411762706680035,1.0,0.001326488111042091
0.8831652695095776,0.7411888658532441,1.0,0.0013264881466710293
0.8831652695095776,0.7412014614665647,1.0,0.0013264881822999698
0.8831652695095776,0.7412266539775334,1.0,0.0013264882179289121
0.8831652695095776,0.7412392508752251,1.0,0.0013264882535578564
0.8831652695095776,0.7412518482010843,1.0,0.0013264882891868026
0.8831652695095776,0.7412644459551325,1.0,0.0013264883248157505
0.8831652695095776,0.741289642747884,1.0,0.0013264883604447006
0.8831652695095776,0.7413022417866308,1.0,0.0013264883960736524
0.883145020856113,0.7412978448568903,1.0,0.0013264884317026062
0.883145020856113,0.7413230444980793,1.0,0.001326488467331562
0.883145020856113,0.7413356449611612,1.0,0.0013264885029605196
0.883145020856113,0.7413608471724091,1.0,0.001326488538589479
0.8830437775887904,0.741553163631417,1.0,0.0013264885742184404
0.8830437775887904,0.7415657733641682,1.0,0.001326488609847404
0.8830437775887904,0.7415783835257708,1.0,0.0013264886454763692
0.8830437775887904,0.7416036051356177,1.0,0.0013264886811053364
0.8830437775887904,0.741628828461133,1.0,0.0013264887167343054
0.8830437775887904,0.7416414407673209,1.0,0.0013264887523632765
0.8830235289353258,0.7416370469889968,1.0,0.0013264887879922494
0.8830032802818613,0.7416578795197115,1.0,0.0013264888236212242
0.8830032802818613,0.74167049339252,1.0,0.001326488859250201
0.8830032802818613,0.7416831076944009,1.0,0.0013264888948791797
0.8830032802818613,0.741708337585468,1.0,0.0013264889305081603
0.8830032802818613,0.7417461856406593,1.0,0.0013264889661371427
0.8830032802818613,0.741758802517435,1.0,0.001326489001766127
0.8830032802818613,0.7417714198234363,1.0,0.0013264890373951136
0.8829830316283968,0.7417796451596441,1.0,0.0013264890730241019
0.8829830316283968,0.7418048821978396,1.0,0.0013264891086530919
0.8829830316283968,0.7418175013609145,1.0,0.001326489144282084
0.8829830316283968,0.7418301209533369,1.0,0.001326489179911078
0.8829830316283968,0.7418427409751285,1.0,0.001326489215540074
0.8829627829749321,0.7418383491264184,1.0,0.0013264892511690718
0.8829627829749321,0.741850969717591,1.0,0.0013264892867980715
0.8829627829749321,0.7418635907381889,1.0,0.001326489322427073
0.8829222856680031,0.7418548071524576,1.0,0.0013264893580560767
0.8829020370145385,0.7418882820342675,1.0,0.001326489393685082
0.8829020370145385,0.741900905192949,1.0,0.0013264894293140896
0.882881788361074,0.741959636524521,1.0,0.001326489464943099
0.882881788361074,0.7419848887073719,1.0,0.00132648950057211
0.882881788361074,0.7419975154433912,1.0,0.0013264895362011231
0.882881788361074,0.7420227702047276,1.0,0.0013264895718301383
0.882881788361074,0.7420353982300885,1.0,0.0013264896074591552
0.882881788361074,0.7420480266852737,1.0,0.001326489643088174
0.882881788361074,0.7420606555703053,1.0,0.0013264896787171948
0.882881788361074,0.7420732848852052,1.0,0.0013264897143462175
0.8828615397076094,0.7420815249765977,1.0,0.0013264897499752422
0.8828615397076094,0.7420941552915546,1.0,0.0013264897856042686
0.8828412910541449,0.7421023965141612,1.0,0.001326489821233297
0.8823350747175313,0.7424603850741183,1.0,0.0013264898568623275
0.8823350747175313,0.74247303583295,1.0,0.0013264898924913598
0.8823350747175313,0.7424856870229007,1.0,0.0013264899281203938
0.8823350747175313,0.7424983386439927,1.0,0.00132648996374943
0.8823350747175313,0.7425362960943358,1.0,0.001326489999378468
0.8823350747175313,0.7425869120654397,1.0,0.001326490035007508
0.8823148260640667,0.7426078361197743,1.0,0.0013264901062655936
0.8823148260640667,0.7426204921944236,1.0,0.001326490141894639
0.8823148260640667,0.7426458056379316,1.0,0.0013264901775236868
0.8823148260640667,0.7426584630068345,1.0,0.0013264902131527362
0.8823148260640667,0.7426837790390483,1.0,0.0013264902487817878
0.8823148260640667,0.7426964377024032,1.0,0.001326490284410841
0.8823148260640667,0.7427090967972865,1.0,0.0013264903200398963
0.8823148260640667,0.74272175632372,1.0,0.0013264903556689533
0.8822945774106022,0.7427300310230798,1.0,0.0013264903912980125
0.8822743287571376,0.7428142793821815,1.0,0.0013264904269270734
0.8822743287571376,0.7428396072013094,1.0,0.0013264904625561362
0.8822743287571376,0.7428649367477069,1.0,0.001326490498185201
0.8822743287571376,0.7428902680215509,1.0,0.0013264905338142678
0.8822743287571376,0.7429029343063205,1.0,0.0013264905694433365
0.8822743287571376,0.7429156010230179,1.0,0.001326490605072407
0.8822743287571376,0.7429282681716654,1.0,0.0013264906407014795
0.8822743287571376,0.7429409357522848,1.0,0.001326490676330554
0.8822743287571376,0.7429916103949253,1.0,0.0013264907119596302
0.8822743287571376,0.7430422919508868,1.0,0.0013264907475887084
0.8822743287571376,0.7430549634202493,1.0,0.0013264907832177884
0.8822540801036731,0.7430885989596657,1.0,0.0013264908188468706
0.8822540801036731,0.743113946071325,1.0,0.0013264908544759544
0.8822540801036731,0.7431266202756174,1.0,0.0013264908901050403
0.8822540801036731,0.7431519699812382,1.0,0.001326490925734128
0.8822540801036731,0.743164645482611,1.0,0.0013264909613632178
0.8822540801036731,0.743177321416388,1.0,0.0013264909969923093
0.8822540801036731,0.7432026745812438,1.0,0.001326491032621403
0.8822540801036731,0.7432153518123668,1.0,0.0013264910682504983
0.8822540801036731,0.7432280294759825,1.0,0.0013264911038795956
0.8822338314502086,0.7432363276585582,1.0,0.001326491139508695
0.882213582796744,0.7432446264073695,1.0,0.0013264911751377961
0.8821933341432795,0.7432529257224744,1.0,0.0013264912107668991
0.8821933341432795,0.7432656055410547,1.0,0.0013264912463960042
0.8821730854898149,0.7433373144514588,1.0,0.0013264912820251111
0.8821730854898149,0.7433626808626809,1.0,0.00132649131765422
0.8821730854898149,0.7433880490052213,1.0,0.0013264913532833307
0.8821730854898149,0.7434134188792574,1.0,0.0013264913889124432
0.8821730854898149,0.7434261044656417,1.0,0.001326491424541558
0.8821730854898149,0.7434514769372537,1.0,0.0013264914601706743
0.8821730854898149,0.7434641638225256,1.0,0.0013264914957997927
0.8821730854898149,0.743514915693904,1.0,0.001326491531428913
0.8821730854898149,0.7435276047444321,1.0,0.0013264915670580352
0.8821730854898149,0.743540294228078,1.0,0.0013264916026871595
0.8821730854898149,0.7435529841448637,1.0,0.0013264916383162854
0.8821730854898149,0.7435656744948116,1.0,0.0013264916739454135
0.8821730854898149,0.7435783652779437,1.0,0.0013264917095745434
0.8821730854898149,0.7435910564942823,1.0,0.0013264917452036752
0.8821528368363504,0.7435866800935329,1.0,0.001326491780832809
0.8821325881828859,0.743607687843512,1.0,0.0013264918164619444
0.8821325881828859,0.7436330738768264,1.0,0.0013264918520910821
0.8821123395294213,0.7436413915537196,1.0,0.0013264918877202215
0.8821123395294213,0.7436667804711505,1.0,0.0013264919233493629
0.8821123395294213,0.7436921711222644,1.0,0.0013264919589785062
0.8821123395294213,0.7437048670980078,1.0,0.0013264919946076514
0.8821123395294213,0.7437556553360763,1.0,0.0013264920302367984
0.8821123395294213,0.7437683534794782,1.0,0.0013264920658659473
0.8821123395294213,0.7438064505113626,1.0,0.0013264921014950984
0.8820515935690276,0.7437933271864221,1.0,0.0013264921371242513
0.8820515935690276,0.7438060274908221,1.0,0.001326492172753406
0.8820313449155631,0.743801652892562,1.0,0.0013264922083825626
0.8820313449155631,0.74381435377286,1.0,0.0013264922440117213
0.8820313449155631,0.7438270550869164,1.0,0.0013264922796408817
0.8820313449155631,0.7438397568347535,1.0,0.001326492315270044
0.8820110962620986,0.7438353825136612,1.0,0.0013264923508992084
0.8820110962620986,0.7438480848375143,1.0,0.0013264923865283747
0.8820110962620986,0.7438607875952048,1.0,0.001326492422157543
0.8817478637670595,0.7441852516448774,1.0,0.001326492457786713
0.881545377232414,0.7443069137659851,1.0,0.001326492493415885
0.881545377232414,0.744319638918808,1.0,0.001326492529045059
0.881545377232414,0.7443450905298432,1.0,0.0013264925646742348
0.881545377232414,0.7443705438815463,1.0,0.0013264926003034125
0.881545377232414,0.7443832712102042,1.0,0.001326492635932592
0.8815251285789495,0.7444043568216405,1.0,0.0013264926715617737
0.8815251285789495,0.7444170855989877,1.0,0.0013264927071909571
0.8815251285789495,0.7444298148116483,1.0,0.0013264927428201425
0.8815251285789495,0.7444552745429983,1.0,0.0013264927784493298
0.8815251285789495,0.7444680050617326,1.0,0.001326492814078519
0.8815251285789495,0.7444934674054313,1.0,0.00132649284970771
0.8815251285789495,0.7445061992304404,1.0,0.0013264928853369033
0.8815251285789495,0.7445189314909191,1.0,0.0013264929209660982
0.8815251285789495,0.7445443973183746,1.0,0.0013264929922244938
0.8815251285789495,0.7445571308853962,1.0,0.0013264930278536944
0.8815251285789495,0.7445698648879767,1.0,0.001326493063482897
0.8815251285789495,0.7445953341999042,1.0,0.0013264930991121015
0.8815251285789495,0.7446080695092958,1.0,0.0013264931347413082
0.8815251285789495,0.7446335414350466,1.0,0.0013264931703705165
0.8815251285789495,0.7446590151035698,1.0,0.0013264932059997266
0.881504879925485,0.7447056006021417,1.0,0.0013264932416289388
0.8814846312720204,0.7447012333852233,1.0,0.001326493277258153
0.8814846312720204,0.744713972902696,1.0,0.001326493312887369
0.8814643826185559,0.7447096056795826,1.0,0.0013264933485165869
0.8814643826185559,0.7447350863086583,1.0,0.0013264933841458067
0.8814643826185559,0.744747827277082,1.0,0.0013264934197750285
0.8814643826185559,0.7447733105218135,1.0,0.001326493455404252
0.8814643826185559,0.7447860527981659,1.0,0.0013264934910334778
0.8814643826185559,0.744811538658956,1.0,0.0013264935266627052
0.8814643826185559,0.7448242822434384,1.0,0.0013264935622919346
0.8814643826185559,0.7448497707206899,1.0,0.001326493597921166
0.8814441339650914,0.7448581499606447,1.0,0.0013264936335503992
0.8814441339650914,0.7448708954330008,1.0,0.0013264936691796344
0.8814441339650914,0.7448836413415468,1.0,0.0013264937048088714
0.8814441339650914,0.7449856243154436,1.0,0.0013264937404381103
0.8814441339650914,0.7449983741507077,1.0,0.0013264937760673512
0.8814441339650914,0.7450111244223857,1.0,0.001326493811696594
0.8814441339650914,0.7450238751305003,1.0,0.0013264938473258388
0.8814238853116267,0.745032262481387,1.0,0.0013264938829550853
0.8814238853116267,0.7450450142060042,1.0,0.001326493918584334
0.8814238853116267,0.7450577663671374,1.0,0.0013264939542135844
0.8814238853116267,0.7450832719990415,1.0,0.0013264939898428368
0.8814238853116267,0.7451215337213283,1.0,0.0013264940254720911
0.8814238853116267,0.7451597993734701,1.0,0.0013264940611013474
0.8814238853116267,0.7451725554642563,1.0,0.0013264940967306054
0.8814238853116267,0.745185311991783,1.0,0.0013264941323598654
0.8814238853116267,0.7451980689560722,1.0,0.0013264941679891275
0.8814238853116267,0.7452235841950284,1.0,0.0013264942036183914
0.8814238853116267,0.7452363424697402,1.0,0.001326494239247657
0.8814238853116267,0.7452618603297437,1.0,0.0013264942748769247
0.8814238853116267,0.7452873799373363,1.0,0.0013264943105061942
0.8814238853116267,0.7453001403965346,1.0,0.0013264943461354659
0.8814238853116267,0.7453129012926976,1.0,0.0013264943817647393
0.8814238853116267,0.7453511866031985,1.0,0.0013264944173940146
0.8814238853116267,0.7453767123287671,1.0,0.001326494453023292
0.8814036366581622,0.7453851159286277,1.0,0.001326494488652571
0.8814036366581622,0.7454106445646962,1.0,0.0013264945242818522
0.8814036366581622,0.7454234095384878,1.0,0.0013264945599111351
0.8814036366581622,0.7454361749494811,1.0,0.00132649459554042
0.8814036366581622,0.7454489407976983,1.0,0.0013264946311697069
0.8813833880046977,0.7454573478789539,1.0,0.0013264946667989957
0.8813631393512331,0.7454529885254324,1.0,0.0013264947024282862
0.881282144737375,0.7456782085767643,1.0,0.001326494738057579
0.881282144737375,0.7456909844772641,1.0,0.0013264947736868734
0.881282144737375,0.7457037608155572,1.0,0.0013264948093161697
0.881282144737375,0.7457293148056131,1.0,0.001326494844945468
0.881282144737375,0.745742092457421,1.0,0.0013264948805747682
0.881282144737375,0.745754870547112,1.0,0.0013264949162040704
0.8812416474304459,0.7457461574050275,1.0,0.0013264949518333744
0.8812416474304459,0.745784495167592,1.0,0.0013264949874626803
0.8812416474304459,0.7458100558659218,1.0,0.0013264950230919882
0.8812416474304459,0.7458228368721402,1.0,0.001326495058721298
0.8812416474304459,0.745848400198797,1.0,0.0013264950943506098
0.8812416474304459,0.7458867484746692,1.0,0.0013264951299799233
0.8812416474304459,0.7459123161827718,1.0,0.001326495165609239
0.8812416474304459,0.7459251006941469,1.0,0.0013264952012385564
0.8812416474304459,0.745937885643768,1.0,0.0013264952368678758
0.8811809014700522,0.7460143312647856,1.0,0.0013264952724971971
0.8811809014700522,0.7461166546651579,1.0,0.0013264953081265202
0.8811606528165877,0.746112301757394,1.0,0.0013264953437558454
0.8811606528165877,0.7461378872828901,1.0,0.0013264954150145013
0.8811606528165877,0.7461506807036796,1.0,0.0013264954506438322
0.8811606528165877,0.746176268861454,1.0,0.001326495486273165
0.8811606528165877,0.7462146543889432,1.0,0.0013264955219024995
0.8811606528165877,0.7462274504424172,1.0,0.0013264955575318363
0.8811606528165877,0.7462402469347509,1.0,0.0013264955931611747
0.8811606528165877,0.7462786390451365,1.0,0.0013264956287905151
0.8811404041631231,0.7463254840756685,1.0,0.0013264956644198575
0.8810999068561941,0.7463807890222984,1.0,0.0013264957000492018
0.8810999068561941,0.746432002195691,1.0,0.0013264957356785478
0.8810999068561941,0.7464576114179847,1.0,0.0013264957713078958
0.8810999068561941,0.7464832223975846,1.0,0.001326495806937246
0.8810999068561941,0.7464960285464308,1.0,0.0013264958425665979
0.8810999068561941,0.7465344496294263,1.0,0.0013264958781959517
0.8810999068561941,0.7465728746675817,1.0,0.0013264959138253073
0.8810999068561941,0.7465856838926636,1.0,0.001326495949454665
0.8810999068561941,0.7466241142053156,1.0,0.0013264959850840246
0.8810999068561941,0.746636925188744,1.0,0.001326496020713386
0.8810999068561941,0.7466497366118156,1.0,0.0013264960563427494
0.8810391608958005,0.7467135747382873,1.0,0.0013264960919721147
0.8810391608958005,0.746739205052516,1.0,0.001326496127601482
0.8810391608958005,0.7467520208694458,1.0,0.001326496163230851
0.8810391608958005,0.7467648371262829,1.0,0.001326496198860222
0.8810391608958005,0.7467776538230498,1.0,0.001326496234489595
0.8810189122423359,0.7468117608691921,1.0,0.0013264962701189699
0.8809986635888714,0.7468202337836214,1.0,0.0013264963057483467
0.8809986635888714,0.7468330529712658,1.0,0.0013264963413777255
0.8809986635888714,0.7468458725990009,1.0,0.001326496377007106
0.8809986635888714,0.7468586926668498,1.0,0.0013264964126364885
0.8809581662819422,0.746901287553648,1.0,0.001326496448265873
0.8809581662819422,0.7469141101134783,1.0,0.0013264964838952593
0.8809581662819422,0.7469397565539856,1.0,0.0013264965195246476
0.8809379176284777,0.7469482359000773,1.0,0.001326496555154038
0.8809379176284777,0.746961060366733,1.0,0.00132649659078343
0.8809176689750131,0.7469695408811511,1.0,0.0013264966264128239
0.8809176689750131,0.7469951923076923,1.0,0.0013264966620422198
0.8809176689750131,0.7470593285824676,1.0,0.0013264966976716177
0.8809176689750131,0.747072157159048,1.0,0.0013264967333010175
0.8809176689750131,0.7470849861762231,1.0,0.001326496768930419
0.8808974203215486,0.7470806429454595,1.0,0.0013264968045598228
0.8808974203215486,0.747106302593165,1.0,0.0013264968401892282
0.8808974203215486,0.7471319640035722,1.0,0.0013264968758186356
0.8808974203215486,0.7471447953698456,1.0,0.001326496911448045
0.8808974203215486,0.7471704594246458,1.0,0.001326496947077456
0.8808974203215486,0.7472089588128199,1.0,0.0013264969827068694
0.8808974203215486,0.7472217928238951,1.0,0.0013264970183362844
0.8808974203215486,0.7472474621687079,1.0,0.0013264970539657013
0.8808974203215486,0.7472602975024907,1.0,0.0013264970895951202
0.8808771716680841,0.7472687920846502,1.0,0.001326497125224541
0.8808771716680841,0.7472816284462768,1.0,0.0013264971608539639
0.8808771716680841,0.7472944652489092,1.0,0.0013264971964833884
0.8808771716680841,0.747320140177283,1.0,0.001326497232112815
0.8808771716680841,0.7473714953271028,1.0,0.0013264972677422434
0.880836674361155,0.7473628148300863,1.0,0.0013264973033716738
0.880836674361155,0.747375655012456,1.0,0.001326497339001106
0.880836674361155,0.7474655486442833,1.0,0.0013264973746305404
0.8801482201433605,0.7486178805779928,1.0,0.0013264974102599764
0.880127971489896,0.7486393386152256,1.0,0.0013264974458894144
0.880127971489896,0.7486651279754728,1.0,0.0013264974815188544
0.880127971489896,0.748690919112581,1.0,0.0013264975171482962
0.880127971489896,0.7487038153475153,1.0,0.00132649755277774
0.880127971489896,0.7487167120267337,1.0,0.0013264975884071857
0.880127971489896,0.7487296091502592,1.0,0.0013264976240366334
0.8801077228364313,0.7487381784982171,1.0,0.0013264976596660829
0.8800874741829668,0.748733850129199,1.0,0.0013264976952955343
0.8800874741829668,0.748785446025566,1.0,0.0013264977309249877
0.8800874741829668,0.7487983461107761,1.0,0.0013264977665544428
0.8800874741829668,0.7488112466404796,1.0,0.0013264978021839
0.8800874741829668,0.7488370490334585,1.0,0.001326497837813359
0.8800672255295023,0.7488327216967317,1.0,0.00132649787344282
0.8800672255295023,0.7488585261634418,1.0,0.001326497909072283
0.8800672255295023,0.7488714290637168,1.0,0.0013264979447017479
0.8800672255295023,0.7488843324086358,1.0,0.0013264979803312147
0.8800672255295023,0.7488972361982218,1.0,0.0013264980159606833
0.8800672255295023,0.7489101404324976,1.0,0.0013264980515901538
0.8800672255295023,0.7489230451114863,1.0,0.0013264980872196262
0.8800672255295023,0.748935950235211,1.0,0.0013264981228491006
0.8800672255295023,0.7489488558036945,1.0,0.001326498158478577
0.8800672255295023,0.74896176181696,1.0,0.0013264981941080553
0.8800672255295023,0.7490004825256773,1.0,0.0013264982297375354
0.8800672255295023,0.7490133903183,1.0,0.0013264982653670174
0.8800672255295023,0.7490262985558198,1.0,0.0013264983009965013
0.8800267282225732,0.7491854993018565,1.0,0.0013264983366259872
0.8800267282225732,0.7492242449317336,1.0,0.001326498372255475
0.8800267282225732,0.7492759120060686,1.0,0.001326498407884965
0.8800267282225732,0.7492888298881092,1.0,0.0013264984435144565
0.8800267282225732,0.7493017482155788,1.0,0.00132649847914395
0.8800064795691086,0.7493103448275862,1.0,0.0013264985147734454
0.8800064795691086,0.7493232641942102,1.0,0.0013264985504029428
0.8799862309156441,0.7493189420324838,1.0,0.0013264985860324421
0.8799862309156441,0.7493318619928617,1.0,0.0013264986216619432
0.8799862309156441,0.7493706245473669,1.0,0.0013264986572914465
0.879945733608715,0.7494782953624338,1.0,0.0013264986929209515
0.8799254849552505,0.7494739746817978,1.0,0.0013264987285504584
0.8799254849552505,0.7494998275267334,1.0,0.001326498764179967
0.8799254849552505,0.7495127546180513,1.0,0.001326498799809478
0.8799254849552505,0.7495386101385032,1.0,0.0013264988354389907
0.8799254849552505,0.7495515385676832,1.0,0.0013264988710685053
0.879905236301786,0.7495601476523959,1.0,0.0013264989066980217
0.879905236301786,0.7495860070378804,1.0,0.0013264989423275402
0.879905236301786,0.7495989373997344,1.0,0.0013264989779570606
0.879905236301786,0.7496506633084341,1.0,0.0013264990135865827
0.879905236301786,0.7496894624249534,1.0,0.001326499049216107
0.879905236301786,0.7497412008281573,1.0,0.001326499084845633
0.8798849876483213,0.7497498188343283,1.0,0.001326499120475161
0.8798647389948568,0.7497584374352957,1.0,0.0013264991561046909
0.8798444903413923,0.7497670566311212,1.0,0.0013264991917342228
0.8798444903413923,0.7497929320817228,1.0,0.0013264992273637564
0.8798444903413923,0.7498058704767822,1.0,0.0013264992629932922
0.8798444903413923,0.7498446883412715,1.0,0.0013264992986228297
0.8798242416879277,0.7498533117040003,1.0,0.0013264993342523691
0.8798242416879277,0.7498791937042661,1.0,0.0013264993698819106
0.8798242416879277,0.7499180200548834,1.0,0.0013264994055114537
0.8797432470740696,0.7500302104372745,1.0,0.001326499441140999
0.879682501113676,0.750094961842605,1.0,0.001326499476770546
0.879682501113676,0.7501079130479824,1.0,0.0013264995124000953
0.879682501113676,0.7501208647006009,1.0,0.0013264995480296463
0.8796420038067468,0.7501251877816725,1.0,0.001326499583659199
0.8796420038067468,0.7501381406271584,1.0,0.0013264996192887538
0.8796420038067468,0.7501510939199807,1.0,0.0013264996549183104
0.8796217551532823,0.7501467794854084,1.0,0.0013264996905478692
0.8796217551532823,0.7501597333747777,1.0,0.0013264997261774297
0.8796217551532823,0.750185642495726,1.0,0.0013264997618069921
0.8796217551532823,0.7501985977273512,1.0,0.0013264997974365565
0.8796217551532823,0.7502374661071102,1.0,0.0013264998330661227
0.8796217551532823,0.7502633805979171,1.0,0.001326499868695691
0.8795812578463532,0.7504102821013353,1.0,0.001326499904325261
0.8795610091928887,0.7504059703555264,1.0,0.001326499939954833
0.8795610091928887,0.7504189340934612,1.0,0.001326499975584407
0.8795610091928887,0.7504318982793172,1.0,0.0013265000112139829
0.8795610091928887,0.7504448629131178,1.0,0.0013265000468435605
0.8795610091928887,0.7504578279948861,1.0,0.0013265000824731403
0.8795610091928887,0.7504967259282296,1.0,0.0013265001181027218
0.8795407605394241,0.7504924150799959,1.0,0.0013265001537323053
0.8795407605394241,0.7505053821034262,1.0,0.0013265001893618907
0.8795407605394241,0.7505313174946004,1.0,0.0013265002249914781
0.8795407605394241,0.7505442858623907,1.0,0.0013265002606210673
0.8795407605394241,0.7505572546783474,1.0,0.0013265002962506585
0.8795407605394241,0.750583193654853,1.0,0.0013265003318802516
0.8795407605394241,0.7505961638154485,1.0,0.0013265003675098465
0.8795407605394241,0.7506610213427806,1.0,0.0013265004031394435
0.8795407605394241,0.7506739941932808,1.0,0.0013265004387690421
0.8795407605394241,0.7507129154352673,1.0,0.001326500474398643
0.8795407605394241,0.7507258900795023,1.0,0.0013265005100282455
0.8795407605394241,0.7507648167032511,1.0,0.00132650054565785
0.8795407605394241,0.7508037473640543,1.0,0.0013265005812874565
0.8795407605394241,0.7508167251482205,1.0,0.001326500616917065
0.8795205118859596,0.7508124178939363,1.0,0.0013265006525466753
0.8795205118859596,0.7508253962766417,1.0,0.0013265006881762874
0.8795205118859596,0.7508383751080381,1.0,0.0013265007238059015
0.8795205118859596,0.7508513543881484,1.0,0.0013265007594355175
0.8795205118859596,0.7508902949209971,1.0,0.0013265007950651355
0.8795205118859596,0.7509162575202268,1.0,0.0013265008306947554
0.8795205118859596,0.7509292394931106,1.0,0.0013265008663243772
0.8795205118859596,0.7509422219148716,1.0,0.0013265009019540008
0.8795205118859596,0.7509552047855328,1.0,0.0013265009375836264
0.8795002632324951,0.7509898507875581,1.0,0.0013265009732132541
0.8794800145790305,0.7509855453350854,1.0,0.0013265010088428834
0.8794800145790305,0.7510115157173981,1.0,0.0013265010444725148
0.8794800145790305,0.7510374878959746,1.0,0.0013265010801021481
0.8794800145790305,0.7510634618710013,1.0,0.0013265011157317832
0.8794800145790305,0.7511024262022931,1.0,0.0013265011513614203
0.8794800145790305,0.7511284046692607,1.0,0.0013265011869910593
0.8794800145790305,0.751154384933331,1.0,0.0013265012226207002
0.8794800145790305,0.751167375739338,1.0,0.001326501258250343
0.8794800145790305,0.7511803669946905,1.0,0.0013265012938799877
0.879459765925566,0.7512020478051817,1.0,0.0013265013295096345
0.8794192686186368,0.7512454161765724,1.0,0.001326501365139283
0.8794192686186368,0.7512584110290429,1.0,0.0013265014007689336
0.8794192686186368,0.7512714063310846,1.0,0.001326501436398586
0.8794192686186368,0.7512844020827207,1.0,0.0013265014720282402
0.8794192686186368,0.7512973982839746,1.0,0.0013265015076578965
0.8794192686186368,0.7513103949348695,1.0,0.0013265015432875546
0.8794192686186368,0.7513233920354289,1.0,0.0013265015789172146
0.8794192686186368,0.751336389585676,1.0,0.0013265016145468766
0.8794192686186368,0.7513623860353269,1.0,0.0013265016501765405
0.8794192686186368,0.7513753849347773,1.0,0.0013265016858062064
0.8794192686186368,0.7514143843319089,1.0,0.001326501721435874
0.8791762847770623,0.7518051010337126,1.0,0.0013265017570655436
0.8789737982424168,0.7520095627468644,1.0,0.0013265017926952151
0.8789333009354878,0.7520139983714765,1.0,0.0013265018283248886
0.8789333009354878,0.7520270270270271,1.0,0.001326501863954564
0.8789333009354878,0.7520400561340287,1.0,0.0013265018995842414
0.8789333009354878,0.7520661157024794,1.0,0.0013265019352139205
0.8789333009354878,0.7520791461639753,1.0,0.0013265019708436016
0.8789333009354878,0.752105208441626,1.0,0.0013265020064732846
0.8789333009354878,0.7521182402578275,1.0,0.0013265020421029696
0.8789333009354878,0.7521312725256446,1.0,0.0013265020777326565
0.8789333009354878,0.7521443052451006,1.0,0.0013265021133623451
0.8789333009354878,0.752157338416219,1.0,0.001326502148992036
0.8789130522820232,0.7521530437193505,1.0,0.0013265021846217285
0.8789130522820232,0.7521791117195488,1.0,0.001326502220251423
0.8789130522820232,0.7521921463972551,1.0,0.0013265022558811195
0.8789130522820232,0.7522182171079994,1.0,0.0013265022915108177
0.8788523063216296,0.7522183708838821,1.0,0.001326502327140518
0.8788523063216296,0.7522314078233592,1.0,0.0013265023627702201
0.8788523063216296,0.7522444452147388,1.0,0.0013265023983999242
0.8788523063216296,0.7522574830580446,1.0,0.0013265024340296302
0.8788320576681651,0.7522531891292291,1.0,0.0013265024696593381
0.8788320576681651,0.7522792664748501,1.0,0.001326502505289048
0.8788320576681651,0.7522923058256634,1.0,0.0013265025409187597
0.8788320576681651,0.75230534562851,1.0,0.0013265025765484735
0.8788320576681651,0.7523575093606989,1.0,0.001326502612178189
0.8788320576681651,0.7523705514240644,1.0,0.0013265026478079065
0.8788320576681651,0.7523835939396041,1.0,0.0013265026834376257
0.878791560361236,0.7523750086679148,1.0,0.0013265027190673471
0.8787308144008423,0.7524664921193626,1.0,0.0013265027546970703
0.8787308144008423,0.7524925872622289,1.0,0.0013265027903267956
0.8787308144008423,0.7525186842150896,1.0,0.0013265028259565226
0.8787308144008423,0.7525447829781331,1.0,0.0013265028615862516
0.8787308144008423,0.7525578330385322,1.0,0.0013265028972159823
0.8787308144008423,0.7525708835515478,1.0,0.0013265029328457152
0.8787308144008423,0.7525839345172031,1.0,0.0013265029684754498
0.8787308144008423,0.7525969859355219,1.0,0.0013265030041051864
0.8787308144008423,0.7526361429066944,1.0,0.001326503039734925
0.8787308144008423,0.7526622498178918,1.0,0.0013265030753646654
0.8787308144008423,0.752688358540308,1.0,0.0013265031109944078
0.8787308144008423,0.7527014135807822,1.0,0.0013265031466241522
0.8787105657473778,0.7527362925187768,1.0,0.0013265031822538983
0.8786498197869842,0.7527364823841657,1.0,0.0013265032178836464
0.8786498197869842,0.7527495402976789,1.0,0.0013265032535133964
0.8786498197869842,0.752801776482426,1.0,0.0013265032891431484
0.8786498197869842,0.7528278972935462,1.0,0.001326503324772902
0.8786498197869842,0.7528540199174156,1.0,0.001326503360402658
0.8786295711335196,0.7528627940870289,1.0,0.0013265033960324156
0.8786295711335196,0.7528889197348787,1.0,0.0013265034316621751
0.8786093224800551,0.752884632068433,1.0,0.0013265034672919366
0.8786093224800551,0.7528976957245974,1.0,0.0013265035029217
0.8786093224800551,0.7529238243970154,1.0,0.0013265035385514655
0.8785485765196615,0.7529632264894226,1.0,0.0013265035741812327
0.8785485765196615,0.7529893615175023,1.0,0.0013265036098110018
0.8785485765196615,0.7530024297119056,1.0,0.0013265036454407728
0.8785485765196615,0.7530285674615571,1.0,0.0013265036810705458
0.8785485765196615,0.7530416370168527,1.0,0.0013265037167003208
0.8785485765196615,0.7530547070258261,1.0,0.0013265037523300977
0.8785485765196615,0.7530677774885013,1.0,0.0013265037879598763
0.8785485765196615,0.7530808484049016,1.0,0.001326503823589657
0.8785485765196615,0.7530939197750508,1.0,0.0013265038592194394
0.878528327866197,0.7530896341040061,1.0,0.001326503894849224
0.878528327866197,0.7531157785106752,1.0,0.0013265039304790104
0.878528327866197,0.7531549985244849,1.0,0.0013265039661087986
0.878528327866197,0.7531942226234289,1.0,0.001326504001738589
0.878528327866197,0.7532072982309949,1.0,0.001326504037368381
0.878528327866197,0.7532203742925593,1.0,0.001326504072998175
0.878528327866197,0.7532596052014792,1.0,0.001326504108627971
0.8782650953711578,0.7536095908261663,1.0,0.001326504144257769
0.8782650953711578,0.7536226847829864,1.0,0.0013265041798875687
0.8782650953711578,0.7536357791948292,1.0,0.0013265042155173703
0.8782650953711578,0.7536488740617181,1.0,0.0013265042511471739
0.8782448467176933,0.7536445934909906,1.0,0.0013265042867769794
0.8782448467176933,0.7536576889661164,1.0,0.0013265043224067869
0.8782245980642287,0.7536796010217736,1.0,0.0013265043580365963
0.8782043494107642,0.7536753206130747,1.0,0.0013265043936664075
0.8782043494107642,0.7536884177600139,1.0,0.0013265044292962208
0.8781841007572997,0.7536972351111343,1.0,0.0013265044649260359
0.8781841007572997,0.7537103333217476,1.0,0.001326504500555853
0.8781841007572997,0.7537234319876263,1.0,0.0013265045361856717
0.8781841007572997,0.7537365311087939,1.0,0.0013265045718154926
0.8781638521038351,0.7537715517241379,1.0,0.0013265046074453152
0.8781436034503706,0.7537672720952464,1.0,0.00132650464307514
0.878123354796906,0.7537760937201259,1.0,0.0013265046787049666
0.878123354796906,0.7537891955781131,1.0,0.0013265047143347951
0.8781031061434414,0.7537849159583528,1.0,0.0013265047499646254
0.8781031061434414,0.7537980184251695,1.0,0.0013265047855944578
0.8781031061434414,0.7538111213474943,1.0,0.001326504821224292
0.8781031061434414,0.7538373285587637,1.0,0.001326504856854128
0.8781031061434414,0.7538635375923511,1.0,0.0013265048924839661
0.8781031061434414,0.7538766427925735,1.0,0.0013265049281138061
0.8781031061434414,0.7539028545599944,1.0,0.001326504963743648
0.8781031061434414,0.7539290681502087,1.0,0.001326504999373492
0.8781031061434414,0.7539552835634062,1.0,0.0013265050350033376
0.8781031061434414,0.7539946101017126,1.0,0.0013265050706331852
0.8781031061434414,0.7540077198595124,1.0,0.0013265051062630348
0.8781031061434414,0.7540208300732009,1.0,0.0013265051418928863
0.8780828574899769,0.754016553067186,1.0,0.0013265051775227395
0.8780828574899769,0.7540296638903862,1.0,0.001326505213152595
0.8780828574899769,0.7540558869046584,1.0,0.001326505248782452
0.8780828574899769,0.754068999095778,1.0,0.0013265052844123112
0.8780828574899769,0.7541083384053561,1.0,0.0013265053200421722
0.8780626088365123,0.7541040623260991,1.0,0.0013265053556720352
0.8780626088365123,0.7541171764951394,1.0,0.0013265053913019001
0.8780423601830478,0.7541391304347826,1.0,0.0013265054269317668
0.8780423601830478,0.7541522461260196,1.0,0.0013265054625616354
0.8780423601830478,0.7541784788771588,1.0,0.001326505498191506
0.8780423601830478,0.7542047134533437,1.0,0.0013265055338213786
0.8780423601830478,0.7542178314258879,1.0,0.001326505569451253
0.8780423601830478,0.7542309498547649,1.0,0.0013265056050811295
0.8780221115295833,0.7543185178742281,1.0,0.0013265056407110076
0.8780221115295833,0.7543447627994364,1.0,0.0013265056763408878
0.8780221115295833,0.7543578859469051,1.0,0.0013265057119707698
0.8780221115295833,0.754384133611691,1.0,0.0013265057476006539
0.8780221115295833,0.7543972581290558,1.0,0.0013265057832305398
0.8780221115295833,0.7544103831031003,1.0,0.0013265058188604276
0.8780221115295833,0.7544235085338483,1.0,0.0013265058544903174
0.8780221115295833,0.7544366344213237,1.0,0.001326505890120209
0.8780221115295833,0.7544628875665519,1.0,0.0013265059257501026
0.8780221115295833,0.7544760148243523,1.0,0.0013265059613799981
0.8780221115295833,0.7545022707104453,1.0,0.0013265059970098956
0.8780221115295833,0.7545285284240199,1.0,0.0013265060326397948
0.8780221115295833,0.754554787965267,1.0,0.001326506068269696
0.8780221115295833,0.7545679184213274,1.0,0.001326506103899599
0.8780221115295833,0.7545941807044411,1.0,0.0013265061395295041
0.8780221115295833,0.754607312531542,1.0,0.0013265061751594111
0.8780221115295833,0.7546204448157043,1.0,0.0013265062107893201
0.8780018628761187,0.7546161744487565,1.0,0.0013265062464192308
0.8780018628761187,0.7546687087735175,1.0,0.0013265062820491437
0.8780018628761187,0.754708114317541,1.0,0.0013265063176790583
0.8780018628761187,0.7547212504133813,1.0,0.0013265063533089748
0.8780018628761187,0.7547475239769543,1.0,0.0013265063889388931
0.8780018628761187,0.7547606614447345,1.0,0.0013265064245688136
0.8780018628761187,0.7547737993698759,1.0,0.0013265064601987358
0.8780018628761187,0.7547869377524021,1.0,0.0013265064958286601
0.8780018628761187,0.7548000765923373,1.0,0.0013265065314585862
0.8780018628761187,0.7548132158897051,1.0,0.0013265065670885143
0.8778196249949378,0.7550114073738657,1.0,0.001326506602718444
0.8776778844206861,0.7550867535363389,1.0,0.001326506638348376
0.8776171384602924,0.7550739534154457,1.0,0.0013265066739783097
0.8776171384602924,0.7550871080139373,1.0,0.0013265067096082453
0.8776171384602924,0.7551134185860134,1.0,0.0013265067452381829
0.8776171384602924,0.7551397309917067,1.0,0.0013265067808681224
0.8776171384602924,0.7551528878822197,1.0,0.001326506816498064
0.8776171384602924,0.7551792030386981,1.0,0.0013265068521280073
0.8775968898068278,0.7551880956944469,1.0,0.0013265068877579525
0.8775968898068278,0.7552012545739676,1.0,0.0013265069233878996
0.8775968898068278,0.7552144139120738,1.0,0.0013265069590178487
0.8775968898068278,0.7552275737087893,1.0,0.0013265069946477998
0.8775766411533633,0.7553286045417313,1.0,0.0013265070302777525
0.8775766411533633,0.75534176862212,1.0,0.0013265070659077074
0.8775766411533633,0.7553812636165578,1.0,0.0013265071015376641
0.8775766411533633,0.7553944295325409,1.0,0.0013265071371676227
0.8775766411533633,0.7554075959074826,1.0,0.0013265071727975833
0.8775766411533633,0.7554207627414069,1.0,0.0013265072084275458
0.8775766411533633,0.7554339300343379,1.0,0.0013265072440575103
0.8775361438464342,0.7554254039638132,1.0,0.0013265072796874765
0.8775361438464342,0.7554385720262167,1.0,0.0013265073153174447
0.8775158951929697,0.7554606467358145,1.0,0.0013265073509474148
0.8775158951929697,0.7554738163307998,1.0,0.0013265073865773868
0.8775158951929697,0.7554869863849519,1.0,0.0013265074222073609
0.8775158951929697,0.7555001568982951,1.0,0.0013265074578373368
0.8775158951929697,0.7555528435440566,1.0,0.0013265074934673145
0.8774956465395051,0.7556012763063833,1.0,0.0013265075290972942
0.8774956465395051,0.7556539782733788,1.0,0.0013265075647272758
0.8774956465395051,0.7556803320138804,1.0,0.0013265076003572593
0.8774956465395051,0.7556935095734664,1.0,0.0013265076359872448
0.8774956465395051,0.755706687592641,1.0,0.001326507671617232
0.8774956465395051,0.7557198660714286,1.0,0.0013265077072472215
0.8774753978860406,0.7557419647372735,1.0,0.0013265077428772126
0.8774753978860406,0.7557683252236698,1.0,0.0013265077785072057
0.8774551492325761,0.755803610360164,1.0,0.0013265078141372008
0.8774551492325761,0.7558167928279904,1.0,0.0013265078497671978
0.8774349005791114,0.755852084423513,1.0,0.0013265078853971965
0.8774349005791114,0.7558652688866019,1.0,0.0013265079210271972
0.8774349005791114,0.7558784538096567,1.0,0.0013265079566571998
0.8774349005791114,0.7558916391927015,1.0,0.0013265079922872044
0.8774349005791114,0.7559180113388574,1.0,0.001326508027917211
0.8774146519256469,0.7559269403206392,1.0,0.0013265080635472195
0.8774146519256469,0.7559401276996616,1.0,0.0013265080991772297
0.8773944032721824,0.7560018145020587,1.0,0.001326508134807242
0.8773944032721824,0.7560413867708897,1.0,0.0013265081704372562
0.8773944032721824,0.7560677705850535,1.0,0.0013265082060672723
0.8773944032721824,0.7561205437381123,1.0,0.0013265082416972901
0.8773944032721824,0.7561337381775032,1.0,0.00132650827732731
0.8773944032721824,0.7561733242587648,1.0,0.0013265083129573318
0.8773944032721824,0.7561997172824209,1.0,0.0013265083485873557
0.8773944032721824,0.7562261121485541,1.0,0.0013265083842173813
0.8773944032721824,0.7562393102726098,1.0,0.001326508419847409
0.8773944032721824,0.7562525088573573,1.0,0.0013265084554774382
0.8773741546187178,0.7562482546774644,1.0,0.0013265084911074697
0.8773741546187178,0.7562614538790471,1.0,0.001326508526737503
0.8773741546187178,0.756274653541383,1.0,0.001326508562367538
0.8773539059652533,0.7562835998045102,1.0,0.0013265085979975754
0.8773539059652533,0.7562968005445881,1.0,0.0013265086336276143
0.8773539059652533,0.7563100017455053,1.0,0.0013265086692576553
0.8773539059652533,0.7563496081135336,1.0,0.0013265087048876982
0.8772324140444661,0.756442938957955,1.0,0.001326508740517743
0.8772324140444661,0.7564561470901503,1.0,0.0013265087761477896
0.8772324140444661,0.7564825647383401,1.0,0.0013265088117778382
0.8772121653910016,0.7564783124956346,1.0,0.0013265088474078888
0.8772121653910016,0.7565047323018894,1.0,0.0013265088830379413
0.8772121653910016,0.7565179428970575,1.0,0.0013265089186679955
0.8772121653910016,0.7565311539536184,1.0,0.0013265089542980517
0.8772121653910016,0.7565575774510146,1.0,0.0013265089899281099
0.8772121653910016,0.7565840027942717,1.0,0.00132650902555817
0.8772121653910016,0.7566236442705695,1.0,0.001326509061188232
0.8772121653910016,0.7566368590191421,1.0,0.001326509096818296
0.8772121653910016,0.756650074229325,1.0,0.0013265091324483618
0.8772121653910016,0.7566632899011423,1.0,0.0013265091680784295
0.8771919167375369,0.7566590397009764,1.0,0.0013265092037084993
0.8771919167375369,0.756764782950476,1.0,0.0013265092393385707
0.8771919167375369,0.7568044442891583,1.0,0.0013265092749686442
0.8771919167375369,0.7568308874912648,1.0,0.0013265093105987197
0.8771919167375369,0.7568441097852863,1.0,0.001326509346228797
0.8771919167375369,0.7568573325413187,1.0,0.0013265093818588761
0.8771919167375369,0.7568705557593864,1.0,0.0013265094174889573
0.8771716680840724,0.7568663079180935,1.0,0.0013265094531190404
0.8771311707771433,0.7568842605535365,1.0,0.0013265094887491254
0.8771311707771433,0.7568974856284182,1.0,0.0013265095243792124
0.8771311707771433,0.7569107111654727,1.0,0.001326509560009301
0.8771311707771433,0.7569239371647242,1.0,0.0013265095956393918
0.8771311707771433,0.756937163626197,1.0,0.0013265096312694844
0.8771311707771433,0.7569900740947854,1.0,0.001326509666899579
0.8771311707771433,0.7570429919608529,1.0,0.0013265097025296755
0.8771311707771433,0.7570562225834077,1.0,0.0013265097381597738
0.8771311707771433,0.7570826852159324,1.0,0.001326509773789874
0.8771311707771433,0.7571091496985056,1.0,0.0013265098094199764
0.8771311707771433,0.7571223826336212,1.0,0.0013265098450500805
0.8771311707771433,0.7571488498916311,1.0,0.0013265098806801864
0.8771311707771433,0.7571620842145741,1.0,0.0013265099163102944
0.8771311707771433,0.7571885542484574,1.0,0.0013265099519404041
0.8771311707771433,0.7572017899594462,1.0,0.001326509987570516
0.8771311707771433,0.7572282627696395,1.0,0.0013265100232006297
0.8771109221236788,0.7572769706823307,1.0,0.0013265100588307453
0.8771109221236788,0.7572902097902098,1.0,0.0013265100944608629
0.8770906734702142,0.7572992062659534,1.0,0.0013265101300909822
0.8770704248167497,0.7573082033708651,1.0,0.0013265101657211037
0.8770704248167497,0.7573346854565164,1.0,0.0013265102013512269
0.8770704248167497,0.7573744120578413,1.0,0.001326510236981352
0.8770704248167497,0.7573876551844728,1.0,0.0013265102726114791
0.8770501761632852,0.7574628823251666,1.0,0.0013265103082416082
0.8770501761632852,0.7574761288517365,1.0,0.001326510343871739
0.8770501761632852,0.7574893758416257,1.0,0.0013265103795018717
0.8770501761632852,0.7575158712114588,1.0,0.0013265104151320066
0.8770501761632852,0.7575423684348602,1.0,0.0013265104507621433
0.8770299275098206,0.7575381278858262,1.0,0.0013265104863922818
0.8770299275098206,0.7575646272781335,1.0,0.0013265105220224222
0.8770096788563561,0.7575736374449031,1.0,0.0013265105576525647
0.8770096788563561,0.7575868884574347,1.0,0.001326510593282709
0.8769894302028916,0.7575958998758068,1.0,0.001326510628912855
0.8769691815494269,0.7575916596697453,1.0,0.0013265106645430032
0.8769691815494269,0.7576314178255926,1.0,0.0013265107001731533
0.8769691815494269,0.7576446714715556,1.0,0.0013265107358033054
0.8769691815494269,0.7576711801546482,1.0,0.0013265107714334591
0.8769084355890333,0.7576849729691901,1.0,0.001326510807063615
0.8769084355890333,0.7576982294072363,1.0,0.0013265108426937728
0.8769084355890333,0.7577114863091593,1.0,0.0013265108783239324
0.8769084355890333,0.7577247436749833,1.0,0.0013265109139540938
0.8768881869355688,0.7577205046104316,1.0,0.0013265109495842573
0.8768881869355688,0.7577337625979843,1.0,0.0013265109852144226
0.8768881869355688,0.7577602799650044,1.0,0.00132651102084459
0.8768881869355688,0.7577735393445205,1.0,0.0013265110564747592
0.8768881869355688,0.7578133202673853,1.0,0.0013265110921049303
0.8768679382821042,0.757809082159419,1.0,0.0013265111277351031
0.8768476896286397,0.7578446299504734,1.0,0.0013265111633652782
0.8738508889158871,0.7662914165986008,1.0,0.001326511198995455
0.8738508889158871,0.7663322383024062,1.0,0.0013265112346256339
0.8738508889158871,0.7663458465035338,1.0,0.0013265112702558145
0.8738508889158871,0.7663594551879672,1.0,0.0013265113058859971
0.8738508889158871,0.7663866740068548,1.0,0.0013265113415161815
0.8738306402624225,0.7663825253063399,1.0,0.001326511377146368
0.8738306402624225,0.7663961356088724,1.0,0.0013265114127765563
0.8738306402624225,0.7664369694171136,1.0,0.0013265114484067465
0.8738306402624225,0.7664505816534943,1.0,0.0013265114840369386
0.8738306402624225,0.7664641943734015,1.0,0.0013265115196671327
0.8738306402624225,0.7665186500888099,1.0,0.0013265115552973288
0.8738306402624225,0.7665322652267358,1.0,0.0013265115909275266
0.8738306402624225,0.7665458808483427,1.0,0.0013265116265577265
0.8738306402624225,0.7665594969536565,1.0,0.0013265116621879282
0.8738306402624225,0.7666003481720965,1.0,0.0013265116978181319
0.873810391608958,0.7666098202231223,1.0,0.0013265117334483375
0.873810391608958,0.7666370580920234,1.0,0.0013265117690785448
0.873810391608958,0.766650677752314,1.0,0.0013265118047087543
0.873810391608958,0.7667051612330106,1.0,0.0013265118403389656
0.873810391608958,0.7667187833131973,1.0,0.0013265118759691788
0.873810391608958,0.7667324058774407,1.0,0.001326511911599394
0.8737901429554935,0.7667418844725573,1.0,0.001326511947229611
0.8737901429554935,0.7667555081734186,1.0,0.00132651198285983
0.8737901429554935,0.7667827570276129,1.0,0.0013265120184900508
0.8737901429554935,0.7667963821809975,1.0,0.0013265120541202735
0.8737901429554935,0.7668508876370551,1.0,0.0013265120897504982
0.8737901429554935,0.7668645152118283,1.0,0.0013265121253807249
0.8737293969950998,0.7669338641736132,1.0,0.0013265121610109534
0.8737293969950998,0.7669474956453735,1.0,0.001326512196641184
0.8737293969950998,0.7669747600426591,1.0,0.0013265122322714163
0.8737293969950998,0.7669883929682362,1.0,0.0013265122679016505
0.8737293969950998,0.7670156602733882,1.0,0.0013265123035318867
0.8737293969950998,0.7670429295173762,1.0,0.0013265123391621248
0.8737293969950998,0.7670565648664984,1.0,0.0013265123747923649
0.8737091483416353,0.7670660598734267,1.0,0.0013265124104226067
0.8737091483416353,0.7671206087327549,1.0,0.0013265124460528506
0.8736888996881708,0.767116468433872,1.0,0.0013265124816830964
0.8736888996881708,0.7671301070298332,1.0,0.001326512517313344
0.8736888996881708,0.7671437461107654,1.0,0.0013265125529435937
0.8736888996881708,0.7671573856766944,1.0,0.001326512588573845
0.8736888996881708,0.7671710257276461,1.0,0.0013265126242040985
0.8736888996881708,0.7671846662636463,1.0,0.0013265126598343538
0.8736888996881708,0.7671983072847212,1.0,0.001326512695464611
0.8736686510347061,0.7671941678520626,1.0,0.0013265127310948702
0.8736686510347061,0.7672078095271965,1.0,0.0013265127667251313
0.8736686510347061,0.7672214516874711,1.0,0.0013265128023553943
0.8736686510347061,0.7672350943329125,1.0,0.0013265128379856591
0.8736686510347061,0.7672760251804958,1.0,0.0013265128736159259
0.8736686510347061,0.7673033148385261,1.0,0.0013265129092461946
0.8736686510347061,0.7673169603955113,1.0,0.0013265129448764652
0.8736686510347061,0.7673578999786583,1.0,0.0013265129805067378
0.8736686510347061,0.7673715474771907,1.0,0.0013265130161370124
0.8736484023812416,0.7673674100949739,1.0,0.0013265130517672887
0.8736484023812416,0.7673810582481103,1.0,0.001326513087397567
0.8736281537277771,0.767376920887877,1.0,0.0013265131230278471
0.8736079050743125,0.7674000818199606,1.0,0.0013265131586581293
0.873587656420848,0.7674778524922617,1.0,0.0013265131942884134
0.8735674077673835,0.7674737160443313,1.0,0.0013265132299186994
0.8735674077673835,0.7675146771037182,1.0,0.0013265132655489872
0.8735674077673835,0.7675283317618175,1.0,0.001326513301179277
0.8735269104604544,0.7675337152617159,1.0,0.0013265133368095686
0.8735269104604544,0.7675473712303176,1.0,0.0013265133724398622
0.8734864131535253,0.7675390993363344,1.0,0.0013265134080701578
0.8734864131535253,0.7675664134090141,1.0,0.0013265134437004552
0.8734864131535253,0.7675800711743772,1.0,0.0013265134793307544
0.8734256671931316,0.7676359624145785,1.0,0.0013265135149610559
0.8733851698862025,0.7677369976148944,1.0,0.001326513550591359
0.8733851698862025,0.7677506630355458,1.0,0.001326513586221664
0.8733851698862025,0.7677779953363356,1.0,0.001326513621851971
0.8733851698862025,0.7677916622165261,1.0,0.00132651365748228
0.8733851698862025,0.7678053295832814,1.0,0.0013265136931125908
0.8733851698862025,0.7678189974366277,1.0,0.0013265137287429036
0.8733851698862025,0.767832665776591,1.0,0.0013265137643732182
0.8733851698862025,0.7678463346031972,1.0,0.0013265138000035349
0.8733851698862025,0.7678736737164423,1.0,0.0013265138356338532
0.8733851698862025,0.7679146860367818,1.0,0.0013265138712641737
0.873364921232738,0.7679105540521294,1.0,0.001326513906894496
0.873364921232738,0.767937898372681,1.0,0.0013265139425248202
0.8733446725792735,0.7679884617439148,1.0,0.0013265139781551464
0.8733446725792735,0.7680294882296378,1.0,0.0013265140137854745
0.8733244239258089,0.7680390341192392,1.0,0.0013265140494158043
0.8733244239258089,0.7680663888592086,1.0,0.0013265140850461364
0.8733244239258089,0.7680937455477989,1.0,0.0013265141206764701
0.8733244239258089,0.7681484647716749,1.0,0.0013265141563068058
0.8733244239258089,0.7681758273073772,1.0,0.0013265141919371435
0.8733244239258089,0.7682031917925335,1.0,0.001326514227567483
0.8733244239258089,0.768216874766222,1.0,0.0013265142631978244
0.8733244239258089,0.7682305582273521,1.0,0.0013265142988281677
0.8733244239258089,0.7682579266120413,1.0,0.0013265143344585132
0.8733244239258089,0.7682989828455385,1.0,0.0013265143700888604
0.8733041752723444,0.7682948553512897,1.0,0.0013265144057192093
0.8732839266188799,0.7683044144368831,1.0,0.0013265144413495604
0.8732636779654153,0.7683139742036628,1.0,0.0013265144769799135
0.8732434293119508,0.7683235346517014,1.0,0.0013265145126102682
0.8732434293119508,0.7683372231823121,1.0,0.001326514548240625
0.8732434293119508,0.7683509122006842,1.0,0.0013265145838709837
0.8732434293119508,0.768391982182628,1.0,0.0013265146195013443
0.8732434293119508,0.7684193646098747,1.0,0.0013265146551317067
0.8732434293119508,0.7684330565553615,1.0,0.0013265146907620712
0.8732231806584863,0.7684426229508197,1.0,0.0013265147263924375
0.8732231806584863,0.768456316042695,1.0,0.0013265147620228057
0.8731826833515571,0.76850284247857,1.0,0.001326514797653176
0.8731624346980926,0.7685124128958671,1.0,0.001326514833283548
0.873142186044628,0.7685082872928177,1.0,0.0013265148689139221
0.873142186044628,0.7685219839954375,1.0,0.001326514904544298
0.8731219373911635,0.7685178584159121,1.0,0.0013265149401746757
0.8730814400842344,0.76856440055613,1.0,0.0013265149758050555
0.8730814400842344,0.7685781002121175,1.0,0.0013265150114354371
0.8730814400842344,0.7685918003565062,1.0,0.0013265150470658208
0.8730814400842344,0.7686055009893225,1.0,0.0013265150826962063
0.8730814400842344,0.7686192021105922,1.0,0.0013265151183265936
0.8730814400842344,0.7686329037203415,1.0,0.001326515153956983
0.8730814400842344,0.7686466058185967,1.0,0.0013265151895873741
0.8730814400842344,0.7686877150446579,1.0,0.0013265152252177673
0.8730814400842344,0.7687151236383734,1.0,0.0013265152608481624
0.872919450856518,0.7689563526746696,1.0,0.0013265152964785593
0.8727979589357308,0.7690688172426713,1.0,0.0013265153321089583
0.8727777102822663,0.7690646968561539,1.0,0.001326515367739359
0.8727777102822663,0.7690784191274869,1.0,0.0013265154033697618
0.8727777102822663,0.7690921418885162,1.0,0.0013265154390001664
0.8727777102822663,0.769105865139268,1.0,0.0013265154746305728
0.8727777102822663,0.7691195888797687,1.0,0.0013265155102609814
0.8727574616288016,0.7691154690316019,1.0,0.0013265155458913917
0.8727574616288016,0.7691291934332619,1.0,0.001326515581521804
0.8727574616288016,0.7691566437060566,1.0,0.0013265156171522181
0.8727574616288016,0.7691703695772436,1.0,0.0013265156527826343
0.8727574616288016,0.7691840959383254,1.0,0.0013265156884130522
0.8727574616288016,0.7692115501302781,1.0,0.0013265157240434722
0.8727169643218726,0.7692719581630285,1.0,0.001326515759673894
0.8727169643218726,0.7692856887873487,1.0,0.0013265157953043177
0.8727169643218726,0.7692994199018296,1.0,0.0013265158309347434
0.8727169643218726,0.7693406161864982,1.0,0.001326515866565171
0.8726359697080144,0.7693516138246216,1.0,0.0013265159021956007
0.8726157210545499,0.769374966525628,1.0,0.001326515937826032
0.8726157210545499,0.7694024388066629,1.0,0.0013265159734564653
0.8726157210545499,0.7694161756829138,1.0,0.0013265160090869005
0.8726157210545499,0.7694299130496884,1.0,0.0013265160447173377
0.8726157210545499,0.7694573892549146,1.0,0.0013265160803477768
0.8726157210545499,0.7694711280934186,1.0,0.0013265161159782177
0.8726157210545499,0.7694986072423399,1.0,0.0013265161516086608
0.8726157210545499,0.7695260883539874,1.0,0.0013265161872391055
0.8726157210545499,0.7695398296458992,1.0,0.0013265162228695523
0.8725549750941562,0.7696374352562958,1.0,0.001326516258500001
0.8725549750941562,0.7696649281988998,1.0,0.0013265162941304514
0.8725549750941562,0.7696786754067909,1.0,0.001326516329760904
0.8725549750941562,0.7697061712958828,1.0,0.0013265163653913583
0.8725549750941562,0.7697199199771363,1.0,0.0013265164010218145
0.8725549750941562,0.7697336691495633,1.0,0.0013265164366522727
0.8725549750941562,0.76974741881319,1.0,0.001326516472282733
0.8725549750941562,0.7697749196141479,1.0,0.001326516507913195
0.8725347264406917,0.7697845582193005,1.0,0.0013265165435436589
0.8725347264406917,0.7697983100201868,1.0,0.001326516579174125
0.8725347264406917,0.7698120623124196,1.0,0.0013265166148045927
0.8725347264406917,0.769825815096025,1.0,0.0013265166504350624
0.8725347264406917,0.7698808311447,1.0,0.001326516686065534
0.8725347264406917,0.7698945863855637,1.0,0.0013265167216960074
0.8724942291337626,0.7699001197134026,1.0,0.001326516757326483
0.872473980480298,0.769951038204496,1.0,0.0013265167929569603
0.872473980480298,0.7699923158026413,1.0,0.0013265168285874396
0.8724537318268335,0.7699882054397942,1.0,0.0013265168642179208
0.8724537318268335,0.7700019657951641,1.0,0.001326516899848404
0.8724537318268335,0.7700294879814137,1.0,0.0013265169354788888
0.8724537318268335,0.7700845382566889,1.0,0.0013265169711093757
0.8724537318268335,0.7700983020554066,1.0,0.0013265170067398647
0.8724537318268335,0.7701120663461367,1.0,0.0013265170423703554
0.8724537318268335,0.7701395964037393,1.0,0.0013265170780008481
0.872433483173369,0.7702456290893489,1.0,0.0013265171136313425
0.872433483173369,0.7702593989666947,1.0,0.0013265171492618391
0.872433483173369,0.7702731693363845,1.0,0.0013265171848923375
0.8724132345199044,0.7702690623044606,1.0,0.0013265172205228378
0.8724132345199044,0.7702828333392927,1.0,0.00132651725615334
0.8724132345199044,0.7702966048665367,1.0,0.0013265172917838442
0.8724132345199044,0.770310376886219,1.0,0.0013265173274143503
0.8724132345199044,0.7703241493983658,1.0,0.0013265173630448582
0.8724132345199044,0.7703379224030038,1.0,0.0013265173986753683
0.8722309966387235,0.7705903398926655,1.0,0.00132651743430588
0.8722309966387235,0.7706179111953916,1.0,0.0013265174699363938
0.8722309966387235,0.7706316975866325,1.0,0.0013265175055669094
0.8722309966387235,0.7706454844711608,1.0,0.0013265175411974269
0.8722309966387235,0.7706592718490026,1.0,0.0013265175768279464
0.8722309966387235,0.7706868480847333,1.0,0.0013265176124584678
0.8722309966387235,0.7707006369426752,1.0,0.001326517648088991
0.8722309966387235,0.7707282161388441,1.0,0.0013265176837195163
0.8722309966387235,0.7707971727655005,1.0,0.0013265177193500434
0.8722309966387235,0.770810965571541,1.0,0.0013265177549805723
0.8722309966387235,0.770824758871213,1.0,0.0013265177906111034
0.8722309966387235,0.7708385526645432,1.0,0.0013265178262416362
0.8722309966387235,0.7708523469515578,1.0,0.001326517861872171
0.8722309966387235,0.7708799370067467,1.0,0.0013265178975027077
0.8721904993317945,0.7708993288590604,1.0,0.0013265179331332464
0.8721904993317945,0.7709131259619859,1.0,0.0013265179687637868
0.8721904993317945,0.7709821188852494,1.0,0.0013265180043943294
0.8721904993317945,0.770995918951815,1.0,0.0013265180400248737
0.8721904993317945,0.7710097195124134,1.0,0.00132651807565542
0.8721702506783299,0.7710470257594472,1.0,0.0013265181112859681
0.8721702506783299,0.7710746316750505,1.0,0.001326518146916518
0.8721500020248654,0.7710843373493976,1.0,0.0013265181825470702
0.8721500020248654,0.7710981417164954,1.0,0.001326518218177624
0.8721500020248654,0.7711257519335434,1.0,0.0013265182538081798
0.8721500020248654,0.7711395577835467,1.0,0.0013265182894387376
0.8721095047179362,0.7712004010886693,1.0,0.0013265183250692973
0.8721095047179362,0.7712142102530127,1.0,0.001326518360699859
0.8721095047179362,0.7712418300653595,1.0,0.0013265183963304223
0.8721095047179362,0.7712556407134159,1.0,0.0013265184319609879
0.8721095047179362,0.7712694518560965,1.0,0.0013265184675915552
0.8720892560644717,0.7712653558253644,1.0,0.0013265185032221244
0.8720892560644717,0.7712791676366827,1.0,0.0013265185388526956
0.8720892560644717,0.7712929799426934,1.0,0.0013265185744832685
0.8720690074110071,0.7713303245218139,1.0,0.0013265186101138436
0.8720487587575426,0.7713814905697551,1.0,0.0013265186457444204
0.8720285101040781,0.7713773956654129,1.0,0.0013265186813749992
0.8720082614506135,0.771373300614376,1.0,0.00132651871700558
0.8720082614506135,0.7713871175754102,1.0,0.0013265187526361626
0.871988012797149,0.7714244769274864,1.0,0.001326518788266747
0.871988012797149,0.7714659357589437,1.0,0.0013265188238973337
0.871988012797149,0.7715073990469025,1.0,0.001326518859527922
0.871988012797149,0.7715212211333464,1.0,0.0013265188951585123
0.8719677641436845,0.7715309504613456,1.0,0.0013265189307891045
0.8719677641436845,0.7715724217014263,1.0,0.0013265189664196987
0.8719677641436845,0.7716000716717434,1.0,0.0013265190020502946
0.8719677641436845,0.7716277236238532,1.0,0.0013265190376808924
0.8719677641436845,0.771641550343147,1.0,0.0013265190733114925
0.8719677641436845,0.7717245210659307,1.0,0.0013265191089420942
0.8719677641436845,0.7717383512544803,1.0,0.0013265191445726977
0.8719677641436845,0.7717660131187498,1.0,0.0013265191802033034
0.8719677641436845,0.771779844794523,1.0,0.001326519215833911
0.8719475154902199,0.7717757545343752,1.0,0.0013265192514645204
0.8719475154902199,0.7717895868805449,1.0,0.0013265192870951317
0.8719272668367554,0.7717854966483851,1.0,0.001326519322725745
0.8719272668367554,0.7718131631775165,1.0,0.0013265193583563602
0.8718665208763617,0.7718562337545936,1.0,0.0013265193939869773
0.8718462722228971,0.7718521439839381,1.0,0.0013265194296175962
0.8718462722228971,0.771865980675116,1.0,0.001326519465248217
0.8718462722228971,0.7718798178623929,1.0,0.0013265195008788399
0.8718260235694326,0.7718757282945806,1.0,0.0013265195365094646
0.8717855262625035,0.7718675487190519,1.0,0.0013265195721400913
0.8717855262625035,0.7719090648307516,1.0,0.00132651960777072
0.8717855262625035,0.7719229045271179,1.0,0.0013265196434013504
0.8717855262625035,0.7719505854087103,1.0,0.0013265196790319827
0.8717855262625035,0.7719644265939898,1.0,0.0013265197146626172
0.871765277609039,0.771960337809973,1.0,0.0013265197502932533
0.871765277609039,0.7719741796664874,1.0,0.0013265197859238915
0.8714008018466772,0.7725795738111053,1.0,0.0013265198215545316
0.87127930992589,0.7727215587680704,1.0,0.0013265198571851735
0.87127930992589,0.7727770693773459,1.0,0.0013265198928158173
0.87127930992589,0.772790948275862,1.0,0.0013265199284464631
0.87127930992589,0.7728464688555212,1.0,0.0013265199640771109
0.87127930992589,0.772860350246969,1.0,0.0013265199997077605
0.87127930992589,0.7728742321370837,1.0,0.0013265200353384122
0.87127930992589,0.7729158807996982,1.0,0.0013265200709690656
0.87127930992589,0.7729436490686019,1.0,0.0013265201065997209
0.87127930992589,0.7729575339512826,1.0,0.0013265201422303782
0.87127930992589,0.7729714193328183,1.0,0.0013265201778610374
0.87127930992589,0.772985305213236,1.0,0.0013265202134916986
0.8712590612724254,0.773092333399213,1.0,0.0013265202491223615
0.8712590612724254,0.7731062239471036,1.0,0.0013265202847530264
0.8712388126189609,0.7731577150455518,1.0,0.0013265203203836934
0.8712388126189609,0.7731855019856602,1.0,0.0013265203560143622
0.8712388126189609,0.7731993962047153,1.0,0.0013265203916450327
0.8712388126189609,0.7732271861409625,1.0,0.0013265204272757054
0.8712388126189609,0.7732410818582083,1.0,0.0013265204629063798
0.8712185639654962,0.7733203925374744,1.0,0.0013265204985370563
0.8712185639654962,0.7733481918182472,1.0,0.0013265205341677347
0.8712185639654962,0.7733620922081423,1.0,0.001326520569798415
0.8712185639654962,0.773375993097746,1.0,0.001326520605429097
0.8712185639654962,0.773389894487085,1.0,0.001326520641059781
0.8712185639654962,0.7734316016537839,1.0,0.001326520676690467
0.8712185639654962,0.773445505042334,1.0,0.001326520712321155
0.8712185639654962,0.7735150294836761,1.0,0.0013265207479518449
0.8712185639654962,0.7735289358718516,1.0,0.0013265207835825366
0.8711983153120317,0.7736083141542003,1.0,0.00132652081921323
0.8711780666585672,0.7736181537023051,1.0,0.0013265208548439258
0.8711780666585672,0.7736320644453635,1.0,0.0013265208904746232
0.8711780666585672,0.7736459756887003,1.0,0.0013265209261053227
0.8711780666585672,0.7736598874323425,1.0,0.001326520961736024
0.8711578180051026,0.773655817299047,1.0,0.001326520997366727
0.8711578180051026,0.7736836426413466,1.0,0.0013265210329974323
0.8711578180051026,0.7737114699852534,1.0,0.0013265210686281394
0.8710160774308509,0.773836079729438,1.0,0.0013265211042588483
0.8710160774308509,0.7738500008994909,1.0,0.0013265211398895591
0.8710160774308509,0.7738917674150835,1.0,0.001326521175520272
0.8710160774308509,0.7739056905888491,1.0,0.0013265212111509867
0.8710160774308509,0.7739335384393947,1.0,0.0013265212467817034
0.8710160774308509,0.7739474631162289,1.0,0.0013265212824124218
0.8710160774308509,0.7739613882941399,1.0,0.0013265213180431422
0.8709148341635281,0.7742057420574205,1.0,0.0013265213536738647
0.8709148341635281,0.7742196781509882,1.0,0.001326521389304589
0.8709148341635281,0.7742336147462783,1.0,0.001326521424935315
0.8709148341635281,0.774247551843318,1.0,0.0013265214605660432
0.8709148341635281,0.7742614894421342,1.0,0.0013265214961967731
0.8709148341635281,0.7742893661452052,1.0,0.0013265215318275052
0.8709148341635281,0.774303305249514,1.0,0.001326521567458239
0.8708945855100636,0.7743271221532091,1.0,0.0013265216030889748
0.870874336856599,0.7743648835995031,1.0,0.0013265216387197123
0.870874336856599,0.7743788260712999,1.0,0.001326521674350452
0.870874336856599,0.7744067125211567,1.0,0.0013265217099811934
0.8708540882031345,0.774402650485262,1.0,0.001326521745611937
0.8708540882031345,0.7744165946413137,1.0,0.0013265217812426823
0.8708540882031345,0.774486322954746,1.0,0.0013265218168734296
0.8708540882031345,0.7745002701242572,1.0,0.0013265218525041786
0.8708540882031345,0.774570013507429,1.0,0.0013265218881349297
0.8708540882031345,0.7745839636913767,1.0,0.0013265219237656826
0.8708540882031345,0.7745979143778254,1.0,0.0013265219593964375
0.8708540882031345,0.7746118655668024,1.0,0.0013265219950271945
0.8708135908962054,0.7746176984455772,1.0,0.001326522030657953
0.8708135908962054,0.7746316509960733,1.0,0.0013265220662887138
0.8708135908962054,0.7746595576050148,1.0,0.0013265221019194764
0.8708135908962054,0.7746735116635144,1.0,0.0013265221375502408
0.8708135908962054,0.774687466224736,1.0,0.0013265221731810072
0.8708135908962054,0.7747014212887071,1.0,0.0013265222088117755
0.8708135908962054,0.7747153768554547,1.0,0.0013265222444425457
0.8708135908962054,0.7747293329250059,1.0,0.001326522280073318
0.8708135908962054,0.7747432894973879,1.0,0.001326522315704092
0.8708135908962054,0.7747572465726279,1.0,0.0013265223513348678
0.8708135908962054,0.7747712041507531,1.0,0.0013265223869656456
0.8708135908962054,0.7748270394926492,1.0,0.0013265224225964254
0.8708135908962054,0.774840999585608,1.0,0.0013265224582272072
0.8708135908962054,0.774854960181615,1.0,0.0013265224938579909
0.8708135908962054,0.7748828828828829,1.0,0.0013265225294887763
0.8708135908962054,0.7749108075966702,1.0,0.0013265225651195637
0.8708135908962054,0.7749247707083265,1.0,0.0013265226007503532
0.8708135908962054,0.7749387343231945,1.0,0.0013265226363811443
0.8708135908962054,0.7749666630626735,1.0,0.0013265226720119375
0.8708135908962054,0.7749945938153248,1.0,0.0013265227076427327
0.8707933422427409,0.7750045053162732,1.0,0.0013265227432735296
0.8707933422427409,0.7750184721296113,1.0,0.0013265227789043285
0.8707730935892763,0.7750423530259886,1.0,0.0013265228145351294
0.8707528449358117,0.7750802061929996,1.0,0.0013265228501659321
0.8707528449358117,0.7751081470800288,1.0,0.0013265228857967369
0.8707528449358117,0.7751500621879337,1.0,0.0013265229214275435
0.8707528449358117,0.7751780081117621,1.0,0.001326522957058352
0.8707325962823472,0.7752019036631094,1.0,0.0013265229926891623
0.8707325962823472,0.7752578063027331,1.0,0.0013265230283199746
0.8706920989754181,0.7753615348552058,1.0,0.001326523063950789
0.8706920989754181,0.7753755161656779,1.0,0.0013265230995816051
0.8706920989754181,0.7754174631225881,1.0,0.001326523135212423
0.8706920989754181,0.7754454302820457,1.0,0.001326523170843243
0.8706920989754181,0.7754594146183117,1.0,0.001326523206474065
0.8706920989754181,0.7754873848040542,1.0,0.001326523242104889
0.8706718503219536,0.7754973217667321,1.0,0.0013265232777357144
0.8706718503219536,0.7755252953377221,1.0,0.0013265233133665422
0.8706516016684891,0.7755492226110169,1.0,0.0013265233489973718
0.8706516016684891,0.7755772005772006,1.0,0.0013265233846282032
0.8706516016684891,0.7755911903172856,1.0,0.0013265234202590366
0.8706516016684891,0.775647154324885,1.0,0.0013265234558898719
0.8701048880249463,0.77660305067592,1.0,0.0013265234915207091
0.8701048880249463,0.7766170862626737,1.0,0.0013265235271515481
0.8701048880249463,0.7766311223567685,1.0,0.0013265235627823893
0.8701048880249463,0.7766591960670908,1.0,0.0013265235984132322
0.8701048880249463,0.776687271807107,1.0,0.001326523634044077
0.8701048880249463,0.7767293892232887,1.0,0.0013265236696749238
0.8700846393714818,0.776739393720287,1.0,0.0013265237053057726
0.8700846393714818,0.7767534345625452,1.0,0.001326523740936623
0.8700846393714818,0.7767674759124351,1.0,0.0013265237765674757
0.8700846393714818,0.7767815177699845,1.0,0.00132652381219833
0.8700846393714818,0.7768096030081713,1.0,0.0013265238478291864
0.8700846393714818,0.7768236463888638,1.0,0.0013265238834600447
0.8700846393714818,0.7768657795776684,1.0,0.0013265239190909048
0.8700846393714818,0.7768798249896043,1.0,0.001326523954721767
0.8700846393714818,0.7769079173371423,1.0,0.0013265239903526309
0.8700846393714818,0.7769219642727996,1.0,0.0013265240259834968
0.8700846393714818,0.7769500596680288,1.0,0.0013265240616143646
0.8700846393714818,0.7769641081276557,1.0,0.0013265240972452344
0.8700846393714818,0.7769781570953277,1.0,0.001326524132876106
0.8700643907180172,0.7769881740262559,1.0,0.0013265241685069796
0.8700643907180172,0.7770022241912443,1.0,0.0013265242041378552
0.8700643907180172,0.7770162748643761,1.0,0.0013265242397687326
0.8700643907180172,0.7770303260456789,1.0,0.001326524275399612
0.8700441420645527,0.7770825044308605,1.0,0.0013265243110304932
0.8700441420645527,0.7771527790338042,1.0,0.0013265243466613762
0.8700441420645527,0.7771668354796701,1.0,0.0013265243822922614
0.8700238934110882,0.7771768621350794,1.0,0.0013265244179231483
0.8700238934110882,0.7771909197793253,1.0,0.0013265244535540371
0.8700238934110882,0.7772049779321323,1.0,0.001326524489184928
0.8700238934110882,0.7772471554421954,1.0,0.0013265245248158207
0.8700238934110882,0.7772612156295224,1.0,0.0013265245604467152
0.8700238934110882,0.7772752763255486,1.0,0.001326524596077612
0.8700238934110882,0.7772893375303014,1.0,0.0013265246317085103
0.8700238934110882,0.7773033992438084,1.0,0.0013265246673394107
0.8700238934110882,0.7773315241971959,1.0,0.001326524702970313
0.8700238934110882,0.7773455874371313,1.0,0.0013265247386012172
0.8700238934110882,0.7773596511859316,1.0,0.0013265247742321232
0.86994289879723,0.7774560720942437,1.0,0.0013265248098630314
0.86994289879723,0.7774701411509229,1.0,0.0013265248454939413
0.86994289879723,0.7775123513762963,1.0,0.0013265248811248531
0.86994289879723,0.7775264224699581,1.0,0.001326524916755767
0.8699226501437655,0.7775223961632431,1.0,0.0013265249523866827
0.8699226501437655,0.7776209093541848,1.0,0.0013265249880176002
0.8699226501437655,0.7776349847050519,1.0,0.0013265250236485196
0.8699024014903008,0.7776309597074902,1.0,0.0013265250592794412
0.8699024014903008,0.7776450357498416,1.0,0.0013265250949103646
0.8699024014903008,0.7776591123017884,1.0,0.0013265251305412896
0.8699024014903008,0.7776731893633583,1.0,0.0013265251661722169
0.8698821528368363,0.7777113995546625,1.0,0.001326525201803146
0.8698821528368363,0.7777254788370325,1.0,0.001326525237434077
0.8698821528368363,0.7777395586291798,1.0,0.00132652527306501
0.8698619041833718,0.7777777777777778,1.0,0.0013265253086959447
0.8698619041833718,0.7778481929456073,1.0,0.0013265253443268815
0.8698619041833718,0.7778622775091893,1.0,0.00132652537995782
0.8698619041833718,0.7778763625828414,1.0,0.0013265254155887607
0.8698619041833718,0.7779045342604665,1.0,0.0013265254512197032
0.8698619041833718,0.7779186208644948,1.0,0.0013265254868506475
0.8698214068764427,0.7781219432670362,1.0,0.0013265255224815939
0.8698214068764427,0.7781360384023186,1.0,0.0013265255581125421
0.8698214068764427,0.778192424050289,1.0,0.0013265255937434921
0.8698011582229782,0.7781884057971015,1.0,0.0013265256293744443
0.8698011582229782,0.7782025036685447,1.0,0.0013265256650053982
0.8698011582229782,0.7782307009438919,1.0,0.0013265257006363541
0.8697809095695136,0.7782266830929777,1.0,0.001326525736267312
0.8697809095695136,0.7782407826795905,1.0,0.0013265257718982717
0.8697809095695136,0.7782689833855743,1.0,0.0013265258075292332
0.8696189203417972,0.7784907644062574,1.0,0.0013265258431601969
0.8696189203417972,0.7785189884890782,1.0,0.0013265258787911623
0.8696189203417972,0.778533101297948,1.0,0.0013265259144221297
0.8696189203417972,0.7785472146184943,1.0,0.001326525950053099
0.8695986716883327,0.7785432000290055,1.0,0.00132652598568407
0.8695784230348682,0.7785391852939577,1.0,0.0013265260213150432
0.8695581743814036,0.7786198643797367,1.0,0.0013265260569460182
0.8695581743814036,0.7786480997969248,1.0,0.001326526092576995
0.8695581743814036,0.7786622182734674,1.0,0.001326526128207974
0.8695581743814036,0.7786763372620127,1.0,0.0013265261638389547
0.8695581743814036,0.7786904567625886,1.0,0.0013265261994699375
0.8695581743814036,0.7787469398857557,1.0,0.001326526235100922
0.8695581743814036,0.7787610619469026,1.0,0.0013265262707319086
0.8695581743814036,0.7787893076058177,1.0,0.001326526306362897
0.8695581743814036,0.7788175553137469,1.0,0.0013265263419938874
0.8695581743814036,0.7788316799361613,1.0,0.0013265263776248797
0.8695581743814036,0.7788458050709129,1.0,0.0013265264132558737
0.8695581743814036,0.7788740568775392,1.0,0.00132652644888687
0.8695581743814036,0.7788881835494695,1.0,0.0013265264845178678
0.8695581743814036,0.7789023107338484,1.0,0.0013265265201488677
0.8695581743814036,0.7789588245964085,1.0,0.0013265265557798696
0.8695581743814036,0.778972954343449,1.0,0.0013265265914108734
0.8695581743814036,0.7790153466603781,1.0,0.0013265266270418789
0.8695379257279391,0.7790113378684808,1.0,0.0013265266626728866
0.8695379257279391,0.7790254698497932,1.0,0.001326526698303896
0.8695176770744746,0.7790214610960942,1.0,0.0013265267339349074
0.8695176770744746,0.7790355937738108,1.0,0.0013265267695659207
0.8695176770744746,0.7790497269643148,1.0,0.0013265268051969358
0.8694164338071518,0.7791003610894377,1.0,0.001326526840827953
0.8694164338071518,0.7791710521540304,1.0,0.001326526876458972
0.8694164338071518,0.7792417560479846,1.0,0.0013265269120899931
0.8694164338071518,0.7792558983666061,1.0,0.001326526947721016
0.8694164338071518,0.7792700411985698,1.0,0.0013265269833520406
0.8694164338071518,0.7792841845439036,1.0,0.0013265270189830674
0.8694164338071518,0.7793124727747931,1.0,0.001326527054614096
0.8694164338071518,0.7793549089721017,1.0,0.0013265270902451266
0.8694164338071518,0.779369055398243,1.0,0.001326527125876159
0.8690722066982546,0.7797540105008811,1.0,0.0013265271615071933
0.8690722066982546,0.779768177028451,1.0,0.0013265271971382297
0.8690519580447901,0.7797783430232558,1.0,0.001326527232769268
0.8690519580447901,0.7797925107650938,1.0,0.001326527268400308
0.8690519580447901,0.7798208477933027,1.0,0.0013265273040313499
0.8690519580447901,0.7798633571973689,1.0,0.0013265273396623938
0.8690519580447901,0.7798775280286374,1.0,0.0013265273752934396
0.8690317093913255,0.7798876996601916,1.0,0.0013265274109244875
0.869011460737861,0.7799120447772043,1.0,0.0013265274465555372
0.869011460737861,0.7799262180384176,1.0,0.0013265274821865887
0.869011460737861,0.7799545661063153,1.0,0.0013265275178176422
0.869011460737861,0.7799687409130561,1.0,0.0013265275534486978
0.869011460737861,0.779982916235029,1.0,0.001326527589079755
0.869011460737861,0.779997092072262,1.0,0.0013265276247108142
0.869011460737861,0.7800254452926209,1.0,0.0013265276603418755
0.8689912120843963,0.7800498027882291,1.0,0.0013265276959729384
0.8689912120843963,0.7800639813872328,1.0,0.0013265277316040034
0.8689912120843963,0.7800923401316029,1.0,0.0013265277672350703
0.8689912120843963,0.7801207009379771,1.0,0.0013265278028661391
0.8689912120843963,0.7801490638065807,1.0,0.00132652783849721
0.8689709634309318,0.7802869143075328,1.0,0.0013265278741282826
0.8689304661240027,0.7803640595733847,1.0,0.0013265279097593571
0.8689304661240027,0.7803782505910165,1.0,0.0013265279453904336
0.8689304661240027,0.7803924421247886,1.0,0.001326527981021512
0.8689304661240027,0.780406634174729,1.0,0.0013265280166525923
0.8689304661240027,0.7804492134218424,1.0,0.0013265280522836746
0.8689304661240027,0.7804634075367379,1.0,0.0013265280879147586
0.8689102174705382,0.7804594147281887,1.0,0.0013265281235458446
0.8689102174705382,0.7804736095449419,1.0,0.0013265281591769327
0.8689102174705382,0.7804878048780488,1.0,0.0013265281948080226
0.8689102174705382,0.7805020007275373,1.0,0.0013265282304391142
0.8689102174705382,0.7805161970934357,1.0,0.001326528266070208
0.8688697201636091,0.7806218050173734,1.0,0.0013265283017013035
0.8688697201636091,0.7806360064037258,1.0,0.0013265283373324012
0.8688494715101446,0.7806320155729801,1.0,0.0013265283729635006
0.8688494715101446,0.7806462176618273,1.0,0.001326528408594602
0.8688494715101446,0.7806604202674429,1.0,0.0013265284442257053
0.8688494715101446,0.7806746233898552,1.0,0.0013265284798568103
0.8688494715101446,0.7806888270290923,1.0,0.0013265285154879175
0.8688494715101446,0.780717235858154,1.0,0.0013265285511190265
0.8688292228566801,0.7807274513728416,1.0,0.0013265285867501374
0.8688292228566801,0.7808553230209281,1.0,0.0013265286223812503
0.8688292228566801,0.7808837446312877,1.0,0.001326528658012365
0.8688292228566801,0.7809121683107051,1.0,0.0013265286936434816
0.8688292228566801,0.7809263809263809,1.0,0.0013265287292746001
0.8688292228566801,0.780940594059406,1.0,0.0013265287649057208
0.8688292228566801,0.7809974517655625,1.0,0.0013265288005368432
0.8688292228566801,0.7810116674857569,1.0,0.0013265288361679675
0.8688292228566801,0.7810258837234701,1.0,0.0013265288717990936
0.8688292228566801,0.7810543177515654,1.0,0.0013265289074302219
0.8688292228566801,0.7810827538500746,1.0,0.0013265289430613519
0.8688292228566801,0.781096972675805,1.0,0.0013265289786924838
0.8688292228566801,0.781139632259239,1.0,0.0013265290143236177
0.8688089742032155,0.7811356478362977,1.0,0.0013265290499547536
0.8688089742032155,0.7811783126388231,1.0,0.0013265290855858914
0.8686064876685701,0.7814799970851855,1.0,0.0013265291212170309
0.8686064876685701,0.7814942340274362,1.0,0.0013265291568481726
0.8686064876685701,0.7815084714884314,1.0,0.001326529192479316
0.8686064876685701,0.7815227094681995,1.0,0.0013265292281104614
0.8685862390151055,0.7815329677337074,1.0,0.0013265292637416088
0.868565990361641,0.7815432267468343,1.0,0.0013265292993727578
0.8685254930547118,0.7816207154181168,1.0,0.001326529335003909
0.8685254930547118,0.7816349588162402,1.0,0.001326529370635062
0.8685254930547118,0.7816492027334851,1.0,0.001326529406266217
0.8685052444012473,0.7816879590311823,1.0,0.0013265294418973738
0.8685052444012473,0.7817306991324634,1.0,0.0013265294775285327
0.8685052444012473,0.7817449468715257,1.0,0.0013265295131596932
0.8684647470943182,0.7817512394284047,1.0,0.001326529548790856
0.8684242497873892,0.7818145359753541,1.0,0.0013265295844220204
0.8684242497873892,0.7818430407437791,1.0,0.0013265296200531869
0.8684242497873892,0.7818715475908337,1.0,0.0013265296556843552
0.8684242497873892,0.7819000565167453,1.0,0.0013265296913155256
0.8684242497873892,0.7819143117593437,1.0,0.0013265297269466976
0.8684242497873892,0.7819428238039673,1.0,0.0013265297625778718
0.8684040011339246,0.7819388480682626,1.0,0.0013265297982090478
0.8684040011339246,0.7819531050577982,1.0,0.0013265298338402257
0.8684040011339246,0.781967362567235,1.0,0.0013265298694714056
0.8684040011339246,0.7819958791459256,1.0,0.0013265299051025872
0.8684040011339246,0.7820101382152365,1.0,0.001326529940733771
0.8683837524804601,0.7820346833457941,1.0,0.0013265299763649565
0.8683837524804601,0.7820632054999361,1.0,0.0013265300119961441
0.8683837524804601,0.7820774673572106,1.0,0.0013265300476273335
0.8683837524804601,0.7820917297346586,1.0,0.0013265300832585247
0.8683837524804601,0.7821487844467546,1.0,0.001326530118889718
0.8683837524804601,0.7821773149245838,1.0,0.0013265301545209132
0.868343255173531,0.7823976938935615,1.0,0.0013265301901521102
0.8683230065200664,0.7823937237730341,1.0,0.0013265302257833092
0.8683230065200664,0.7824079986863471,1.0,0.00132653026141451
0.8683230065200664,0.7824365500757202,1.0,0.001326530297045713
0.8683230065200664,0.7824508265518374,1.0,0.0013265303326769175
0.8683230065200664,0.7824651035489463,1.0,0.0013265303683081243
0.8683027578666018,0.7824611342237793,1.0,0.0013265304039393327
0.8683027578666018,0.7824754119300038,1.0,0.0013265304395705432
0.8683027578666018,0.7825182481751825,1.0,0.0013265304752017556
0.8682825092131373,0.7825571209577341,1.0,0.00132653051083297
0.8682825092131373,0.7825714025002282,1.0,0.001326530546464186
0.8682622605596728,0.7826388508642246,1.0,0.0013265305820954042
0.8682420119062082,0.7826348835511426,1.0,0.0013265306177266242
0.8682420119062082,0.7826491685983902,1.0,0.0013265306533578462
0.8682420119062082,0.782663454167123,1.0,0.00132653068898907
0.8682420119062082,0.782706314002519,1.0,0.0013265307246202959
0.8682420119062082,0.7827348898340666,1.0,0.0013265307602515234
0.8682217632527437,0.7827452125814637,1.0,0.0013265307958827532
0.8682217632527437,0.7827595019898499,1.0,0.0013265308315139846
0.8682015145992792,0.7827555360826625,1.0,0.001326530867145218
0.8682015145992792,0.782769826201256,1.0,0.0013265309027764534
0.8681812659458146,0.7827658603377453,1.0,0.0013265309384076908
0.8681812659458146,0.7827801511666119,1.0,0.0013265309740389298
0.8681812659458146,0.7828087343898342,1.0,0.0013265310096701708
0.8681610172923501,0.7828047689470705,1.0,0.001326531045301414
0.8679990280646337,0.7829160046024876,1.0,0.001326531080932659
0.8678775361438464,0.7829923273657289,1.0,0.0013265311165639056
0.8678775361438464,0.7830495469161064,1.0,0.0013265311521951544
0.8678775361438464,0.7830781598275295,1.0,0.001326531187826405
0.8678775361438464,0.7831067748300812,1.0,0.0013265312234576577
0.8678775361438464,0.7831210831156018,1.0,0.0013265312590889122
0.8678775361438464,0.7831497012552759,1.0,0.0013265312947201686
0.8678572874903819,0.7831600489703437,1.0,0.001326531330351427
0.8678572874903819,0.7831743595366005,1.0,0.001326531365982687
0.8678370388369173,0.7831703974417542,1.0,0.0013265314016139493
0.8678370388369173,0.7831847087201228,1.0,0.0013265314372452133
0.8677965415299883,0.7832054093567251,1.0,0.0013265314728764792
0.8677965415299883,0.7832197225826495,1.0,0.0013265315085077471
0.8677762928765237,0.7832300747482501,1.0,0.001326531544139017
0.8677762928765237,0.7832443892097376,1.0,0.0013265315797702886
0.8677762928765237,0.7832587041944622,1.0,0.0013265316154015623
0.8677762928765237,0.7832873357337379,1.0,0.0013265316510328378
0.8677762928765237,0.7833016522883463,1.0,0.0013265316866641153
0.8677762928765237,0.7833159693663065,1.0,0.0013265317222953947
0.8677762928765237,0.7833302869676476,1.0,0.001326531757926676
0.8677560442230592,0.7833263265641851,1.0,0.001326531793557959
0.8677560442230592,0.7833406448782628,1.0,0.0013265318291892443
0.8677357955695946,0.783436928702011,1.0,0.0013265318648205313
0.8677155469161301,0.7834329695241229,1.0,0.0013265319004518202
0.8677155469161301,0.7834472924055724,1.0,0.0013265319360831111
0.8676952982626656,0.7834433332723916,1.0,0.0013265319717144038
0.8676952982626656,0.7834576568670469,1.0,0.0013265320073456985
0.8676952982626656,0.7834719809854649,1.0,0.001326532042976995
0.8676750496092009,0.7834680220865177,1.0,0.0013265320786082935
0.8676750496092009,0.7834823469182528,1.0,0.001326532114239594
0.8676750496092009,0.7834966722738244,1.0,0.0013265321498708964
0.8676750496092009,0.7835109981532611,1.0,0.0013265321855022007
0.8676750496092009,0.783539651483845,1.0,0.0013265322211335067
0.8676548009557364,0.7835930070953112,1.0,0.001326532256764815
0.8676345523022719,0.7836033795398851,1.0,0.001326532292396125
0.8676345523022719,0.7836320409656181,1.0,0.0013265323280274369
0.8676345523022719,0.7836607044880939,1.0,0.0013265323636587507
0.8676345523022719,0.7836750370356823,1.0,0.0013265323992900663
0.8676345523022719,0.7837037037037037,1.0,0.0013265324349213841
0.8676345523022719,0.7837180378241944,1.0,0.0013265324705527036
0.8676143036488073,0.7837284167398303,1.0,0.001326532506184025
0.8676143036488073,0.7837570879824401,1.0,0.0013265325418153485
0.8675940549953428,0.7837818062084987,1.0,0.0013265325774466739
0.8675333090349492,0.7838846604215457,1.0,0.001326532613078001
0.8675333090349492,0.7838990028359711,1.0,0.0013265326487093302
0.8675333090349492,0.7839133457752406,1.0,0.0013265326843406612
0.8675130603814847,0.7839093919821418,1.0,0.0013265327199719942
0.8675130603814847,0.7839380798155569,1.0,0.001326532755603329
0.8675130603814847,0.7839524245196706,1.0,0.0013265327912346657
0.8675130603814847,0.7839811155028547,1.0,0.0013265328268660045
0.8675130603814847,0.7839954617819825,1.0,0.001326532862497345
0.8675130603814847,0.7840385037698558,1.0,0.0013265328981286878
0.8674725630745556,0.7841454039609035,1.0,0.0013265329337600322
0.8674320657676264,0.784223629773368,1.0,0.0013265329693913784
0.8674320657676264,0.7842379862700228,1.0,0.0013265330050227268
0.8674320657676264,0.7842523432923257,1.0,0.001326533040654077
0.8674118171141619,0.7842771095366251,1.0,0.0013265330762854291
0.8674118171141619,0.7842914683266203,1.0,0.001326533111916783
0.8674118171141619,0.7843201874839797,1.0,0.001326533147548139
0.8673915684606973,0.7844167734847097,1.0,0.001326533183179497
0.8673308225003037,0.7845198630011538,1.0,0.0013265332188108568
0.8673308225003037,0.7845629716462744,1.0,0.0013265332544422183
0.8673308225003037,0.7845773422474586,1.0,0.0013265332900735819
0.8673308225003037,0.7845917133750961,1.0,0.0013265333257049476
0.8673105738468392,0.7845877676625208,1.0,0.0013265333613363148
0.8673105738468392,0.7846165118792475,1.0,0.0013265333969676842
0.8673105738468392,0.7846596321535869,1.0,0.0013265334325990555
0.8673105738468392,0.7846740066316156,1.0,0.0013265334682304286
0.8672498278864456,0.7847340552227047,1.0,0.0013265335038618038
0.8672498278864456,0.7847484334347173,1.0,0.0013265335394931808
0.8672498278864456,0.7847771914394606,1.0,0.0013265335751245597
0.8672498278864456,0.7848347137726307,1.0,0.0013265336107559404
0.8672498278864456,0.7848490956735262,1.0,0.0013265336463873232
0.8672498278864456,0.784863478101521,1.0,0.0013265336820187078
0.8672498278864456,0.7848778610566439,1.0,0.0013265337176500945
0.867229579232981,0.7849026866546934,1.0,0.001326533753281483
0.867229579232981,0.7849314566380764,1.0,0.0013265337889128731
0.8672093305795164,0.7849419009567098,1.0,0.0013265338245442655
0.8672093305795164,0.7849562874580744,1.0,0.0013265338601756598
0.8672093305795164,0.7849994501264709,1.0,0.0013265338958070559
0.8672093305795164,0.7850426175419302,1.0,0.001326533931438454
0.8672093305795164,0.7850570077354547,1.0,0.0013265339670698538
0.8672093305795164,0.7850713984565468,1.0,0.0013265340027012558
0.8672093305795164,0.7851145737855179,1.0,0.0013265340383326596
0.8672093305795164,0.7851721482785172,1.0,0.0013265340739640652
0.8671890819260519,0.7851682097350812,1.0,0.001326534109595473
0.8671890819260519,0.7851826048694632,1.0,0.0013265341452268825
0.8671890819260519,0.7851970005316906,1.0,0.001326534180858294
0.8671688332725874,0.7852074586091198,1.0,0.0013265342164897073
0.8671485846191228,0.7852323150830613,1.0,0.0013265342521211225
0.8671485846191228,0.7852611119260672,1.0,0.0013265342877525398
0.8671485846191228,0.7852755111396351,1.0,0.0013265343233839588
0.8671485846191228,0.7853043111510462,1.0,0.0013265343590153798
0.8671485846191228,0.7853475151292866,1.0,0.0013265343946468027
0.8671283359656583,0.7854011921137093,1.0,0.0013265344302782276
0.8671283359656583,0.7854300020174972,1.0,0.0013265344659096543
0.8647187462033775,0.7913755721512888,1.0,0.001326534501541083
0.8647187462033775,0.7913902375745895,1.0,0.0013265345371725136
0.8647187462033775,0.7914049035414465,1.0,0.001326534572803946
0.8647187462033775,0.7914195700518903,1.0,0.0013265346084353805
0.8647187462033775,0.7914342371059508,1.0,0.001326534644066817
0.8647187462033775,0.7914489047036584,1.0,0.0013265346796982552
0.8647187462033775,0.7914635728450433,1.0,0.0013265347153296953
0.8647187462033775,0.7914929107589658,1.0,0.0013265347509611373
0.8646984975499129,0.7914890462245616,1.0,0.0013265347865925813
0.8646984975499129,0.7915037161974311,1.0,0.0013265348222240272
0.8646782488964484,0.7914998517200474,1.0,0.0013265348578554751
0.8646782488964484,0.7915291936978684,1.0,0.0013265348934869247
0.8646782488964484,0.7915585378512642,1.0,0.0013265349291183765
0.8646782488964484,0.7915732107438782,1.0,0.00132653496474983
0.8646782488964484,0.7915878841804768,1.0,0.0013265350003812855
0.8646782488964484,0.7916172326857481,1.0,0.001326535036012743
0.8646580002429839,0.7916280449371548,1.0,0.001326535071644202
0.8646580002429839,0.7916573971078976,1.0,0.0013265351072756634
0.8646580002429839,0.7916867514553747,1.0,0.0013265351429071265
0.8646580002429839,0.7917161079798279,1.0,0.0013265351785385915
0.8646377515895193,0.7917416053251256,1.0,0.0013265352141700584
0.8646377515895193,0.791756285693095,1.0,0.0013265352498015273
0.8646377515895193,0.7917709666054774,1.0,0.0013265352854329982
0.8646175029360548,0.7917817871646053,1.0,0.0013265353210644708
0.8645972542825902,0.7917779261237206,1.0,0.0013265353566959456
0.8645770056291257,0.7917740649396406,1.0,0.001326535392327422
0.8645770056291257,0.7918034306907742,1.0,0.0013265354279589005
0.864516259668732,0.7918505879298193,1.0,0.0013265354635903807
0.864516259668732,0.7918799614214704,1.0,0.001326535499221863
0.864516259668732,0.7919387149428698,1.0,0.0013265355348533472
0.864516259668732,0.7919534046855001,1.0,0.0013265355704848334
0.8644555137083384,0.7919859011223449,1.0,0.0013265356061163214
0.8644555137083384,0.7920152867187356,1.0,0.0013265356417478114
0.8644555137083384,0.7920299803346814,1.0,0.001326535677379303
0.8644555137083384,0.7920446744958349,1.0,0.0013265357130107969
0.8644555137083384,0.7920593692022263,1.0,0.0013265357486422925
0.8644555137083384,0.7921328509138139,1.0,0.0013265357842737902
0.8644555137083384,0.79214754889227,1.0,0.0013265358199052897
0.8644150164014093,0.7922721452034964,1.0,0.0013265358555367911
0.8644150164014093,0.7922868490404958,1.0,0.0013265358911682943
0.8644150164014093,0.7923162583518931,1.0,0.0013265359267997997
0.8644150164014093,0.7923309638263516,1.0,0.0013265359624313067
0.8644150164014093,0.7923603764129405,1.0,0.0013265359980628158
0.8644150164014093,0.7923750835251318,1.0,0.0013265360336943267
0.8644150164014093,0.7923897911832947,1.0,0.0013265360693258397
0.8644150164014093,0.7924044993874596,1.0,0.0013265361049573546
0.8643947677479448,0.7924006459636552,1.0,0.0013265361405888712
0.8643137731340866,0.7924440731458275,1.0,0.00132653617622039
0.8642732758271575,0.7924657915746087,1.0,0.0013265362118519105
0.8642530271736929,0.7924766519987374,1.0,0.001326536247483433
0.8642530271736929,0.7924913661851536,1.0,0.0013265362831149574
0.8642530271736929,0.792550228395291,1.0,0.0013265363187464835
0.8642327785202284,0.7925758110341498,1.0,0.0013265363543780119
0.8642327785202284,0.7925905292479108,1.0,0.001326536390009542
0.8642125298667639,0.792586677561329,1.0,0.001326536425641074
0.8642125298667639,0.7926161160324623,1.0,0.001326536461272608
0.8641112865994411,0.792744092732947,1.0,0.0013265364969041438
0.8641112865994411,0.7927735463496192,1.0,0.0013265365325356817
0.8641112865994411,0.7928324601493701,1.0,0.0013265365681672213
0.8641112865994411,0.792861920332937,1.0,0.0013265366037987628
0.8641112865994411,0.7928766512457499,1.0,0.0013265366394303064
0.8641112865994411,0.7928913827059567,1.0,0.0013265366750618518
0.8640910379459766,0.7928875346054514,1.0,0.0013265367106933992
0.8640910379459766,0.7929022668153103,1.0,0.0013265367463249486
0.8640910379459766,0.7929169995726416,1.0,0.0013265367819564997
0.8640910379459766,0.792931732877476,1.0,0.0013265368175880527
0.8640910379459766,0.7929464667298437,1.0,0.0013265368532196077
0.864070789292512,0.7929426192953768,1.0,0.0013265368888511647
0.864070789292512,0.7929573538976122,1.0,0.0013265369244827236
0.864070789292512,0.793031035123583,1.0,0.0013265369601142842
0.8640505406390475,0.7930566654896203,1.0,0.001326536995745847
0.864030291985583,0.7930528193881723,1.0,0.0013265370313774115
0.864030291985583,0.7930675587770654,1.0,0.001326537067008978
0.864030291985583,0.7930970391985577,1.0,0.0013265371026405465
0.864030291985583,0.7931117802312182,1.0,0.0013265371382721167
0.8640100433321184,0.7931374189111322,1.0,0.001326537173903689
0.8640100433321184,0.7931521617904012,1.0,0.001326537209535263
0.8640100433321184,0.7931669052177631,1.0,0.0013265372451668391
0.8640100433321184,0.7932111387887125,1.0,0.001326537280798417
0.8640100433321184,0.7932701245584681,1.0,0.001326537316429997
0.8640100433321184,0.7932848723716746,1.0,0.001326537352061579
0.8639897946786539,0.7932957777901724,1.0,0.0013265373876931625
0.8639897946786539,0.7933252765640978,1.0,0.0013265374233247483
0.8639897946786539,0.7933695288386449,1.0,0.0013265374589563359
0.8639695460251893,0.793365686766702,1.0,0.0013265374945879253
0.8639695460251893,0.7933951914315996,1.0,0.0013265375302195165
0.8639695460251893,0.7934394525438857,1.0,0.00132653756585111
0.8639695460251893,0.7934542073454207,1.0,0.001326537601482705
0.8639695460251893,0.7934837185948338,1.0,0.0013265376371143023
0.8639492973717248,0.79353890790061,1.0,0.0013265376727459013
0.8639290487182603,0.7935645866269878,1.0,0.0013265377083775023
0.8639088000647956,0.7935607469682315,1.0,0.001326537744009105
0.8639088000647956,0.79357550731916,1.0,0.0013265377796407099
0.8639088000647956,0.7935902682191883,1.0,0.0013265378152723165
0.8639088000647956,0.7936050296683469,1.0,0.0013265378509039253
0.8638885514113311,0.7936159526776911,1.0,0.0013265378865355358
0.8637468108370794,0.793869689017922,1.0,0.0013265379221671482
0.863584821609363,0.7941198376345288,1.0,0.0013265379577987624
0.8635645729558984,0.7941160040964529,1.0,0.0013265379934303788
0.8635645729558984,0.7941307910025324,1.0,0.0013265380290619969
0.8635443243024339,0.7941269575256503,1.0,0.001326538064693617
0.8635443243024339,0.794141745186399,1.0,0.001326538100325239
0.8635038269955048,0.7941784457232247,1.0,0.0013265381359568629
0.8635038269955048,0.7941932359952324,1.0,0.0013265381715884888
0.8634835783420403,0.7941894031101593,1.0,0.0013265382072201164
0.8634430810351111,0.7941817369117017,1.0,0.0013265382428517462
0.8634430810351111,0.7941965283468673,1.0,0.0013265382784833778
0.8634430810351111,0.794285288529598,1.0,0.0013265383141150113
0.8634430810351111,0.7943000838222968,1.0,0.0013265383497466467
0.8634228323816466,0.7943406419403514,1.0,0.001326538385378284
0.8634025837281821,0.7943664070941541,1.0,0.0013265384210099233
0.8634025837281821,0.7943812061031726,1.0,0.0013265384566415643
0.8633823350747175,0.7943921751280857,1.0,0.0013265384922732074
0.8633823350747175,0.7944069754443492,1.0,0.0013265385279048524
0.863362086421253,0.7944327476663375,1.0,0.0013265385635364993
0.863362086421253,0.7944475498416247,1.0,0.001326538599168148
0.863362086421253,0.7944623525685218,1.0,0.0013265386347997988
0.863362086421253,0.7945215689928259,1.0,0.0013265386704314514
0.863362086421253,0.794536374478235,1.0,0.001326538706063106
0.863362086421253,0.7945659871044687,1.0,0.0013265387416947624
0.863362086421253,0.7945807942453551,1.0,0.0013265387773264208
0.8633418377677884,0.7945769660827432,1.0,0.001326538812958081
0.8633418377677884,0.7946065824294607,1.0,0.0013265388485897433
0.8633418377677884,0.7946213914307546,1.0,0.0013265388842214074
0.8633418377677884,0.7946362009840465,1.0,0.0013265389198530734
0.8632405945004658,0.7947800149142431,1.0,0.0013265389554847414
0.8632203458470011,0.7948058243376773,1.0,0.0013265389911164113
0.8632203458470011,0.7948651017097682,1.0,0.001326539026748083
0.8632000971935366,0.794861276849642,1.0,0.0013265390623797568
0.8631798485400721,0.7948574518468796,1.0,0.0013265390980114324
0.8631595998866075,0.7948832699336168,1.0,0.0013265391336431099
0.8631191025796785,0.7948904428904429,1.0,0.0013265391692747893
0.8631191025796785,0.7949052662986722,1.0,0.0013265392049064705
0.8631191025796785,0.7949200902597766,1.0,0.001326539240538154
0.8631191025796785,0.794949739840734,1.0,0.001326539276169839
0.8631191025796785,0.794964565460649,1.0,0.001326539311801526
0.8631191025796785,0.7949793916335627,1.0,0.001326539347433215
0.8630988539262139,0.7949903948374583,1.0,0.001326539383064906
0.8630786052727494,0.7949865711727843,1.0,0.001326539418696599
0.8630786052727494,0.7950013988622587,1.0,0.0013265394543282936
0.8630786052727494,0.7950162271048606,1.0,0.0013265394899599902
0.8630786052727494,0.7950310559006211,1.0,0.001326539525591689
0.8630786052727494,0.7950903766158668,1.0,0.0013265395612233894
0.8630786052727494,0.7951200402932452,1.0,0.0013265395968550917
0.8630381079658203,0.7951272293112455,1.0,0.001326539632486796
0.8629976106588911,0.7951492537313433,1.0,0.0013265396681185022
0.8629773620054266,0.7951602671741483,1.0,0.0013265397037502105
0.8629773620054266,0.7951899395477274,1.0,0.0013265397393819205
0.8629571133519621,0.7952009553308206,1.0,0.0013265397750136325
0.8629571133519621,0.7952157931073088,1.0,0.0013265398106453463
0.8629368646984975,0.7952119719361098,1.0,0.0013265398462770622
0.8629368646984975,0.7952268104719076,1.0,0.0013265398819087798
0.8629368646984975,0.795271329402105,1.0,0.0013265399175404994
0.8629368646984975,0.7952861701532088,1.0,0.0013265399531722211
0.8629368646984975,0.7953010114582167,1.0,0.0013265399888039444
0.8626533835499939,0.7956782399193172,1.0,0.0013265400244356698
0.8626331348965294,0.7957487345200516,1.0,0.0013265400600673972
0.8626331348965294,0.7957933276048866,1.0,0.0013265400956991263
0.8626331348965294,0.7958230591048345,1.0,0.0013265401313308574
0.8626128862430649,0.7958192449235023,1.0,0.0013265401669625904
0.8626128862430649,0.7958489790580807,1.0,0.0013265402025943254
0.8626128862430649,0.7958638469586011,1.0,0.0013265402382260623
0.8626128862430649,0.7958787154146505,1.0,0.001326540273857801
0.8626128862430649,0.795908453993461,1.0,0.0013265403094895418
0.8625521402826712,0.7960011211809773,1.0,0.0013265403451212844
0.8625521402826712,0.7960159958141795,1.0,0.001326540380753029
0.8625521402826712,0.7960457467483929,1.0,0.0013265404163847754
0.8625521402826712,0.7960606230494665,1.0,0.0013265404520165236
0.8625521402826712,0.7960903773197032,1.0,0.001326540487648274
0.8625521402826712,0.7961052552889287,1.0,0.001326540523280026
0.8625521402826712,0.7961201338142673,1.0,0.00132654055891178
0.8625521402826712,0.7961350128957501,1.0,0.0013265405945435361
0.8625521402826712,0.7961498925334081,1.0,0.001326540630175294
0.8625521402826712,0.7961647727272727,1.0,0.0013265406658070538
0.8625521402826712,0.7961945347837464,1.0,0.0013265407014388156
0.8625318916292066,0.7962949115788687,1.0,0.0013265407370705792
0.8625318916292066,0.7963395711428091,1.0,0.0013265407727023448
0.8625116429757421,0.7963357636941485,1.0,0.0013265408083341123
0.8624913943222776,0.7963766219197547,1.0,0.0013265408439658817
0.8624913943222776,0.7963915116387772,1.0,0.001326540879597653
0.8624913943222776,0.7964064019145913,1.0,0.0013265409152294263
0.8624913943222776,0.7964212927472281,1.0,0.0013265409508612014
0.8624913943222776,0.796451076083095,1.0,0.0013265409864929784
0.8624913943222776,0.7964659685863874,1.0,0.0013265410221247574
0.8624913943222776,0.7964957552638469,1.0,0.0013265410577565384
0.8624913943222776,0.7965106494380761,1.0,0.001326541093388321
0.862430648361884,0.7965141286256615,1.0,0.0013265411290201057
0.8624103997084194,0.7965252192777393,1.0,0.0013265411646518925
0.8624103997084194,0.7965401159528708,1.0,0.001326541200283681
0.8623901510549549,0.7965959038623398,1.0,0.0013265412359154715
0.8623901510549549,0.7966406045415435,1.0,0.0013265412715472637
0.8623901510549549,0.7966853102377522,1.0,0.001326541307179058
0.8623699024014903,0.7967113139778509,1.0,0.0013265413428108542
0.8623699024014903,0.7967560286606926,1.0,0.0013265413784426523
0.8623699024014903,0.7967709346703584,1.0,0.0013265414140744523
0.8623699024014903,0.7967858412377692,1.0,0.0013265414497062543
0.8623699024014903,0.7968752923566284,1.0,0.0013265414853380582
0.8623699024014903,0.7969200254481494,1.0,0.001326541520969864
0.8623699024014903,0.7969349375947307,1.0,0.0013265415566016715
0.8623699024014903,0.7969498502994012,1.0,0.001326541592233481
0.8623496537480257,0.7969907927240063,1.0,0.0013265416278652926
0.8622686591341676,0.7969755951489744,1.0,0.001326541663497106
0.8622686591341676,0.7970203447565929,1.0,0.0013265416991289215
0.8622686591341676,0.7970650993898102,1.0,0.0013265417347607387
0.8622686591341676,0.7970949386043725,1.0,0.001326541770392558
0.8622686591341676,0.7971397016154695,1.0,0.001326541806024379
0.8622686591341676,0.7971546237364283,1.0,0.001326541841656202
0.862248410480703,0.7971955968249214,1.0,0.0013265418772880268
0.862207913173774,0.7972029281261116,1.0,0.0013265419129198537
0.862207913173774,0.7972178536658429,1.0,0.0013265419485516824
0.862207913173774,0.797232779764468,1.0,0.001326541984183513
0.862207913173774,0.7972775614140204,1.0,0.0013265420198153455
0.8618029401044831,0.797575098851264,1.0,0.00132654205544718
0.8618029401044831,0.797590045350624,1.0,0.0013265420910790165
0.8618029401044831,0.797619940029985,1.0,0.001326542126710855
0.8618029401044831,0.7976348882100489,1.0,0.001326542162342695
0.8618029401044831,0.7976797361121524,1.0,0.0013265421979745372
0.8618029401044831,0.7977096375154628,1.0,0.0013265422336063812
0.8618029401044831,0.797724589057785,1.0,0.0013265422692382272
0.8618029401044831,0.7977395411605938,1.0,0.0013265423048700751
0.8618029401044831,0.7977544938239208,1.0,0.0013265423405019248
0.8618029401044831,0.7977694470477975,1.0,0.0013265423761337767
0.8618029401044831,0.797829265549432,1.0,0.0013265424117656303
0.8618029401044831,0.7978591781643671,1.0,0.0013265424473974858
0.8617826914510185,0.7978553887107962,1.0,0.001326542483029343
0.8617826914510185,0.7979152215077148,1.0,0.0013265425186612025
0.8617826914510185,0.7979301811091529,1.0,0.001326542554293064
0.8617421941440894,0.7979226038698065,1.0,0.001326542589924927
0.8617016968371604,0.7979150260621742,1.0,0.0013265426255567921
0.8616611995302312,0.7979972246183851,1.0,0.0013265426611886592
0.8616409508767667,0.7980233670273615,1.0,0.0013265426968205281
0.8616409508767667,0.7980532998255847,1.0,0.0013265427324523989
0.8616409508767667,0.7980682670667667,1.0,0.0013265427680842717
0.8616409508767667,0.7980982032334296,1.0,0.0013265428037161464
0.8616207022233021,0.7980944164150271,1.0,0.001326542839348023
0.8616207022233021,0.7981093855503039,1.0,0.0013265428749799015
0.8616207022233021,0.7981243552471162,1.0,0.001326542910611782
0.8616207022233021,0.7981393255054957,1.0,0.0013265429462436642
0.8616207022233021,0.7981542963254741,1.0,0.0013265429818755485
0.8615802049163731,0.7982365631741862,1.0,0.0013265430175074346
0.8615599562629085,0.7982477534097518,1.0,0.0013265430531393227
0.861539707609444,0.7982439683313947,1.0,0.0013265430887712127
0.8615194589559795,0.7982701364003078,1.0,0.0013265431244031047
0.8614992103025149,0.7982663514578409,1.0,0.0013265431600349984
0.8614992103025149,0.7982963074151906,1.0,0.0013265431956668943
0.8614992103025149,0.7983262656208954,1.0,0.0013265432312987919
0.8614992103025149,0.7983412455669601,1.0,0.0013265432669306914
0.8614992103025149,0.7983562260752083,1.0,0.001326543302562593
0.8614587129955857,0.7983786218285542,1.0,0.0013265433381944962
0.8613777183817276,0.7985583150306921,1.0,0.0013265433738264016
0.8613777183817276,0.7985733058006382,1.0,0.0013265434094583087
0.8613777183817276,0.7986182814876002,1.0,0.0013265434450902178
0.8613574697282631,0.7986294940392378,1.0,0.001326543480722129
0.8613574697282631,0.7986444878341844,1.0,0.001326543516354042
0.8613372210747985,0.7986407074329271,1.0,0.0013265435519859568
0.8613372210747985,0.7986557020014269,1.0,0.0013265435876178735
0.8613372210747985,0.7986706971329867,1.0,0.0013265436232497922
0.8611752318470822,0.7987304449076943,1.0,0.001326543658881713
0.8611752318470822,0.7988204579177701,1.0,0.0013265436945136355
0.8611752318470822,0.7988504667630872,1.0,0.0013265437301455598
0.8611752318470822,0.7989254987414058,1.0,0.0013265437657774863
0.8611549831936176,0.7989217214885503,1.0,0.0013265438014094144
0.8611549831936176,0.7989367297865946,1.0,0.0013265438370413448
0.8611347345401531,0.7989479616757468,1.0,0.0013265438726732769
0.8611347345401531,0.7989629713126304,1.0,0.001326543908305211
0.8611347345401531,0.7989779815134891,1.0,0.0013265439439371467
0.8611347345401531,0.7990680545639022,1.0,0.0013265439795690846
0.861094237233224,0.7990605035700864,1.0,0.0013265440152010243
0.8610739885797595,0.7990867579908676,1.0,0.0013265440508329661
0.8610537399262949,0.7991430504397504,1.0,0.0013265440864649097
0.8610537399262949,0.7991580688203567,1.0,0.0013265441220968552
0.8610537399262949,0.7992181479880467,1.0,0.0013265441577288025
0.8610537399262949,0.7992782361896885,1.0,0.001326544193360752
0.8610537399262949,0.7993383334273201,1.0,0.001326544228992703
0.8610537399262949,0.7993834122866381,1.0,0.0013265442646246562
0.8610537399262949,0.7994134676843253,1.0,0.0013265443002566113
0.8610334912728304,0.799424725522635,1.0,0.0013265443358885683
0.8610334912728304,0.7994397548457446,1.0,0.0013265443715205273
0.8609929939659012,0.799492338065244,1.0,0.001326544407152488
0.8609727453124367,0.7995186341243278,1.0,0.0013265444427844508
0.8609727453124367,0.7995336680393373,1.0,0.0013265444784164155
0.8609727453124367,0.7995637375655804,1.0,0.001326544514048382
0.8609727453124367,0.7995787731768776,1.0,0.0013265445496803505
0.8609727453124367,0.7996238834038552,1.0,0.0013265445853123208
0.8609727453124367,0.799638921277316,1.0,0.0013265446209442932
0.8609727453124367,0.7996539597163974,1.0,0.0013265446565762673
0.8609727453124367,0.7996689987211314,1.0,0.0013265446922082434
0.8609727453124367,0.7996840382915499,1.0,0.0013265447278402215
0.8609727453124367,0.799714119129568,1.0,0.0013265447634722015
0.8609727453124367,0.7997291603972314,1.0,0.0013265447991041835
0.8609727453124367,0.7997592446300267,1.0,0.0013265448347361672
0.8609524966589722,0.7997554782281576,1.0,0.0013265448703681528
0.8609524966589722,0.7997705214054623,1.0,0.0013265449060001404
0.8609322480055076,0.7997667550740176,1.0,0.00132654494163213
0.8609322480055076,0.7997817990293818,1.0,0.0013265449772641214
0.8609322480055076,0.7997968435507232,1.0,0.0013265450128961149
0.8602640424411777,0.8005162797708772,1.0,0.00132654504852811
0.8602640424411777,0.8005313636449285,1.0,0.0013265450841601072
0.8602640424411777,0.800561533098419,1.0,0.0013265451197921063
0.8602640424411777,0.8005766186779226,1.0,0.0013265451554241073
0.8602235451342486,0.8005691026269174,1.0,0.0013265451910561103
0.8602235451342486,0.8005841892019222,1.0,0.0013265452266881153
0.8602235451342486,0.800599276345545,1.0,0.001326545262320122
0.8602235451342486,0.8007049022749119,1.0,0.0013265452979521306
0.8602235451342486,0.8007199939686369,1.0,0.0013265453335841412
0.8602235451342486,0.8007350862312694,1.0,0.0013265453692161537
0.860203296480784,0.8007615170021866,1.0,0.0013265454048481682
0.860203296480784,0.8007766111854631,1.0,0.0013265454404801844
0.860203296480784,0.8007917059377946,1.0,0.0013265454761122026
0.860203296480784,0.8008068012592132,1.0,0.0013265455117442229
0.860203296480784,0.8008218971497512,1.0,0.001326545547376245
0.860203296480784,0.800867188236403,1.0,0.0013265455830082688
0.860203296480784,0.8008973851403578,1.0,0.0013265456186402947
0.860203296480784,0.8009124844462878,1.0,0.0013265456542723227
0.860203296480784,0.8010484038240341,1.0,0.0013265456899043523
0.860203296480784,0.8010635088248604,1.0,0.001326545725536384
0.860203296480784,0.8010786143953537,1.0,0.0013265457611684175
0.860203296480784,0.801093720535546,1.0,0.001326545796800453
0.860203296480784,0.8011239345251565,1.0,0.0013265458324324903
0.860203296480784,0.8011541507939501,1.0,0.0013265458680645297
0.860203296480784,0.8011692597831211,1.0,0.0013265459036965709
0.860203296480784,0.8011843693421846,1.0,0.001326545939328614
0.860203296480784,0.8012599256870179,1.0,0.001326545974960659
0.860203296480784,0.8012750386661134,1.0,0.001326546010592706
0.860203296480784,0.8013052663346915,1.0,0.0013265460462247548
0.860203296480784,0.8013203810242384,1.0,0.0013265460818568057
0.860203296480784,0.8013354962840005,1.0,0.0013265461174888583
0.860203296480784,0.8013506121140098,1.0,0.001326546153120913
0.860203296480784,0.8013657285142987,1.0,0.0013265461887529695
0.8601830478273195,0.8014224536381988,1.0,0.001326546224385028
0.860162799173855,0.8014187073161528,1.0,0.0013265462600170882
0.8601425505203903,0.8014754438595498,1.0,0.0013265462956491506
0.8601425505203903,0.8014905660377358,1.0,0.0013265463312812148
0.8601425505203903,0.8015056887865809,1.0,0.0013265463669132809
0.8601223018669258,0.801532191108763,1.0,0.001326546402545349
0.8601223018669258,0.8015624410310601,1.0,0.0013265464381774187
0.8601020532134613,0.8015889490668227,1.0,0.0013265464738094906
0.8600818045599967,0.8016003321444073,1.0,0.0013265465094415643
0.8600615559065322,0.8015965879066959,1.0,0.0013265465450736401
0.8599805612926741,0.8018540195597176,1.0,0.0013265465807057177
0.8599805612926741,0.8018691588785046,1.0,0.001326546616337797
0.8599805612926741,0.8018842987689752,1.0,0.0013265466519698785
0.8599805612926741,0.8019145802650958,1.0,0.0013265466876019618
0.8599805612926741,0.8019297218708106,1.0,0.0013265467232340471
0.8599805612926741,0.8019448640483384,1.0,0.0013265467588661343
0.8599805612926741,0.8020054384772264,1.0,0.0013265467944982233
0.8599805612926741,0.8020205835143046,1.0,0.0013265468301303144
0.8598995666788158,0.8020813659199939,1.0,0.0013265468657624071
0.8598995666788158,0.802187423260734,1.0,0.001326546901394502
0.8598793180253513,0.8021836865767502,1.0,0.0013265469370265987
0.8598793180253513,0.8022139942572163,1.0,0.0013265469726586974
0.8598793180253513,0.8022291489562671,1.0,0.001326547008290798
0.8598590693718867,0.8022254127781766,1.0,0.0013265470439229004
0.8598590693718867,0.8022405682655432,1.0,0.0013265470795550047
0.8598590693718867,0.8022708809582286,1.0,0.0013265471151871111
0.8598590693718867,0.8022860381636123,1.0,0.0013265471508192193
0.8598590693718867,0.8023011959417332,1.0,0.0013265471864513294
0.8598590693718867,0.8023163542926239,1.0,0.0013265472220834414
0.8598590693718867,0.802361832782239,1.0,0.0013265472577155555
0.8598590693718867,0.8023921546397597,1.0,0.0013265472933476712
0.8598590693718867,0.802437641723356,1.0,0.0013265473289797891
0.8598388207184222,0.8024642364457547,1.0,0.0013265473646119088
0.8598185720649577,0.8024605034394134,1.0,0.0013265474002440304
0.8597983234114931,0.8024871014684483,1.0,0.001326547435876154
0.8597983234114931,0.8025022679165407,1.0,0.0013265474715082792
0.8597983234114931,0.8025174349379146,1.0,0.0013265475071404067
0.8597983234114931,0.802547770700637,1.0,0.0013265475427725359
0.8597983234114931,0.8025629394420504,1.0,0.001326547578404667
0.8597578261045641,0.8025858158173295,1.0,0.0013265476140368
0.8597578261045641,0.8026161581792749,1.0,0.0013265476496689352
0.8597578261045641,0.8026616760241214,1.0,0.0013265476853010722
0.8597578261045641,0.8027223745155496,1.0,0.0013265477209332109
0.8597578261045641,0.8027527272039778,1.0,0.0013265477565653518
0.8597375774510995,0.8027945319442606,1.0,0.0013265477921974944
0.8596970801441705,0.802817434055025,1.0,0.001326547827829639
0.8596970801441705,0.8028326147795174,1.0,0.0013265478634617855
0.8596970801441705,0.8028629779509096,1.0,0.0013265478990939338
0.8596565828372413,0.8028555219364599,1.0,0.0013265479347260843
0.8596565828372413,0.8028707048166569,1.0,0.0013265479703582364
0.8596565828372413,0.8028858882711146,1.0,0.0013265480059903906
0.8596565828372413,0.8029010722998657,1.0,0.0013265480416225466
0.8596363341837768,0.8029580874564987,1.0,0.0013265480772547047
0.8596363341837768,0.8029732745739631,1.0,0.0013265481128868644
0.8596363341837768,0.8030036505324482,1.0,0.0013265481485190264
0.8596363341837768,0.8030188393735341,1.0,0.00132654818415119
0.8596363341837768,0.8030492187795558,1.0,0.0013265482197833557
0.8596363341837768,0.8030947921987023,1.0,0.0013265482554155232
0.8596363341837768,0.8031099844879119,1.0,0.0013265482910476928
0.8593933503422022,0.803369297747492,1.0,0.001326548326679864
0.8593123557283441,0.803613020507868,1.0,0.0013265483623120375
0.8593123557283441,0.8036282381457355,1.0,0.0013265483979442126
0.8592921070748796,0.803639737908571,1.0,0.0013265484335763897
0.8592921070748796,0.8036549569169587,1.0,0.0013265484692085688
0.859271858421415,0.8036512385425346,1.0,0.0013265485048407498
0.859271858421415,0.8036664583451698,1.0,0.0013265485404729326
0.8592516097679505,0.8036779606446848,1.0,0.0013265485761051173
0.8592313611144858,0.8036742424242425,1.0,0.0013265486117373041
0.8592111124610213,0.8038075393066869,1.0,0.0013265486473694927
0.8591908638075568,0.8038190497840418,1.0,0.001326548683001683
0.8591908638075568,0.8038342773789001,1.0,0.0013265487186338756
0.8591908638075568,0.8038647342995169,1.0,0.00132654875426607
0.8591908638075568,0.803879963625341,1.0,0.0013265487898982662
0.8591301178471632,0.8039906770507645,1.0,0.0013265488255304644
0.8591301178471632,0.8040059122261806,1.0,0.0013265488611626645
0.8591301178471632,0.8040211479790036,1.0,0.0013265488967948665
0.8591301178471632,0.8040363843092666,1.0,0.0013265489324270703
0.8591301178471632,0.8040516212170024,1.0,0.0013265489680592763
0.8591301178471632,0.8040668587022438,1.0,0.001326549003691484
0.8591301178471632,0.8040820967650236,1.0,0.0013265490393236936
0.8591301178471632,0.8040973354053746,1.0,0.0013265490749559052
0.8591301178471632,0.804143054792184,1.0,0.0013265491105881187
0.8590896205402341,0.804257577768089,1.0,0.0013265491462203342
0.8590896205402341,0.8042728237791932,1.0,0.0013265491818525515
0.8590896205402341,0.8043185652808584,1.0,0.0013265492174847706
0.8590896205402341,0.8043338136043072,1.0,0.0013265492531169918
0.859008625926376,0.8043494748018657,1.0,0.0013265492887492149
0.859008625926376,0.8043647257351966,1.0,0.00132654932438144
0.859008625926376,0.8043799772468715,1.0,0.0013265493600136669
0.859008625926376,0.8043952293369233,1.0,0.0013265493956458956
0.8589681286194468,0.8044335722683658,1.0,0.0013265494312781263
0.8589073826590532,0.8044987292796723,1.0,0.001326549466910359
0.8589073826590532,0.8045139876718824,1.0,0.0013265495025425935
0.8589073826590532,0.8045445061927432,1.0,0.00132654953817483
0.8589073826590532,0.8045597663214598,1.0,0.0013265495738070683
0.8589073826590532,0.8045750270290776,1.0,0.0013265496094393087
0.8589073826590532,0.8046055501811491,1.0,0.0013265496450715509
0.8588871340055886,0.8046323696790348,1.0,0.001326549680703795
0.8588668853521241,0.8046744574290484,1.0,0.001326549716336041
0.8586846474709432,0.8048854556152372,1.0,0.0013265497519682889
0.8586846474709432,0.8049160102495967,1.0,0.0013265497876005388
0.8586846474709432,0.804931288436717,1.0,0.0013265498232327905
0.8586846474709432,0.8049618465510041,1.0,0.0013265498588650442
0.8586846474709432,0.8049924069855733,1.0,0.0013265498944972998
0.8586643988174787,0.8049887051766359,1.0,0.0013265499301295574
0.8586441501640141,0.8049850032271536,1.0,0.0013265499657618169
0.8586441501640141,0.8050155668615688,1.0,0.0013265500013940781
0.8586239015105496,0.8050271481186164,1.0,0.0013265500370263415
0.8586239015105496,0.8051035713607625,1.0,0.0013265500726586067
0.8585024095897623,0.805142520746691,1.0,0.0013265501082908738
0.8585024095897623,0.805157810778989,1.0,0.0013265501439231426
0.8585024095897623,0.8051731013920277,1.0,0.0013265501795554136
0.8585024095897623,0.8051883925858402,1.0,0.0013265502151876864
0.8585024095897623,0.8052036843604596,1.0,0.0013265502508199613
0.8585024095897623,0.805218976715919,1.0,0.001326550286452238
0.8585024095897623,0.8052648572676683,1.0,0.0013265503220845165
0.8585024095897623,0.8052801519468186,1.0,0.0013265503577167968
0.8585024095897623,0.8052954472069745,1.0,0.0013265503933490793
0.8585024095897623,0.8053566340583151,1.0,0.0013265504289813636
0.8584821609362977,0.8054294344497426,1.0,0.00132655046461365
0.8584821609362977,0.8054447357422394,1.0,0.0013265505002459381
0.8584619122828332,0.8054869476004104,1.0,0.0013265505358782282
0.8584619122828332,0.8055175558595531,1.0,0.00132655057151052
0.8584619122828332,0.8055328608614695,1.0,0.001326550607142814
0.8584416636293687,0.8055291658749762,1.0,0.0013265506427751097
0.8584416636293687,0.8055444716791123,1.0,0.0013265506784074074
0.8584416636293687,0.8055597780649084,1.0,0.001326550714039707
0.8584214149759041,0.8056020066889632,1.0,0.0013265507496720086
0.8583809176689751,0.8056558592116766,1.0,0.0013265507853043122
0.8583606690155104,0.8056521656498851,1.0,0.0013265508209366174
0.8583606690155104,0.8056827900788749,1.0,0.0013265508565689249
0.8583404203620459,0.8057863022031289,1.0,0.001326550892201234
0.8583201717085813,0.8058285649107465,1.0,0.0013265509278335451
0.8582999230551168,0.8058248735789514,1.0,0.0013265509634658582
0.8582999230551168,0.8058861553671243,1.0,0.001326550999098173
0.8582796744016523,0.8059131096111798,1.0,0.00132655103473049
0.8582796744016523,0.8059284329010914,1.0,0.0013265510703628087
0.8582796744016523,0.8059437567737151,1.0,0.0013265511059951294
0.8582796744016523,0.8059590812290842,1.0,0.001326551141627452
0.8582796744016523,0.805974406267232,1.0,0.0013265511772597766
0.8582796744016523,0.8059897318881917,1.0,0.001326551212892103
0.8579961932531487,0.8063828572516033,1.0,0.0013265512485244313
0.8578544526788968,0.8064184559159433,1.0,0.0013265512841567615
0.8578544526788968,0.8064338060340726,1.0,0.0013265513197890937
0.8578544526788968,0.8064491567365897,1.0,0.0013265513554214278
0.8578544526788968,0.8064952123508023,1.0,0.0013265513910537638
0.8578544526788968,0.806510565391205,1.0,0.0013265514266861018
0.8578544526788968,0.8065259190161626,1.0,0.0013265514623184416
0.8578544526788968,0.8065566280198755,1.0,0.0013265514979507833
0.8578544526788968,0.8065719833986977,1.0,0.001326551533583127
0.8578544526788968,0.8065873393622085,1.0,0.0013265515692154725
0.8578342040254323,0.8066143711206732,1.0,0.00132655160484782
0.8578139553719678,0.8066106890577103,1.0,0.0013265516404801694
0.8578139553719678,0.8066260472201067,1.0,0.0013265516761125208
0.8577937067185032,0.8067452533754832,1.0,0.001326551711744874
0.8577937067185032,0.8067606170253285,1.0,0.0013265517473772291
0.8577734580650387,0.8067569369060542,1.0,0.0013265517830095862
0.8577734580650387,0.8067723013636018,1.0,0.0013265518186419453
0.8577532094115742,0.8067686213266803,1.0,0.001326551854274306
0.8577532094115742,0.8067839865920086,1.0,0.0013265518899066688
0.8577532094115742,0.8067993524426245,1.0,0.0013265519255390337
0.8577532094115742,0.8068454535065331,1.0,0.0013265519611714003
0.8577532094115742,0.8068608216986343,1.0,0.0013265519968037687
0.8577329607581096,0.806933993713687,1.0,0.0013265520324361392
0.8577127121046451,0.8069610607330641,1.0,0.0013265520680685117
0.8576924634511804,0.8069727567155649,1.0,0.001326552103700886
0.8576317174907868,0.8069770986548794,1.0,0.001326552139333262
0.8576317174907868,0.8069924740402019,1.0,0.0013265521749656402
0.8576317174907868,0.807007850011432,1.0,0.0013265522105980203
0.8576317174907868,0.8070232265686031,1.0,0.0013265522462304021
0.8576317174907868,0.8070386037117487,1.0,0.001326552281862786
0.8576114688373223,0.8070503048780487,1.0,0.0013265523174951718
0.8576114688373223,0.8070656834162236,1.0,0.0013265523531275595
0.8576114688373223,0.8070810625404932,1.0,0.001326552388759949
0.8576114688373223,0.8071118225474503,1.0,0.0013265524243923407
0.8575507228769287,0.8071315583846315,1.0,0.001326552460024734
0.8575507228769287,0.8071469411092053,1.0,0.0013265524956571294
0.8575507228769287,0.8071623244201338,1.0,0.0013265525312895266
0.8575507228769287,0.8071777083174506,1.0,0.0013265525669219258
0.8575304742234642,0.8071740332018221,1.0,0.001326552602554327
0.8575304742234642,0.8071894179087409,1.0,0.00132655263818673
0.8575102255699996,0.8072011283928027,1.0,0.0013265526738191348
0.8575102255699996,0.80723190118562,1.0,0.0013265527094515417
0.8575102255699996,0.807262676324819,1.0,0.0013265527450839504
0.8575102255699996,0.8072780647743952,1.0,0.001326552780716361
0.8575102255699996,0.8072934538106675,1.0,0.0013265528163487737
0.8574697282630706,0.8073630626680139,1.0,0.0013265528519811882
0.8574697282630706,0.8073784556720687,1.0,0.0013265528876136045
0.8574697282630706,0.8074400335583266,1.0,0.0013265529232460228
0.8574697282630706,0.8074554294975689,1.0,0.0013265529588784432
0.8574494796096059,0.8074825521528546,1.0,0.0013265529945108653
0.8574494796096059,0.8075441473740417,1.0,0.0013265530301432892
0.8574494796096059,0.8075595476476534,1.0,0.0013265530657757152
0.8574494796096059,0.8075749485086582,1.0,0.0013265531014081432
0.8574494796096059,0.8075903499570898,1.0,0.001326553137040573
0.8574494796096059,0.807636557827281,1.0,0.0013265531726730046
0.8573684849957478,0.8077913653967225,1.0,0.0013265532083054383
0.8573684849957478,0.8078067765567766,1.0,0.0013265532439378739
0.8573482363422832,0.807818521768993,1.0,0.0013265532795703112
0.8573482363422832,0.8078339343292694,1.0,0.0013265533152027507
0.8573279876888187,0.8078610952108376,1.0,0.001326553350835192
0.8573077390353542,0.8078728438406351,1.0,0.001326553386467635
0.8573077390353542,0.8079036751517001,1.0,0.0013265534221000802
0.8572874903818896,0.8079154263033356,1.0,0.0013265534577325273
0.8572672417284251,0.8079888545364327,1.0,0.0013265534933649763
0.8572267444214959,0.8080277899719428,1.0,0.001326553528997427
0.8572267444214959,0.8080586360252715,1.0,0.0013265535646298798
0.8572267444214959,0.8080740599351022,1.0,0.0013265536002623345
0.8572267444214959,0.8081203351976636,1.0,0.001326553635894791
0.8572064957680314,0.8081320988832681,1.0,0.0013265536715272497
0.8572064957680314,0.8081629536299945,1.0,0.00132655370715971
0.8572064957680314,0.8081938107328993,1.0,0.0013265537427921725
0.8572064957680314,0.8082092401680031,1.0,0.0013265537784246367
0.8572064957680314,0.8082246701922526,1.0,0.0013265538140571028
0.8572064957680314,0.8082709638002138,1.0,0.001326553849689571
0.8572064957680314,0.8082863961813842,1.0,0.001326553885322041
0.8572064957680314,0.8083018291518692,1.0,0.0013265539209545128
0.8572064957680314,0.8083635669276303,1.0,0.0013265539565869868
0.8572064957680314,0.8083790028451947,1.0,0.0013265539922194625
0.8572064957680314,0.8084253141351259,1.0,0.0013265540278519401
0.8572064957680314,0.8084407524109615,1.0,0.0013265540634844197
0.8572064957680314,0.8084561912764495,1.0,0.001326554099116901
0.8572064957680314,0.8084716307316234,1.0,0.0013265541347493846
0.8571862471145669,0.808483413227402,1.0,0.0013265541703818698
0.8571862471145669,0.8085142955365839,1.0,0.001326554206014357
0.8571862471145669,0.8085451802051301,1.0,0.0013265542416468462
0.8571862471145669,0.8085606234242494,1.0,0.0013265542772793373
0.8571255011541733,0.8086732257140128,1.0,0.0013265543129118303
0.8571255011541733,0.8087041247158169,1.0,0.001326554348544325
0.8571255011541733,0.8087350260789821,1.0,0.0013265543841768218
0.8571052525007087,0.8087468235923498,1.0,0.0013265544198093205
0.8570850038472442,0.8088204383467411,1.0,0.0013265544554418212
0.8546349167780343,0.8129707032378605,1.0,0.0013265544910743238
0.8546349167780343,0.8130333442490321,1.0,0.0013265545267068283
0.8545944194711051,0.8130731293827541,1.0,0.0013265545623393346
0.8545741708176406,0.8130695281946558,1.0,0.0013265545979718428
0.8545741708176406,0.813085192463299,1.0,0.0013265546336043532
0.854553922164176,0.8130972564734895,1.0,0.0013265546692368651
0.854553922164176,0.8131599229287091,1.0,0.0013265547048693792
0.854553922164176,0.8131912597787969,1.0,0.0013265547405018952
0.8545336735107115,0.8132189999036517,1.0,0.001326554776134413
0.8545336735107115,0.8132346706748371,1.0,0.0013265548117669327
0.8545336735107115,0.813281686612322,1.0,0.0013265548473994544
0.8545336735107115,0.8133130335909345,1.0,0.001326554883031978
0.8545336735107115,0.8133287079864323,1.0,0.0013265549186645036
0.8545336735107115,0.8134070890272344,1.0,0.0013265549542970311
0.8545336735107115,0.8134384456737535,1.0,0.0013265549899295604
0.8545336735107115,0.8134541249036238,1.0,0.0013265550255620916
0.854513424857247,0.8134818898548489,1.0,0.0013265550611946248
0.854513424857247,0.813497571131159,1.0,0.0013265550968271599
0.854513424857247,0.8135132530120482,1.0,0.001326555132459697
0.854513424857247,0.8135289354975518,1.0,0.0013265551680922358
0.854513424857247,0.8135603022825416,1.0,0.0013265552037247767
0.854513424857247,0.8136073569955079,1.0,0.0013265552393573194
0.854513424857247,0.8136544171518915,1.0,0.001326555274989864
0.8544931762037824,0.8136665124170909,1.0,0.0013265553106224105
0.8544931762037824,0.8136822011838883,1.0,0.001326555346254959
0.8544931762037824,0.8136978905557055,1.0,0.0013265553818875096
0.8544121815899243,0.8137776749209288,1.0,0.0013265554175200618
0.8544121815899243,0.8137933694624984,1.0,0.001326555453152616
0.8544121815899243,0.8138090646094503,1.0,0.0013265554887851722
0.8544121815899243,0.8138561536829517,1.0,0.0013265555244177303
0.8543919329364598,0.8138682611630823,1.0,0.00132655556005029
0.8543919329364598,0.8138839595710208,1.0,0.001326555595682852
0.8543919329364598,0.8138996585845727,1.0,0.0013265556313154158
0.8543919329364598,0.8139624606956153,1.0,0.0013265556669479815
0.8543919329364598,0.8140409769649265,1.0,0.0013265557025805492
0.8543311869760661,0.814203010420687,1.0,0.0013265557382131188
0.8542501923622079,0.8143772681646205,1.0,0.00132655577384569
0.8542501923622079,0.8143929888230411,1.0,0.0013265558094782636
0.8542501923622079,0.8144716012201243,1.0,0.0013265558451108388
0.8542501923622079,0.8144873255207831,1.0,0.001326555880743416
0.8542501923622079,0.8145345020658764,1.0,0.0013265559163759951
0.8542501923622079,0.8145502287953971,1.0,0.0013265559520085762
0.8542501923622079,0.8145659561322212,1.0,0.001326555987641159
0.8542501923622079,0.814581684076384,1.0,0.001326556023273744
0.8542501923622079,0.8145974126279204,1.0,0.0013265560589063308
0.8541691977483498,0.8146932153962031,1.0,0.0013265560945389194
0.8541489490948851,0.8147053711107248,1.0,0.00132655613017151
0.8541489490948851,0.8147211063040791,1.0,0.0013265561658041024
0.8541489490948851,0.8147368421052632,1.0,0.001326556201436697
0.8541489490948851,0.8147683155312615,1.0,0.0013265562370692932
0.8540882031344915,0.8147890588780714,1.0,0.0013265562727018915
0.8540882031344915,0.8148205385774446,1.0,0.0013265563083344916
0.8540882031344915,0.8148362793393219,1.0,0.0013265563439670937
0.8540882031344915,0.8148520207093733,1.0,0.0013265563795996978
0.8540882031344915,0.8148677626876341,1.0,0.0013265564152323036
0.8540882031344915,0.8149307366834754,1.0,0.0013265564508649116
0.8540882031344915,0.8149464817033115,1.0,0.0013265564864975213
0.854067954481027,0.8150058933781616,1.0,0.001326556522130133
0.8540477058275625,0.8150023187509662,1.0,0.0013265565577627466
0.8540477058275625,0.815018067283724,1.0,0.001326556593395362
0.8540477058275625,0.8150653165339723,1.0,0.0013265566290279794
0.8540274571740979,0.8151089981447124,1.0,0.0013265566646605987
0.8540072085206334,0.8151054248883907,1.0,0.00132655670029322
0.8540072085206334,0.8151211781531444,1.0,0.001326556735925843
0.8539464625602398,0.8151892372520972,1.0,0.0013265567715584682
0.8539262139067751,0.8152014227170803,1.0,0.001326556807191095
0.8538857165998461,0.8152100369231959,1.0,0.001326556842823724
0.8538857165998461,0.8152257964738633,1.0,0.0013265568784563548
0.8538857165998461,0.8152415566338662,1.0,0.0013265569140889874
0.8538857165998461,0.8152573174032401,1.0,0.001326556949721622
0.8538857165998461,0.8152730787820203,1.0,0.0013265569853542587
0.8538857165998461,0.8152888407702421,1.0,0.001326557020986897
0.8537439760255943,0.8155476895104354,1.0,0.0013265570566195375
0.853622484104807,0.815826140805821,1.0,0.0013265570922521798
0.853622484104807,0.8158419290538579,1.0,0.001326557127884824
0.8536022354513425,0.8158383650719926,1.0,0.00132655716351747
0.8536022354513425,0.815854154167715,1.0,0.001326557199150118
0.8535819867978779,0.8158663802279897,1.0,0.001326557234782768
0.8535819867978779,0.8158821707826894,1.0,0.0013265572704154198
0.8535819867978779,0.8159295461143908,1.0,0.0013265573060480735
0.8535819867978779,0.8159453391142769,1.0,0.0013265573416807292
0.8535819867978779,0.8159611327255483,1.0,0.0013265573773133868
0.8535819867978779,0.815992721782389,1.0,0.0013265574129460464
0.8535617381444134,0.8160839431602587,1.0,0.0013265574485787077
0.8535617381444134,0.8160997425125356,1.0,0.0013265574842113712
0.8535617381444134,0.816115542476574,1.0,0.0013265575198440364
0.8535617381444134,0.8161629460396136,1.0,0.0013265575554767036
0.8535617381444134,0.8161787484510533,1.0,0.0013265575911093727
0.8535617381444134,0.8162261593571498,1.0,0.0013265576267420436
0.8535414894909489,0.8162384059795132,1.0,0.0013265576623747166
0.8535414894909489,0.8162542116881608,1.0,0.0013265576980073914
0.8535009921840198,0.8162629020701407,1.0,0.001326557733640068
0.8535009921840198,0.8162787094775166,1.0,0.0013265577692727468
0.8535009921840198,0.8163419452298872,1.0,0.0013265578049054274
0.8534604948770906,0.816477151657207,1.0,0.00132655784053811
0.8534604948770906,0.8164929681143699,1.0,0.0013265578761707942
0.8534604948770906,0.8165087851843242,1.0,0.0013265579118034805
0.8534402462236261,0.816505230530802,1.0,0.0013265579474361687
0.8534402462236261,0.8165368669843853,1.0,0.0013265579830688589
0.8534199975701616,0.8165649520488231,1.0,0.001326558018701551
0.853399748916697,0.8166088624518029,1.0,0.0013265580543342448
0.853399748916697,0.8166405084384507,1.0,0.0013265580899669408
0.853399748916697,0.8166563323515734,1.0,0.0013265581255996386
0.853399748916697,0.8166879820175948,1.0,0.0013265581612323383
0.853399748916697,0.8167196341368886,1.0,0.00132655819686504
0.8533795002632325,0.8167160823983102,1.0,0.0013265582324977435
0.8533795002632325,0.8167635658914729,1.0,0.0013265582681304489
0.8533795002632325,0.8167793949495146,1.0,0.0013265583037631564
0.8533795002632325,0.8167952246211093,1.0,0.0013265583393958656
0.8533795002632325,0.8168268858051012,1.0,0.0013265583750285768
0.8533795002632325,0.8168585494437338,1.0,0.00132655841066129
0.8533390029563034,0.8168672830532457,1.0,0.0013265584462940048
0.8532985056493743,0.8170027142303218,1.0,0.0013265584819267219
0.8532985056493743,0.8170185540627,1.0,0.0013265585175594407
0.8532782569959098,0.8170625302956859,1.0,0.0013265585531921614
0.8532580083424453,0.8170589832085935,1.0,0.001326558588824884
0.8532580083424453,0.8170906693554643,1.0,0.0013265586244576087
0.8532377596889806,0.8171029668411868,1.0,0.0013265586600903353
0.8532377596889806,0.817134657151722,1.0,0.0013265586957230636
0.8531162677681934,0.8176842758995458,1.0,0.001326558731355794
0.8531162677681934,0.8177318867301981,1.0,0.0013265587669885263
0.8531162677681934,0.8177477582391988,1.0,0.0013265588026212605
0.8530960191147289,0.8177442208031677,1.0,0.0013265588382539964
0.8530960191147289,0.8178235887879494,1.0,0.0013265588738867345
0.8530757704612644,0.8178359280972163,1.0,0.0013265589095194743
0.8530555218077998,0.8178800232964473,1.0,0.0013265589451522163
0.8530352731543352,0.81792412534462,1.0,0.00132655898078496
0.8530352731543352,0.8179400058246772,1.0,0.0013265590164177057
0.8530352731543352,0.8179558869214042,1.0,0.001326559052050453
0.8530352731543352,0.8179717686348368,1.0,0.0013265590876832027
0.8530352731543352,0.817987650965011,1.0,0.001326559123315954
0.8530352731543352,0.8180035339119629,1.0,0.0013265591589487074
0.8530150245008707,0.818063538915644,1.0,0.0013265591945814626
0.8530150245008707,0.8180794251869113,1.0,0.0013265592302142198
0.8529947758474061,0.8181553341490415,1.0,0.0013265592658469787
0.8529947758474061,0.8181712243629583,1.0,0.0013265593014797398
0.8529947758474061,0.8181871151941267,1.0,0.0013265593371125026
0.8529745271939416,0.8181994755754103,1.0,0.0013265593727452673
0.852954278540477,0.8181959443710667,1.0,0.0013265594083780342
0.852954278540477,0.8182277300804165,1.0,0.0013265594440108027
0.852954278540477,0.8182595182595183,1.0,0.0013265594796435733
0.852954278540477,0.8182754132753162,1.0,0.0013265595152763458
0.852954278540477,0.8183866956792042,1.0,0.0013265595509091201
0.852954278540477,0.8184184962113853,1.0,0.0013265595865418964
0.8529340298870125,0.818430869666589,1.0,0.0013265596221746746
0.8529340298870125,0.8184467717177998,1.0,0.0013265596578074547
0.8529340298870125,0.8184785776741474,1.0,0.0013265596934402368
0.852913781233548,0.8185545774305758,1.0,0.0013265597290730206
0.852913781233548,0.8185704846671071,1.0,0.0013265597647058064
0.852913781233548,0.8185863925219115,1.0,0.0013265598003385944
0.8528935325800834,0.8185828669154229,1.0,0.0013265598359713839
0.8528935325800834,0.8185987756291906,1.0,0.0013265598716041755
0.8528935325800834,0.8186146849613247,1.0,0.001326559907236969
0.8528935325800834,0.8186783284742468,1.0,0.0013265599428697644
0.8528935325800834,0.8187101539418442,1.0,0.001326559978502562
0.8528935325800834,0.8187260676035532,1.0,0.0013265600141353611
0.8528732839266189,0.8187384585479639,1.0,0.0013265600497681623
0.8525695541246507,0.8189881542860478,1.0,0.0013265600854009652
0.8524075648969344,0.8192149765504895,1.0,0.0013265601210337703
0.8524075648969344,0.8192628055425814,1.0,0.0013265601566665771
0.8524075648969344,0.819278749781056,1.0,0.0013265601922993861
0.8524075648969344,0.8192946946401464,1.0,0.0013265602279321968
0.8524075648969344,0.8193106401198886,1.0,0.0013265602635650095
0.8523873162434699,0.8194187608276722,1.0,0.001326560299197824
0.8523468189365407,0.8194436333197065,1.0,0.0013265603348306405
0.8523265702830761,0.8194401183616259,1.0,0.0013265603704634588
0.8523265702830761,0.8194879781952692,1.0,0.0013265604060962793
0.8523265702830761,0.8195039327155206,1.0,0.0013265604417291015
0.8523265702830761,0.8195198878570177,1.0,0.0013265604773619254
0.8522860729761471,0.8195288161993769,1.0,0.0013265605129947516
0.8522860729761471,0.8195447730680114,1.0,0.0013265605486275796
0.8522860729761471,0.8195607305580436,1.0,0.0013265605842604094
0.8522860729761471,0.8195766886695095,1.0,0.0013265606198932412
0.8522860729761471,0.8196086067568883,1.0,0.001326560655526075
0.8522253270157535,0.8196938417793012,1.0,0.0013265606911589106
0.8522050783622889,0.819690330119778,1.0,0.0013265607267917482
0.8521848297088244,0.8196868183234652,1.0,0.0013265607624245875
0.8521848297088244,0.8197027832421168,1.0,0.001326560798057429
0.8521645810553599,0.8197471707668634,1.0,0.0013265608336902723
0.8521443324018952,0.819743659667303,1.0,0.0013265608693231175
0.8521443324018952,0.8197596275590705,1.0,0.0013265609049559644
0.8521240837484307,0.8197561165653733,1.0,0.0013265609405888135
0.8521038350949662,0.8197845440554808,1.0,0.0013265609762216646
0.8520835864415016,0.8197810332735915,1.0,0.0013265610118545173
0.8520633377880371,0.8197775223549122,1.0,0.001326561047487372
0.8520430891345725,0.8198219260817893,1.0,0.0013265610831202288
0.8520430891345725,0.8198858211717943,1.0,0.0013265611187530874
0.8520430891345725,0.8199017965005261,1.0,0.0013265611543859478
0.8520430891345725,0.8199337490257209,1.0,0.0013265611900188103
0.852022840481108,0.8199302402618913,1.0,0.0013265612256516746
0.8520025918276435,0.8199267313613157,1.0,0.0013265612612845409
0.8519823431741789,0.8199232223239862,1.0,0.001326561296917409
0.8519620945207144,0.8199197131498948,1.0,0.0013265613325502792
0.8519620945207144,0.8199516701095217,1.0,0.001326561368183151
0.8519418458672499,0.8199801212215704,1.0,0.001326561403816025
0.8518406025999271,0.8201224266999376,1.0,0.0013265614394489009
0.8518406025999271,0.8201703936209619,1.0,0.0013265614750817786
0.8518406025999271,0.8201863838415347,1.0,0.0013265615107146583
0.8518406025999271,0.8202023746856174,1.0,0.0013265615463475399
0.8518203539464626,0.8202148608863499,1.0,0.0013265615819804232
0.8518203539464626,0.8202308532210264,1.0,0.0013265616176133086
0.8518203539464626,0.8202468461793437,1.0,0.001326561653246196
0.8518203539464626,0.8202788339670469,1.0,0.0013265616888790853
0.8518203539464626,0.8202948287965057,1.0,0.0013265617245119764
0.8518203539464626,0.8203108242497513,1.0,0.0013265617601448693
0.8518203539464626,0.8204388103364213,1.0,0.0013265617957777644
0.8518203539464626,0.8204708130985119,1.0,0.0013265618314106612
0.8518203539464626,0.8204868154158215,1.0,0.00132656186704356
0.8518203539464626,0.8205348261132458,1.0,0.0013265619026764607
0.8518203539464626,0.8205828424296805,1.0,0.0013265619383093633
0.8518203539464626,0.8206148564294632,1.0,0.001326561973942268
0.8517798566395335,0.8206398751463129,1.0,0.0013265620095751743
0.851759607986069,0.8206523859690195,1.0,0.0013265620452080826
0.851759607986069,0.820668396511696,1.0,0.001326562080840993
0.8517393593326044,0.8208410576641624,1.0,0.0013265621164739053
0.8517393593326044,0.8208570759503552,1.0,0.0013265621521068192
0.8517393593326044,0.8208891143983451,1.0,0.0013265621877397353
0.8517191106791399,0.8208856189379599,1.0,0.0013265622233726532
0.8517191106791399,0.8209176603758855,1.0,0.0013265622590055732
0.8517191106791399,0.8209336820328662,1.0,0.001326562294638495
0.8516988620256752,0.8209301871694283,1.0,0.0013265623302714186
0.8516786133722107,0.8209587383378225,1.0,0.001326562365904344
0.8516786133722107,0.8209747623601975,1.0,0.0013265624015372716
0.8516786133722107,0.8210068122816263,1.0,0.001326562437170201
0.8516786133722107,0.8210228381807535,1.0,0.0013265624728031325
0.8516786133722107,0.8210388647055379,1.0,0.0013265625084360657
0.8516786133722107,0.8210709196322252,1.0,0.0013265625440690009
0.8516786133722107,0.8210869480342013,1.0,0.0013265625797019378
0.8516786133722107,0.8211029770619814,1.0,0.001326562615334877
0.8516583647187462,0.821099484616586,1.0,0.0013265626509678177
0.8516583647187462,0.8211315450392409,1.0,0.0013265626866007605
0.8516583647187462,0.8211475761894536,1.0,0.0013265627222337054
0.8516583647187462,0.8211636079656385,1.0,0.001326562757866652
0.8516381160652816,0.8212402858593353,1.0,0.0013265627934996005
0.8516381160652816,0.8213685896184041,1.0,0.0013265628291325511
0.8516381160652816,0.8213846304071868,1.0,0.0013265628647655034
0.8516381160652816,0.8214327565329479,1.0,0.0013265629003984577
0.8515976187583526,0.8214418250356452,1.0,0.001326562936031414
0.8515976187583526,0.8214578694480253,1.0,0.001326562971664372
0.8510711537682744,0.8222670005477737,1.0,0.0013265630072973322
0.8510711537682744,0.8222991743944907,1.0,0.001326563042930294
0.8510509051148099,0.8222956977676912,1.0,0.001326563078563258
0.8510509051148099,0.8223117858819846,1.0,0.0013265631141962239
0.8510509051148099,0.8223439639992174,1.0,0.0013265631498291916
0.8510509051148099,0.8223600540022306,1.0,0.001326563185462161
0.8510509051148099,0.8223761446348908,1.0,0.0013265632210951327
0.8509901591544162,0.8223818096430808,1.0,0.001326563256728106
0.8509901591544162,0.8223979022757959,1.0,0.0013265632923610815
0.8509901591544162,0.822413995538335,1.0,0.0013265633279940588
0.8509294131940226,0.8224357594379318,1.0,0.001326563363627038
0.8509294131940226,0.8225001467911456,1.0,0.0013265633992600191
0.8509294131940226,0.8225162452047288,1.0,0.001326563434893002
0.8509294131940226,0.8225323442484977,1.0,0.001326563470525987
0.8509294131940226,0.822596746726173,1.0,0.001326563506158974
0.8509294131940226,0.8226128489214266,1.0,0.0013265635417919626
0.8509294131940226,0.8226450552031948,1.0,0.0013265635774249533
0.8509294131940226,0.8226772640068909,1.0,0.001326563613057946
0.850868667233629,0.8226668493901603,1.0,0.0013265636486909404
0.850868667233629,0.8227151695512569,1.0,0.001326563684323937
0.8508484185801645,0.8227116984826236,1.0,0.0013265637199569352
0.8508484185801645,0.8227439155718286,1.0,0.0013265637555899355
0.8508484185801645,0.8227600250626567,1.0,0.0013265637912229377
0.8508484185801645,0.8227922459369493,1.0,0.0013265638268559416
0.8508484185801645,0.822808357320488,1.0,0.0013265638624889477
0.8508079212732353,0.822801417745315,1.0,0.0013265638981219555
0.8508079212732353,0.8228336433956722,1.0,0.0013265639337549653
0.8508079212732353,0.8228981022698342,1.0,0.001326563969387977
0.8507674239663062,0.8229072819146852,1.0,0.0013265640050209907
0.8507674239663062,0.8229233993379947,1.0,0.0013265640406540063
0.8507471753128417,0.8229360493585349,1.0,0.001326564076287024
0.8507066780059126,0.8229291128826905,1.0,0.0013265641119200432
0.8506864293524481,0.8229256444409622,1.0,0.0013265641475530645
0.8506864293524481,0.8229578844270323,1.0,0.0013265641831860877
0.8506661806989835,0.8231317841608213,1.0,0.001326564218819113
0.8506661806989835,0.8231640410690493,1.0,0.0013265642544521398
0.8506661806989835,0.8232124311719867,1.0,0.001326564290085169
0.8506661806989835,0.8232446944014422,1.0,0.0013265643257181997
0.8506661806989835,0.8232608269645306,1.0,0.0013265643613512325
0.850645932045519,0.8232573634599933,1.0,0.0013265643969842672
0.850645932045519,0.8232734969036607,1.0,0.0013265644326173039
0.8505851860851253,0.8234083424807903,1.0,0.0013265644682503425
0.8505649374316608,0.823469447766168,1.0,0.0013265645038833828
0.8505446887781962,0.8234982747804266,1.0,0.0013265645395164252
0.8505446887781962,0.8235144195894681,1.0,0.0013265645751494696
0.8505446887781962,0.8235467111067543,1.0,0.0013265646107825156
0.8505244401247317,0.8235432515096855,1.0,0.0013265646464155638
0.8505244401247317,0.8235593984667569,1.0,0.001326564682048614
0.8505244401247317,0.8235755460570173,1.0,0.0013265647176816657
0.8504434455108735,0.8237555407366728,1.0,0.0013265647533147195
0.8504434455108735,0.8237716975581053,1.0,0.0013265647889477753
0.8504434455108735,0.8237878550133375,1.0,0.001326564824580833
0.8504434455108735,0.8238040131024067,1.0,0.0013265648602138927
0.8504434455108735,0.8238524911730091,1.0,0.0013265648958469543
0.8504434455108735,0.8238686517977991,1.0,0.0013265649314800176
0.8504434455108735,0.823900974949487,1.0,0.0013265649671130829
0.8504434455108735,0.8239333006375674,1.0,0.0013265650027461501
0.850423196857409,0.8240106731542702,1.0,0.0013265650383792193
0.850423196857409,0.8240430082210057,1.0,0.0013265650740122905
0.850423196857409,0.8240591767060393,1.0,0.0013265651096453634
0.850423196857409,0.8240753458255665,1.0,0.0013265651452784384
0.8503826995504798,0.8240684418107255,1.0,0.0013265651809115152
0.8503826995504798,0.8241007829516689,1.0,0.001326565216544594
0.8503624508970153,0.8241296754189725,1.0,0.0013265652521776746
0.8503624508970153,0.8241458484604667,1.0,0.001326565287810757
0.8503624508970153,0.8241781964478462,1.0,0.0013265653234438416
0.8503624508970153,0.8241943713938061,1.0,0.001326565359076928
0.8503219535900862,0.824236000706589,1.0,0.0013265653947100162
0.8503017049366217,0.8242649079417422,1.0,0.0013265654303431065
0.8503017049366217,0.824281087447247,1.0,0.0013265654659761986
0.8503017049366217,0.8243134483638577,1.0,0.0013265655016092928
0.8502612076296926,0.8243389151730501,1.0,0.0013265655372423886
0.8502409589762281,0.8243354666457262,1.0,0.0013265655728754865
0.8502409589762281,0.8243840188475507,1.0,0.0013265656085085864
0.8502409589762281,0.8244163901596214,1.0,0.001326565644141688
0.850200461669299,0.8244742474522355,1.0,0.0013265656797747916
0.850200461669299,0.8244904371048187,1.0,0.0013265657154078972
0.850200461669299,0.8245552020737599,1.0,0.0013265657510410046
0.850200461669299,0.8245875883739199,1.0,0.0013265657866741141
0.8501802130158345,0.8245841434435083,1.0,0.0013265658223072254
0.8501802130158345,0.8246003377980282,1.0,0.0013265658579403384
0.8501802130158345,0.8246327284154293,1.0,0.0013265658935734535
0.8497347426396145,0.8249459406329861,1.0,0.0013265659292065707
0.8495322561049691,0.825122426101835,1.0,0.0013265659648396895
0.8495322561049691,0.8251548824859868,1.0,0.0013265660004728103
0.8495120074515045,0.8251514436315003,1.0,0.001326566036105933
0.84949175879804,0.8251480046417402,1.0,0.0013265660717390578
0.84949175879804,0.8251642342944809,1.0,0.0013265661073721844
0.84949175879804,0.8251966955153422,1.0,0.001326566143005313
0.84949175879804,0.8252453921356492,1.0,0.0013265661786384434
0.84949175879804,0.8252778597423035,1.0,0.0013265662142715757
0.8494715101445753,0.8252744226305229,1.0,0.00132656624990471
0.8494715101445753,0.8253068932955618,1.0,0.0013265662855378461
0.8494715101445753,0.8253231295862761,1.0,0.0013265663211709843
0.8494512614911108,0.8253521680963248,1.0,0.0013265663568041242
0.8494512614911108,0.8253846456537992,1.0,0.001326566392437266
0.8494512614911108,0.825417125767354,1.0,0.00132656642807041
0.8494107641841817,0.8255077141057935,1.0,0.0013265664637035557
0.8493905155307172,0.8255042802322149,1.0,0.0013265664993367032
0.8493905155307172,0.8255367720858835,1.0,0.0013265665349698529
0.8493905155307172,0.8255530189718964,1.0,0.0013265665706030045
0.8493702668772527,0.8255495857196277,1.0,0.0013265666062361578
0.8493702668772527,0.825565833497343,1.0,0.001326566641869313
0.8493500182237881,0.8255786490316486,1.0,0.0013265666775024703
0.8493297695703236,0.8256402180973564,1.0,0.0013265667131356295
0.8493095209168591,0.8256367859533089,1.0,0.0013265667487687904
0.8493095209168591,0.8256530383260172,1.0,0.0013265667844019535
0.8493095209168591,0.8256692913385827,1.0,0.0013265668200351183
0.84926902360993,0.8257437048412183,1.0,0.001326566855668285
0.84926902360993,0.8257599621987715,1.0,0.0013265668913014538
0.84926902360993,0.8257762201964916,1.0,0.0013265669269346245
0.8491475316891427,0.8259996060665747,1.0,0.001326566962567797
0.8491070343822136,0.8260252925186148,1.0,0.0013265669982009715
0.8490867857287491,0.8260218654584852,1.0,0.0013265670338341478
0.8490867857287491,0.8260381372626271,1.0,0.001326567069467326
0.8490867857287491,0.826054409707858,1.0,0.0013265671051005063
0.8490665370752845,0.8260672563582278,1.0,0.0013265671407336884
0.84904628842182,0.826063829787234,1.0,0.0013265671763668723
0.8489855424614263,0.826232609466756,1.0,0.0013265672120000584
0.8489652938079618,0.8262617503892162,1.0,0.0013265672476332462
0.8489652938079618,0.8262780339757991,1.0,0.001326567283266436
0.8489652938079618,0.8262943182042135,1.0,0.0013265673188996277
0.8489450451544972,0.8263723267960974,1.0,0.0013265673545328211
0.8489247965010327,0.8263851930695997,1.0,0.0013265673901660167
0.8489045478475682,0.8264306412505668,1.0,0.001326567425799214
0.8489045478475682,0.8264469326604637,1.0,0.0013265674614324134
0.8489045478475682,0.8264632247126776,1.0,0.0013265674970656146
0.8489045478475682,0.8264795174072468,1.0,0.0013265675326988178
0.8488842991941036,0.826492390190048,1.0,0.001326567568332023
0.8488640505406391,0.8264889695010154,1.0,0.00132656760396523
0.8488640505406391,0.826505263988013,1.0,0.001326567639598439
0.8488438018871745,0.8267463416558198,1.0,0.0013265676752316497
0.8488438018871745,0.8267626466817868,1.0,0.0013265677108648625
0.8488438018871745,0.8267789523508994,1.0,0.0013265677464980772
0.84882355323371,0.8267755359643414,1.0,0.0013265677821312936
0.8488033045802454,0.82677211944302,1.0,0.0013265678177645122
0.8487628072733163,0.826863139622046,1.0,0.0013265678533977325
0.8487628072733163,0.8268794508117492,1.0,0.0013265678890309548
0.8487425586198518,0.8268760356663774,1.0,0.001326567924664179
0.8487425586198518,0.8268923477540392,1.0,0.0013265679602974052
0.8485400720852063,0.8272662665824384,1.0,0.0013265679959306332
0.8484590774713482,0.8274159788317997,1.0,0.0013265680315638633
0.8484590774713482,0.8274323176872495,1.0,0.001326568067197095
0.8484590774713482,0.8274486571879937,1.0,0.0013265681028303289
0.8484590774713482,0.8274649973340705,1.0,0.0013265681384635646
0.8484388288178836,0.8275269581703993,1.0,0.0013265681740968023
0.8484388288178836,0.8275923365593522,1.0,0.0013265682097300417
0.8484388288178836,0.8276086827707441,1.0,0.0013265682453632833
0.8484388288178836,0.8276250296278739,1.0,0.0013265682809965266
0.8484185801644191,0.8276543209876543,1.0,0.0013265683166297719
0.84837808285749,0.827647512000474,1.0,0.001326568352263019
0.8483375855505609,0.8276734032675478,1.0,0.0013265683878962682
0.8483173368970963,0.8277190556159242,1.0,0.0013265684235295192
0.8482970882436318,0.8277320056112066,1.0,0.0013265684591627722
0.8482768395901673,0.8277613119936771,1.0,0.001326568494796027
0.8482768395901673,0.8277776680037148,1.0,0.0013265685304292838
0.8482363422832382,0.8278035767216678,1.0,0.0013265685660625425
0.8482363422832382,0.8278199351829895,1.0,0.001326568601695803
0.8481755963228446,0.8278424474791992,1.0,0.0013265686373290656
0.8481755963228446,0.8278588086485632,1.0,0.00132656867296233
0.8481553476693799,0.8278717685192505,1.0,0.0013265687085955962
0.8481350990159154,0.827884729414555,1.0,0.0013265687442288645
0.8481350990159154,0.8279010930365861,1.0,0.0013265687798621347
0.8481148503624509,0.8279140558597379,1.0,0.0013265688154954069
0.8480946017089863,0.8279433857831897,1.0,0.0013265688511286807
0.8480743530555218,0.8280054563786252,1.0,0.0013265688867619568
0.8480541044020573,0.8281166584280771,1.0,0.0013265689223952346
0.8480541044020573,0.8281330327836438,1.0,0.0013265689580285144
0.8480541044020573,0.8281494077867637,1.0,0.0013265689936617958
0.8480338557485927,0.8281460096496085,1.0,0.0013265690292950795
0.8480338557485927,0.8281623855569398,1.0,0.0013265690649283649
0.8480136070951282,0.828158987542021,1.0,0.0013265691005616524
0.8480136070951282,0.8281753643536554,1.0,0.0013265691361949417
0.8479933584416637,0.8281883441770325,1.0,0.001326569171828233
0.8479933584416637,0.8282047225408378,1.0,0.0013265692074615261
0.8479731097881991,0.8282996103562175,1.0,0.001326569243094821
0.8479123638278054,0.8283877349159249,1.0,0.0013265692787281182
0.8479123638278054,0.8284041227323983,1.0,0.001326569314361417
0.8479123638278054,0.8284205111972779,1.0,0.0013265693499947178
0.8479123638278054,0.828436900310602,1.0,0.0013265693856280205
0.8478921151743409,0.8284335061132434,1.0,0.001326569421261325
0.8478921151743409,0.8284662867996201,1.0,0.0013265694568946316
0.8478921151743409,0.8284990700803292,1.0,0.00132656949252794
0.8478921151743409,0.8285482498664398,1.0,0.0013265695281612505
0.8478921151743409,0.8285646444259764,1.0,0.0013265695637945628
0.8478921151743409,0.8285810396343273,1.0,0.001326569599427877
0.8478921151743409,0.8285974354915308,1.0,0.001326569635061193
0.8478921151743409,0.8286138319976254,1.0,0.001326569670694511
0.8478921151743409,0.8286466269566422,1.0,0.001326569706327831
0.8478921151743409,0.8286958242628142,1.0,0.0013265697419611528
0.8478516178674118,0.828803863739831,1.0,0.0013265697775944765
0.8478516178674118,0.8288202692003167,1.0,0.0013265698132278023
0.8478516178674118,0.8288366753102793,1.0,0.00132656984886113
0.8478516178674118,0.8288858975374139,1.0,0.0013265698844944593
0.8478516178674118,0.8289023062456696,1.0,0.001326569920127791
0.8478516178674118,0.8289187156035951,1.0,0.0013265699557611242
0.8477908719070182,0.8289577888651303,1.0,0.0013265699913944595
0.8477908719070182,0.8289742015958184,1.0,0.0013265700270277967
0.8477908719070182,0.8289906149764384,1.0,0.0013265700626611356
0.8477706232535537,0.8290036432757801,1.0,0.0013265700982944767
0.8477706232535537,0.8290200582143635,1.0,0.0013265701339278196
0.8477706232535537,0.8290364738030177,1.0,0.0013265701695611644
0.8477503746000891,0.829049504950495,1.0,0.0013265702051945111
0.8477503746000891,0.8291315971878404,1.0,0.0013265702408278598
0.8477503746000891,0.8291480175862479,1.0,0.0013265702764612103
0.8477301259466246,0.8291446339096509,1.0,0.0013265703120945629
0.8477301259466246,0.8291610552166679,1.0,0.0013265703477279172
0.84770987729316,0.8291740938799762,1.0,0.0013265703833612735
0.8476693799862309,0.8292165989897989,1.0,0.0013265704189946317
0.8476693799862309,0.8292494503100053,1.0,0.001326570454627992
0.8476693799862309,0.8292658769462382,1.0,0.0013265704902613539
0.8476693799862309,0.8292823042332759,1.0,0.001326570525894718
0.8476491313327664,0.8292789223454834,1.0,0.0013265705615280838
0.8475883853723727,0.8293016344725112,1.0,0.0013265705971614516
0.8475883853723727,0.829318064746206,1.0,0.0013265706327948213
0.8475883853723727,0.8293344956709527,1.0,0.001326570668428193
0.8475883853723727,0.8293673594737572,1.0,0.0013265707040615664
0.8475883853723727,0.8294002258812341,1.0,0.001326570739694942
0.8448548171546593,0.8324488248673237,1.0,0.0013265707753283193
0.8448548171546593,0.8324654336505656,1.0,0.0013265708109616986
0.8448548171546593,0.8324820430965683,1.0,0.0013265708465950799
0.8448548171546593,0.8324986532053712,1.0,0.0013265708822284628
0.8448548171546593,0.8325152639770143,1.0,0.001326570917861848
0.8448548171546593,0.832531875411537,1.0,0.0013265709534952348
0.8448345685011946,0.832561759189049,1.0,0.0013265709891286236
0.8448345685011946,0.8325783728772973,1.0,0.0013265710247620144
0.8448345685011946,0.8325949872286079,1.0,0.0013265710603954071
0.8448345685011946,0.8326116022430204,1.0,0.0013265710960288018
0.8447940711942655,0.8326049212716279,1.0,0.0013265711316621982
0.8447940711942655,0.8326381543496917,1.0,0.0013265711672955968
0.844773822540801,0.8326514319928151,1.0,0.001326571202928997
0.844773822540801,0.8326680504550535,1.0,0.0013265712385623993
0.8446928279269429,0.832754421687228,1.0,0.0013265712741958033
0.8446928279269429,0.8327710458547103,1.0,0.0013265713098292095
0.8446928279269429,0.8327876706859378,1.0,0.0013265713454626174
0.8446928279269429,0.8328042961809506,1.0,0.0013265713810960275
0.8446725792734783,0.8328175846992354,1.0,0.0013265714167294393
0.8446725792734783,0.8328342117872545,1.0,0.001326571452362853
0.8446725792734783,0.8328508395392018,1.0,0.0013265714879962687
0.8446523306200138,0.8328641309773386,1.0,0.0013265715236296862
0.8446523306200138,0.8329140210055509,1.0,0.0013265715592631058
0.8446523306200138,0.8329639170111224,1.0,0.0013265715948965271
0.8446523306200138,0.8329805503414673,1.0,0.0013265716305299504
0.8446523306200138,0.8330470903063466,1.0,0.0013265716661633757
0.8446523306200138,0.8330803642754434,1.0,0.0013265717017968029
0.8446523306200138,0.8330970022567954,1.0,0.0013265717374302318
0.8446523306200138,0.8331136409027362,1.0,0.0013265717730636627
0.8446523306200138,0.8331302802133056,1.0,0.0013265718086970957
0.8446320819665493,0.8331602284983821,1.0,0.0013265718443305305
0.8445713360061556,0.8332334491989293,1.0,0.0013265718799639673
0.8445713360061556,0.8332667412498003,1.0,0.0013265719155974057
0.8445713360061556,0.8332833882728998,1.0,0.0013265719512308464
0.844551087352691,0.8332800575378592,1.0,0.0013265719868642888
0.844551087352691,0.8333133541117238,1.0,0.001326572022497733
0.844551087352691,0.8333300033965355,1.0,0.0013265720581311794
0.844551087352691,0.8333633039621171,1.0,0.0013265720937646276
0.8445308386992265,0.8333599744245525,1.0,0.0013265721293980778
0.844510590045762,0.8333566447539313,1.0,0.0013265721650315297
0.8443486008180456,0.8335965455890291,1.0,0.0013265722006649838
0.8442676062041874,0.8336665733594594,1.0,0.0013265722362984396
0.8442676062041874,0.8336999120211149,1.0,0.0013265722719318974
0.8442676062041874,0.8337165823518826,1.0,0.0013265723075653571
0.8442676062041874,0.8337332533493301,1.0,0.0013265723431988186
0.8442676062041874,0.8337665973444249,1.0,0.0013265723788322822
0.8442473575507229,0.8337799464064313,1.0,0.0013265724144657476
0.8442473575507229,0.8338132949364051,1.0,0.0013265724500992149
0.8442271088972584,0.8338099714017159,1.0,0.0013265724857326841
0.8442271088972584,0.8338266469341227,1.0,0.0013265725213661554
0.8441866115903293,0.8340201648395615,1.0,0.0013265725569996285
0.8441866115903293,0.8340869078104993,1.0,0.0013265725926331034
0.8441866115903293,0.8341035952223756,1.0,0.0013265726282665803
0.8441663629368646,0.8341002760993957,1.0,0.001326572663900059
0.8441663629368646,0.8341169644464896,1.0,0.0013265726995335399
0.8441461142834001,0.8341303347405911,1.0,0.0013265727351670226
0.8441258656299356,0.8341437061048083,1.0,0.0013265727708005072
0.8441258656299356,0.8341603969905554,1.0,0.0013265728064339936
0.844105616976471,0.8341570785392697,1.0,0.001326572842067482
0.844105616976471,0.834240544326596,1.0,0.0013265728777009723
0.844105616976471,0.8342572394884828,1.0,0.0013265729133344645
0.844105616976471,0.8342739353186039,1.0,0.0013265729489679587
0.844105616976471,0.834307328983709,1.0,0.0013265729846014547
0.8440853683230065,0.8343040128089663,1.0,0.0013265730202349528
0.8440853683230065,0.8343207109118566,1.0,0.0013265730558684526
0.8440853683230065,0.8343541091229334,1.0,0.0013265730915019544
0.8440448710160774,0.8343808799391489,1.0,0.0013265731271354581
0.8440448710160774,0.834414284570422,1.0,0.0013265731627689638
0.8440448710160774,0.8344309878891002,1.0,0.0013265731984024713
0.8440448710160774,0.8344643965327407,1.0,0.0013265732340359806
0.8440448710160774,0.8344811018577835,1.0,0.0013265732696694922
0.8440246223626129,0.8344777882324678,1.0,0.0013265733053030055
0.8440246223626129,0.8344944944944945,1.0,0.0013265733409365205
0.8439841250556838,0.8345881222217773,1.0,0.0013265733765700377
0.8439841250556838,0.834621545855026,1.0,0.0013265734122035568
0.8439841250556838,0.8346382586755842,1.0,0.0013265734478370777
0.8439841250556838,0.8346549721654852,1.0,0.0013265734834706005
0.8439638764022193,0.8347018063844275,1.0,0.0013265735191041253
0.8439638764022193,0.8347185228205796,1.0,0.001326573554737652
0.8439638764022193,0.8347352399262997,1.0,0.0013265735903711805
0.8439638764022193,0.8347686761466052,1.0,0.0013265736260047111
0.8439638764022193,0.834785395261271,1.0,0.0013265736616382435
0.8437006439071801,0.8349765540459301,1.0,0.0013265736972717778
0.8435589033329284,0.8351207777889145,1.0,0.001326573732905314
0.8435589033329284,0.8351375190441825,1.0,0.0013265737685388523
0.8435589033329284,0.8351542609706714,1.0,0.0013265738041723925
0.8435589033329284,0.8351877468374732,1.0,0.0013265738398059344
0.8435589033329284,0.8352044907778668,1.0,0.0013265738754394782
0.8435589033329284,0.835221235389643,1.0,0.001326573911073024
0.8435386546794638,0.8352179317534785,1.0,0.0013265739467065718
0.8435386546794638,0.8353351647249905,1.0,0.0013265739823401215
0.8435184060259993,0.8353318628433928,1.0,0.0013265740179736732
0.8435184060259993,0.8353486133670216,1.0,0.0013265740536072266
0.8434779087190701,0.8353420097459242,1.0,0.001326574089240782
0.8434576600656056,0.8353554597413015,1.0,0.0013265741248743392
0.8434576600656056,0.8353722124177764,1.0,0.0013265741605078985
0.8434576600656056,0.8353889657661994,1.0,0.0013265741961414597
0.8434576600656056,0.835405719786611,1.0,0.0013265742317750226
0.8434576600656056,0.8354224744790517,1.0,0.0013265742674085877
0.8434576600656056,0.835439229843562,1.0,0.0013265743030421546
0.8434576600656056,0.8355732969589986,1.0,0.0013265743386757234
0.8434374114121411,0.8355867602808426,1.0,0.0013265743743092941
0.8434374114121411,0.835620285668432,1.0,0.0013265744099428668
0.8434374114121411,0.8357041109082519,1.0,0.0013265744455764413
0.843396914105212,0.8357142857142857,1.0,0.0013265744812100176
0.843396914105212,0.8357310539938603,1.0,0.0013265745168435962
0.8433766654517475,0.8358283833681168,1.0,0.0013265745524771765
0.8433564167982829,0.8358250888001445,1.0,0.0013265745881107585
0.8433564167982829,0.8358586365369564,1.0,0.0013265746237443427
0.8433361681448184,0.8358553423777796,1.0,0.0013265746593779286
0.8433159194913539,0.8358520480863789,1.0,0.0013265746950115167
0.8432551735309602,0.835842164418754,1.0,0.0013265747306451066
0.8432551735309602,0.8358589406499006,1.0,0.0013265747662786983
0.8432551735309602,0.8359092733841831,1.0,0.001326574801912292
0.8432551735309602,0.8359596121805809,1.0,0.0013265748375458875
0.8432349248774956,0.8360905878573723,1.0,0.0013265748731794852
0.8432146762240311,0.8361040838453199,1.0,0.0013265749088130845
0.8431944275705665,0.8361175809171955,1.0,0.0013265749444466859
0.8431944275705665,0.836134369415497,1.0,0.0013265749800802891
0.8431944275705665,0.8361679484347704,1.0,0.0013265750157138944
0.8431944275705665,0.8361847389558233,1.0,0.0013265750513475013
0.843174178917102,0.8361814494266954,1.0,0.0013265750869811104
0.843174178917102,0.8362150330341185,1.0,0.0013265751226147213
0.843174178917102,0.8362654135036349,1.0,0.0013265751582483341
0.8429311950755275,0.8366292857429961,1.0,0.0013265751938819489
0.8429109464220629,0.8366260023715256,1.0,0.0013265752295155656
0.8428906977685984,0.8366395337152045,1.0,0.001326575265149184
0.8428906977685984,0.8366563492382522,1.0,0.0013265753007828047
0.8428906977685984,0.8367067998633193,1.0,0.001326575336416427
0.8428906977685984,0.8367236180904523,1.0,0.0013265753720500513
0.8428502004616693,0.8368011579518726,1.0,0.0013265754076836776
0.8428299518082047,0.836831523924407,1.0,0.0013265754433173058
0.8428299518082047,0.8368819993164043,1.0,0.0013265754789509357
0.8428097031547402,0.8368955463958982,1.0,0.0013265755145845676
0.8428097031547402,0.836912373828769,1.0,0.0013265755502182017
0.8428097031547402,0.8369460307246843,1.0,0.0013265755858518375
0.8428097031547402,0.8369628601878104,1.0,0.001326575621485475
0.8428097031547402,0.8369965211446038,1.0,0.0013265756571191147
0.8427894545012756,0.8370269074528416,1.0,0.0013265756927527564
0.8427489571943466,0.8370876910699919,1.0,0.0013265757283863998
0.8427489571943466,0.8371382022245912,1.0,0.0013265757640200451
0.842728708540882,0.8371686044172668,1.0,0.0013265757996536924
0.842728708540882,0.8372022851625363,1.0,0.0013265758352873417
0.8426679625804884,0.8372093023255814,1.0,0.0013265758709209929
0.8426274652735594,0.8372195956141233,1.0,0.0013265759065546458
0.8426274652735594,0.8372364397231611,1.0,0.0013265759421883007
0.8426274652735594,0.8372532845099894,1.0,0.0013265759778219575
0.8426274652735594,0.8372701299746489,1.0,0.0013265760134556163
0.8426274652735594,0.8373038229376257,1.0,0.001326576049089277
0.8426072166200947,0.837334245527899,1.0,0.0013265760847229397
0.8426072166200947,0.8373847949450638,1.0,0.0013265761203566041
0.8426072166200947,0.8374016461070976,1.0,0.0013265761559902705
0.8425869679666302,0.8373983739837398,1.0,0.001326576191623939
0.8425667193131656,0.8373951017286833,1.0,0.001326576227257609
0.8425667193131656,0.8374119541155162,1.0,0.0013265762628912813
0.8425667193131656,0.8374288071806637,1.0,0.0013265762985249555
0.8425667193131656,0.8374456609241668,1.0,0.0013265763341586314
0.8425464706597011,0.8374423893573771,1.0,0.0013265763697923093
0.8425464706597011,0.8374592440526506,1.0,0.001326576405425989
0.8425464706597011,0.8375435277067692,1.0,0.0013265764410596709
0.8425464706597011,0.8375603864734299,1.0,0.0013265764766933546
0.8425262220062366,0.8375571166891443,1.0,0.0013265765123270403
0.8425262220062366,0.837573976408068,1.0,0.0013265765479607277
0.8425262220062366,0.8375908368057653,1.0,0.001326576583594417
0.8423237354715911,0.8378955425302637,1.0,0.0013265766192281083
0.8421212489369457,0.8381668312541567,1.0,0.0013265766548618016
0.8421212489369457,0.8381837236486759,1.0,0.0013265766904954968
0.8421212489369457,0.8382006167241066,1.0,0.0013265767261291938
0.8421212489369457,0.8382681958357688,1.0,0.0013265767617628929
0.8421212489369457,0.838285092316375,1.0,0.0013265767973965937
0.8421212489369457,0.8383188873211046,1.0,0.0013265768330302965
0.8421010002834811,0.83841703122795,1.0,0.0013265768686640013
0.8421010002834811,0.8384339341155599,1.0,0.0013265769042977078
0.8421010002834811,0.8384677419354839,1.0,0.0013265769399314164
0.8421010002834811,0.8385184587777487,1.0,0.0013265769755651268
0.8420807516300166,0.8385152028389387,1.0,0.0013265770111988392
0.8420605029765521,0.8385457625068053,1.0,0.0013265770468325535
0.8420605029765521,0.8386134021658029,1.0,0.0013265770824662697
0.8420605029765521,0.8386810527377231,1.0,0.001326577118099988
0.8420605029765521,0.8386979670861568,1.0,0.0013265771537337078
0.8420402543230875,0.8387116292202815,1.0,0.0013265771893674297
0.8420402543230875,0.8387285452088502,1.0,0.0013265772250011538
0.8419997570161585,0.8387558746999617,1.0,0.0013265772606348796
0.8419795083626939,0.8387526222365661,1.0,0.001326577296268607
0.8419592597092294,0.83880012910514,1.0,0.0013265773319023368
0.8419592597092294,0.838850894712421,1.0,0.0013265773675360682
0.8419390110557647,0.8388476436410588,1.0,0.0013265774031698018
0.8419390110557647,0.8388814913448736,1.0,0.0013265774388035371
0.8419187624023002,0.838929018199427,1.0,0.0013265774744372744
0.8419187624023002,0.8389459454006174,1.0,0.0013265775100710134
0.8419187624023002,0.8389628732849072,1.0,0.0013265775457047546
0.8418985137488357,0.8389596238826449,1.0,0.0013265775813384975
0.8418985137488357,0.8389765527260987,1.0,0.0013265776169722426
0.8418985137488357,0.8389934822527595,1.0,0.0013265776526059894
0.8418985137488357,0.839044274932397,1.0,0.001326577688239738
0.8417365245211194,0.8391537809358472,1.0,0.0013265777238734887
0.8417365245211194,0.839187661498708,1.0,0.0013265777595072414
0.8417365245211194,0.8392215447975128,1.0,0.0013265777951409958
0.8417365245211194,0.8392384874729978,1.0,0.0013265778307747522
0.8417365245211194,0.839255430832593,1.0,0.0013265778664085105
0.8416960272141902,0.839384515972699,1.0,0.0013265779020422707
0.8416757785607257,0.8395168945529456,1.0,0.001326577937676033
0.8416555299072611,0.8395136532557764,1.0,0.001326577973309797
0.8416555299072611,0.8395306093595363,1.0,0.001326578008943563
0.8416352812537966,0.8395782414608035,1.0,0.0013265780445773309
0.8416352812537966,0.8395952005817476,1.0,0.0013265780802111007
0.8416352812537966,0.8396121603878396,1.0,0.0013265781158448725
0.8415542866399385,0.8396840148698885,1.0,0.001326578151478646
0.8415542866399385,0.8397009798969592,1.0,0.0013265781871124216
0.8415542866399385,0.8397179456095688,1.0,0.001326578222746199
0.8415137893330094,0.8398302515913914,1.0,0.0013265782583799784
0.8414935406795448,0.8398439868237576,1.0,0.0013265782940137597
0.8414732920260802,0.8398407501717796,1.0,0.001326578329647543
0.8414732920260802,0.8398916712140504,1.0,0.001326578365281328
0.8414327947191512,0.8399021747918183,1.0,0.001326578400915115
0.8414327947191512,0.8399191510864072,1.0,0.001326578436548904
0.8414125460656866,0.8399159154303271,1.0,0.001326578472182695
0.8414125460656866,0.8399838285829796,1.0,0.0013265785078164876
0.841351800105293,0.8400930044480388,1.0,0.0013265785434502823
0.8413315514518285,0.8401067572485745,1.0,0.001326578579084079
0.8413315514518285,0.8401237438583011,1.0,0.0013265786147178774
0.8413315514518285,0.840140731154966,1.0,0.001326578650351678
0.8413315514518285,0.8401747078092773,1.0,0.0013265786859854804
0.8413113027983639,0.8401884655827874,1.0,0.0013265787216192844
0.8413113027983639,0.840239438613521,1.0,0.0013265787572530907
0.8413113027983639,0.8402734240702165,1.0,0.0013265787928868988
0.8412910541448994,0.8402701937467136,1.0,0.0013265788285207088
0.8412910541448994,0.8402871877844069,1.0,0.0013265788641545206
0.8412708054914348,0.8402839576086077,1.0,0.0013265788997883345
0.8412505568379702,0.8402807273021459,1.0,0.0013265789354221502
0.8412303081845057,0.8403284856085277,1.0,0.001326578971055968
0.8412303081845057,0.8403454832315224,1.0,0.0013265790066897877
0.8407848378082857,0.8410743584030465,1.0,0.001326579042323609
0.8407848378082857,0.8411084327587255,1.0,0.0013265790779574324
0.8407645891548212,0.841105214114978,1.0,0.0013265791135912578
0.8407645891548212,0.841139291791589,1.0,0.001326579149225085
0.8407443405013567,0.8411360735773757,1.0,0.0013265791848589142
0.8407240918478921,0.8411498956666194,1.0,0.0013265792204927452
0.8407038431944276,0.8412318913990477,1.0,0.0013265792561265783
0.840683594540963,0.8412457196117764,1.0,0.0013265792917604132
0.840683594540963,0.8412627654401037,1.0,0.00132657932739425
0.8406633458874985,0.8412595489453101,1.0,0.0013265793630280885
0.8406633458874985,0.8412765957446808,1.0,0.0013265793986619292
0.8406633458874985,0.8412936432349186,1.0,0.001326579434295772
0.8406633458874985,0.8413106914160655,1.0,0.0013265794699296163
0.8406633458874985,0.8413447898512544,1.0,0.0013265795055634627
0.840643097234034,0.8413927283044871,1.0,0.001326579541197311
0.8406228485805693,0.8414065666801783,1.0,0.0013265795768311612
0.8406228485805693,0.8414406745307876,1.0,0.0013265796124650132
0.8406228485805693,0.8414577294930782,1.0,0.0013265796480988674
0.8406228485805693,0.8414747851467488,1.0,0.0013265796837327233
0.8406228485805693,0.8414918414918415,1.0,0.001326579719366581
0.8406228485805693,0.8415259562564612,1.0,0.001326579755000441
0.8406228485805693,0.8415600737872737,1.0,0.0013265797906343026
0.8406228485805693,0.8415771335901074,1.0,0.0013265798262681663
0.8406228485805693,0.8415941940846156,1.0,0.0013265798619020318
0.8406228485805693,0.8416283171488231,1.0,0.0013265798975358992
0.8406228485805693,0.8416453797186069,1.0,0.0013265799331697685
0.8406228485805693,0.8416624429802332,1.0,0.0013265799688036398
0.8406228485805693,0.8416795069337443,1.0,0.001326580004437513
0.8406228485805693,0.8416965715791821,1.0,0.001326580040071388
0.8406228485805693,0.841713636916589,1.0,0.0013265800757052651
0.8406025999271048,0.8418299063146368,1.0,0.001326580111339144
0.8406025999271048,0.8419152690178263,1.0,0.0013265801469730248
0.8406025999271048,0.8419494189465999,1.0,0.0013265801826069076
0.8406025999271048,0.8419664949499047,1.0,0.0013265802182407924
0.8405823512736403,0.841980366704527,1.0,0.0013265802538746788
0.8405621026201757,0.8419771616331664,1.0,0.0013265802895085675
0.8405621026201757,0.8419942395846011,1.0,0.0013265803251424578
0.8405418539667112,0.8419910346646112,1.0,0.0013265803607763501
0.8405216053132467,0.8421244826746733,1.0,0.0013265803964102444
0.8404608593528531,0.8421661323702472,1.0,0.0013265804320441404
0.8404608593528531,0.8421832200466673,1.0,0.0013265804676780386
0.8404406106993885,0.8422141958524411,1.0,0.0013265805033119385
0.8404406106993885,0.8422312858911142,1.0,0.0013265805389458404
0.8404406106993885,0.8422483766233766,1.0,0.0013265805745797442
0.8403798647389948,0.8425294356475842,1.0,0.00132658061021365
0.8403798647389948,0.8425465397186301,1.0,0.0013265806458475577
0.8403798647389948,0.8425636444841447,1.0,0.0013265806814814671
0.8403798647389948,0.8425807499441704,1.0,0.0013265807171153785
0.8403798647389948,0.842614962947924,1.0,0.001326580752749292
0.8403798647389948,0.8426833972914256,1.0,0.0013265807883832074
0.8403596160855303,0.842714424951267,1.0,0.0013265808240171244
0.8403393674320657,0.8427283434187548,1.0,0.0013265808596510437
0.8403393674320657,0.8427454563915119,1.0,0.0013265808952849646
0.8403191187786012,0.8427593769672846,1.0,0.0013265809309188877
0.8403191187786012,0.8427764916128508,1.0,0.0013265809665528126
0.8403191187786012,0.842793606953555,1.0,0.0013265810021867394
0.8402786214716721,0.8428899315499766,1.0,0.001326581037820668
0.8402786214716721,0.8429070523236919,1.0,0.0013265810734545986
0.8402786214716721,0.8429241737929354,1.0,0.001326581109088531
0.8402786214716721,0.8429584188181762,1.0,0.0013265811447224656
0.8402786214716721,0.8429926666260386,1.0,0.001326581180356402
0.8402583728182076,0.8430066023362113,1.0,0.0013265812159903403
0.8402178755112785,0.8430002234727668,1.0,0.0013265812516242803
0.8402178755112785,0.8430173499654626,1.0,0.0013265812872582225
0.8402178755112785,0.8430687336191308,1.0,0.0013265813228921664
0.8402178755112785,0.8430858628956885,1.0,0.0013265813585261123
0.8402178755112785,0.8431029928683179,1.0,0.0013265813941600603
0.8399951403231685,0.8433592876456119,1.0,0.00132658142979401
0.8399141457093103,0.8435352015292634,1.0,0.0013265814654279617
0.8399141457093103,0.8435523559677058,1.0,0.0013265815010619153
0.8398938970558458,0.8435663297472087,1.0,0.0013265815366958708
0.8398736484023812,0.8435974617637488,1.0,0.0013265815723298281
0.8398736484023812,0.8436146195619013,1.0,0.0013265816079637875
0.8398736484023812,0.8436317780580076,1.0,0.0013265816435977487
0.8398736484023812,0.8436489372521102,1.0,0.001326581679231712
0.8398736484023812,0.8437004190228226,1.0,0.001326581714865677
0.8398736484023812,0.8437347436940602,1.0,0.0013265817504996438
0.8398736484023812,0.8437519070770357,1.0,0.001326581786133613
0.8398736484023812,0.8437690711583059,1.0,0.0013265818217675837
0.8398533997489167,0.8437658929552251,1.0,0.0013265818574015563
0.8398533997489167,0.84381739024291,1.0,0.001326581893035531
0.8397926537885231,0.8438421941443366,1.0,0.0013265819286695075
0.8397724051350585,0.8438561865424136,1.0,0.001326581964303486
0.8397724051350585,0.843873356936475,1.0,0.0013265819999374664
0.8397724051350585,0.8438905280293011,1.0,0.0013265820355714488
0.839752156481594,0.8438873514569428,1.0,0.001326582071205433
0.8397319078281295,0.843884174755306,1.0,0.001326582106839419
0.8397319078281295,0.8439356939356939,1.0,0.0013265821424734072
0.8397319078281295,0.8439528683937402,1.0,0.001326582178107397
0.8396711618677358,0.8439948710642542,1.0,0.001326582213741389
0.8396711618677358,0.8440464074903318,1.0,0.0013265822493753827
0.8396711618677358,0.8440635876976939,1.0,0.0013265822850093785
0.8396711618677358,0.8440807686044618,1.0,0.001326582320643376
0.8396711618677358,0.8441151325163865,1.0,0.0013265823562773756
0.8396711618677358,0.8441323155216285,1.0,0.001326582391911377
0.8396711618677358,0.8441494992264473,1.0,0.0013265824275453804
0.8396711618677358,0.8442182410423453,1.0,0.0013265824631793857
0.8396509132142712,0.8442494452022721,1.0,0.001326582498813393
0.8396509132142712,0.844266634090724,1.0,0.001326582534447402
0.8396306645608067,0.8442978437480911,1.0,0.001326582570081413
0.8394484266796258,0.8445616965795425,1.0,0.001326582605715426
0.8394484266796258,0.844596108790873,1.0,0.0013265826413494408
0.8394484266796258,0.8446133159481705,1.0,0.0013265826769834576
0.8394484266796258,0.8446649416271063,1.0,0.001326582712617476
0.8394484266796258,0.8447165736175068,1.0,0.0013265827482514968
0.8394484266796258,0.8447337856837215,1.0,0.0013265827838855192
0.8393674320657676,0.8448072063259151,1.0,0.0013265828195195436
0.8393674320657676,0.8448244237471213,1.0,0.00132658285515357
0.8393674320657676,0.8448416418701341,1.0,0.0013265828907875982
0.8393674320657676,0.8448588606949964,1.0,0.0013265829264216284
0.8393674320657676,0.8449105213811097,1.0,0.0013265829620556604
0.8393674320657676,0.8449449653485528,1.0,0.0013265829976896945
0.8393674320657676,0.8449966365656277,1.0,0.0013265830333237304
0.8393674320657676,0.8450138617090672,1.0,0.0013265830689577682
0.8393674320657676,0.8450483141028254,1.0,0.001326583104591808
0.8393674320657676,0.8450655413532302,1.0,0.0013265831402258495
0.8393674320657676,0.8450827693060425,1.0,0.0013265831758598932
0.8393471834123031,0.8451140696038655,1.0,0.0013265832114939386
0.8393269347588386,0.8451281423940302,1.0,0.001326583247127986
0.839306686105374,0.8451594486583476,1.0,0.0013265832827620352
0.8392864374519095,0.8451735247339015,1.0,0.0013265833183960865
0.8392864374519095,0.8451907587528802,1.0,0.0013265833540301395
0.8392864374519095,0.8452079934747145,1.0,0.0013265833896641947
0.8392864374519095,0.8452252288994474,1.0,0.0013265834252982516
0.839266188798445,0.845256546210947,1.0,0.0013265834609323104
0.839266188798445,0.845273784031814,1.0,0.0013265834965663712
0.839266188798445,0.8453255017131669,1.0,0.001326583532200434
0.8392459401449803,0.8454947879480222,1.0,0.0013265835678344985
0.8392459401449803,0.8455120359037128,1.0,0.0013265836034685652
0.8392256914915158,0.8455606332626081,1.0,0.0013265836391026335
0.8392054428380513,0.8455574824033459,1.0,0.001326583674736704
0.8392054428380513,0.8455919857996858,1.0,0.0013265837103707762
0.8391851941845867,0.845588835387252,1.0,0.0013265837460048504
0.8391851941845867,0.8456060884291281,1.0,0.0013265837816389264
0.8391851941845867,0.8456405966251097,1.0,0.0013265838172730046
0.8390232049568703,0.8459779501837484,1.0,0.0013265838529070845
0.8389422103430122,0.846103577846757,1.0,0.0013265838885411663
0.8389422103430122,0.8461381366662583,1.0,0.00132658392417525
0.8389422103430122,0.846155417134688,1.0,0.0013265839598093356
0.8389219616895477,0.8461522751409198,1.0,0.0013265839954434233
0.8389219616895477,0.846186838772926,1.0,0.0013265840310775128
0.8389219616895477,0.8462041216478422,1.0,0.0013265840667116041
0.8389017130360831,0.8462182642619335,1.0,0.0013265841023456975
0.8389017130360831,0.8462528341197377,1.0,0.0013265841379797927
0.8389017130360831,0.846270120107852,1.0,0.00132658417361389
0.8388814643826186,0.8462669798794812,1.0,0.001326584209247989
0.8388814643826186,0.8463188429481941,1.0,0.00132658424488209
0.8388814643826186,0.8463534218590398,1.0,0.001326584280516193
0.8388612157291541,0.8463502829475577,1.0,0.0013265843161502978
0.8388409670756894,0.8463817268009644,1.0,0.0013265843517844046
0.8388207184222249,0.8464131745091229,1.0,0.001326584387418513
0.8387802211152958,0.8464414883834979,1.0,0.0013265844230526238
0.8387802211152958,0.8464587845845764,1.0,0.0013265844586867362
0.8387802211152958,0.8465279764580864,1.0,0.0013265844943208505
0.8387599724618313,0.8465594408452719,1.0,0.0013265845299549669
0.8387599724618313,0.8465767422848968,1.0,0.0013265845655890851
0.8387599724618313,0.8466113472858077,1.0,0.0013265846012232051
0.8387397238083667,0.8466082122345535,1.0,0.0013265846368573273
0.8387397238083667,0.846625516085517,1.0,0.0013265846724914512
0.8387194751549022,0.8466223811957078,1.0,0.001326584708125577
0.8387194751549022,0.8466396860436596,1.0,0.0013265847437597049
0.8387194751549022,0.8466569915990434,1.0,0.0013265847793938346
0.8386992265014377,0.846671163712925,1.0,0.0013265848150279661
0.8386789778479731,0.8467026452430598,1.0,0.0013265848506620998
0.8386789778479731,0.8467199542081485,1.0,0.0013265848862962352
0.8386789778479731,0.8467372638809387,1.0,0.0013265849219303725
0.8386789778479731,0.8467545742614739,1.0,0.0013265849575645119
0.8386789778479731,0.8467718853497976,1.0,0.001326584993198653
0.8386587291945086,0.8467687526833357,1.0,0.001326585028832796
0.8386587291945086,0.8467860647693818,1.0,0.0013265850644669413
0.8386182318875794,0.8469876068550861,1.0,0.0013265851001010881
0.8385777345806504,0.8470852935160564,1.0,0.001326585135735237
0.8385777345806504,0.8471199476354115,1.0,0.0013265851713693878
0.8385574859271858,0.8471168204226073,1.0,0.0013265852070035403
0.8385574859271858,0.8471341488360676,1.0,0.001326585242637695
0.8385372372737213,0.8471310217858239,1.0,0.0013265852782718514
0.8385169886202567,0.847179885845216,1.0,0.0013265853139060098
0.8384562426598631,0.8472398412243729,1.0,0.0013265853495401702
0.8384562426598631,0.8472918499723763,1.0,0.0013265853851743325
0.8384562426598631,0.8473265260185393,1.0,0.0013265854208084967
0.8384359940063986,0.84732340181714,1.0,0.0013265854564426627
0.8384359940063986,0.847444792370193,1.0,0.0013265854920768308
0.8384359940063986,0.8474621367171511,1.0,0.0013265855277110007
0.8384157453529341,0.8474590147158149,1.0,0.0013265855633451725
0.8384157453529341,0.8474763600638585,1.0,0.0013265855989793463
0.8384157453529341,0.8474937061219477,1.0,0.0013265856346135218
0.8383954966994694,0.8474905845750778,1.0,0.0013265856702476995
0.8383752480460049,0.847556856563837,1.0,0.001326585705881879
0.8383752480460049,0.8475742067553735,1.0,0.0013265857415160603
0.8383752480460049,0.8475915576572703,1.0,0.0013265857771502436
0.8383752480460049,0.8476089092695709,1.0,0.0013265858127844289
0.8383347507390758,0.8476026696147074,1.0,0.0013265858484186159
0.8383145020856113,0.8476169027925641,1.0,0.001326585884052805
0.8382740047786822,0.847610662954015,1.0,0.001326585919686996
0.8382537561252177,0.8476075428431031,1.0,0.0013265859553211888
0.8382537561252177,0.8476248976248977,1.0,0.0013265859909553836
0.8382537561252177,0.8476422531173857,1.0,0.0013265860265895804
0.8382132588182886,0.8478096135334958,1.0,0.001326586062223779
0.8381930101648241,0.8478933245939247,1.0,0.0013265860978579796
0.8381727615113594,0.8479075769679838,1.0,0.001326586133492182
0.8381727615113594,0.8479249457167438,1.0,0.0013265861691263863
0.8381120155509658,0.8480198324079575,1.0,0.0013265862047605926
0.8349329769570324,0.8507293321504467,1.0,0.001326586240394801
0.8349127283035678,0.8507262523726995,1.0,0.0013265862760290109
0.8349127283035678,0.8507438050632389,1.0,0.001326586311663223
0.8348924796501033,0.8508109446576699,1.0,0.001326586347297437
0.8348722309966388,0.8508078661191474,1.0,0.0013265863829316528
0.8348114850362451,0.8508337460789169,1.0,0.0013265864185658706
0.8347912363827805,0.8508482271845461,1.0,0.0013265864542000901
0.8347912363827805,0.8508657874641405,1.0,0.0013265864898343118
0.8347912363827805,0.8509009101979319,1.0,0.0013265865254685353
0.834770987729316,0.8509153955706,1.0,0.0013265865611027606
0.834770987729316,0.8509329590488771,1.0,0.001326586596736988
0.8347304904223869,0.8510322047894302,1.0,0.0013265866323712173
0.8347304904223869,0.8510497739424844,1.0,0.0013265866680054485
0.8347304904223869,0.8510849144249231,1.0,0.0013265867036396815
0.8347304904223869,0.8511024857543975,1.0,0.0013265867392739166
0.8347304904223869,0.8511200578094353,1.0,0.0013265867749081535
0.8347304904223869,0.8511376305900813,1.0,0.0013265868105423924
0.8347304904223869,0.8511552040963806,1.0,0.0013265868461766331
0.8347102417689224,0.8511521308225967,1.0,0.0013265868818108757
0.8347102417689224,0.8511697053540088,1.0,0.0013265869174451203
0.8346899931154578,0.8511666322527359,1.0,0.0013265869530793668
0.8346899931154578,0.8511842078093704,1.0,0.0013265869887136151
0.8346899931154578,0.8512017840918477,1.0,0.0013265870243478655
0.8346697444619933,0.8512162887704952,1.0,0.0013265870599821177
0.8345685011946705,0.8512712477022534,1.0,0.0013265870956163718
0.8345685011946705,0.8513239971908952,1.0,0.001326587131250628
0.834548252541206,0.851320926197509,1.0,0.0013265871668848859
0.8345280038877415,0.8513178550772535,1.0,0.0013265872025191457
0.8345280038877415,0.8513354402924955,1.0,0.0013265872381534075
0.8345077552342769,0.8513323693451766,1.0,0.0013265872737876713
0.8345077552342769,0.8513499555867711,1.0,0.0013265873094219368
0.8345077552342769,0.8513675425549496,1.0,0.0013265873450562045
0.8344875065808124,0.851540384734591,1.0,0.0013265873806904739
0.8344267606204188,0.8516543699754067,1.0,0.0013265874163247452
0.8344267606204188,0.8516719712313479,1.0,0.0013265874519590186
0.8344267606204188,0.8516895732148393,1.0,0.0013265874875932938
0.8344267606204188,0.8517071759259259,1.0,0.0013265875232275708
0.8344267606204188,0.8517247793646529,1.0,0.00132658755886185
0.8343660146600251,0.8518036175710594,1.0,0.0013265875944961309
0.8343457660065605,0.8518005540166205,1.0,0.0013265876301304137
0.8343457660065605,0.8518181630248279,1.0,0.0013265876657646985
0.8343457660065605,0.8518357727611015,1.0,0.001326587701398985
0.8343457660065605,0.8518533832254863,1.0,0.0013265877370332738
0.8343457660065605,0.8518709944180277,1.0,0.0013265877726675642
0.8343457660065605,0.8518886063387707,1.0,0.0013265878083018566
0.834325517353096,0.851885544161429,1.0,0.001326587843936151
0.834325517353096,0.8519031571112535,1.0,0.0013265878795704472
0.834325517353096,0.8519736161941981,1.0,0.0013265879152047455
0.8343052686996315,0.851988172287587,1.0,0.0013265879508390455
0.8343052686996315,0.8520057899090158,1.0,0.0013265879864733476
0.8342850200461669,0.852037967615857,1.0,0.0013265880221076515
0.8342850200461669,0.8520555877243775,1.0,0.0013265880577419573
0.8342445227392379,0.8520494685031228,1.0,0.001326588093376265
0.8342445227392379,0.852067089942713,1.0,0.0013265881290105746
0.8342242740857733,0.8520640304434149,1.0,0.0013265881646448863
0.8342242740857733,0.8520816529130731,1.0,0.0013265882002791998
0.8341837767788443,0.8520931579382808,1.0,0.0013265882359135151
0.8341837767788443,0.8521107824684054,1.0,0.0013265882715478325
0.8341635281253796,0.8521077234931536,1.0,0.0013265883071821517
0.8341635281253796,0.8521253490536767,1.0,0.0013265883428164728
0.8341432794719151,0.8521222902531855,1.0,0.001326588378450796
0.8341432794719151,0.8521751722140626,1.0,0.0013265884140851209
0.834102782164986,0.8521690560417055,1.0,0.0013265884497194477
0.8340420362045924,0.8522656734947238,1.0,0.0013265884853537766
0.8340420362045924,0.8522833081586625,1.0,0.0013265885209881073
0.8340420362045924,0.8523009435523919,1.0,0.0013265885566224398
0.8340420362045924,0.8523185796759576,1.0,0.0013265885922567745
0.8340420362045924,0.8523362165294045,1.0,0.001326588627891111
0.8340420362045924,0.8523538541127781,1.0,0.0013265886635254493
0.8340217875511279,0.8523507987749358,1.0,0.0013265886991597896
0.8339407929372696,0.8526385524708611,1.0,0.0013265887347941316
0.8337788037095533,0.8528790389395194,1.0,0.0013265887704284759
0.8337788037095533,0.8529143709350014,1.0,0.0013265888060628218
0.8337585550560888,0.8529113242330717,1.0,0.00132658884169717
0.8337383064026243,0.8529082774049217,1.0,0.0013265888773315198
0.8336978090956951,0.852937520715943,1.0,0.0013265889129658714
0.8336978090956951,0.8530082041932543,1.0,0.0013265889486002251
0.8336775604422306,0.853005158804152,1.0,0.0013265889842345808
0.833657311788766,0.8530021132888576,1.0,0.0013265890198689383
0.833657311788766,0.853019786594841,1.0,0.0013265890555032977
0.833657311788766,0.8530551354039326,1.0,0.001326589091137659
0.833616814481837,0.8531727939652671,1.0,0.0013265891267720223
0.833616814481837,0.8531904752036142,1.0,0.0013265891624063876
0.8335965658283724,0.853187432645279,1.0,0.0013265891980407546
0.8335965658283724,0.853205114919898,1.0,0.0013265892336751235
0.8335965658283724,0.8532227979274611,1.0,0.0013265892693094946
0.8335763171749079,0.8532374398938816,1.0,0.0013265893049438674
0.8335560685214434,0.8532343979936576,1.0,0.001326589340578242
0.8335560685214434,0.8532520830742445,1.0,0.0013265893762126188
0.8335560685214434,0.8532874554348727,1.0,0.0013265894118469972
0.8335560685214434,0.853322830728411,1.0,0.0013265894474813779
0.8335358198679788,0.8533374792703151,1.0,0.0013265894831157603
0.8335358198679788,0.8533551690540848,1.0,0.0013265895187501446
0.8335155712145143,0.8533698198478347,1.0,0.0013265895543845309
0.8334953225610497,0.8533844718565358,1.0,0.001326589590018919
0.8332118414125461,0.8536428512156667,1.0,0.001326589625653309
0.8332118414125461,0.8536959814111741,1.0,0.001326589661287701
0.8332118414125461,0.8537314052158759,1.0,0.0013265896969220949
0.8331915927590815,0.8537283704718038,1.0,0.0013265897325564907
0.833171344105617,0.8537430492157025,1.0,0.0013265897681908885
0.8331510954521524,0.8537400145243282,1.0,0.001326589803825288
0.8331308467986879,0.853843280484768,1.0,0.0013265898394596897
0.8331308467986879,0.8538609998547326,1.0,0.001326589875094093
0.8331308467986879,0.8538787199601544,1.0,0.0013265899107284985
0.8331308467986879,0.8538964408010792,1.0,0.0013265899463629058
0.8331105981452234,0.8539288530986675,1.0,0.0013265899819973148
0.8331105981452234,0.8539465764512982,1.0,0.001326590017631726
0.8331105981452234,0.853964300539643,1.0,0.001326590053266139
0.8330903494917588,0.8539967204267597,1.0,0.001326590088900554
0.8330903494917588,0.8540144470275656,1.0,0.001326590124534971
0.8330903494917588,0.8540853607905007,1.0,0.0013265901601693896
0.8330903494917588,0.8541208220884368,1.0,0.0013265901958038103
0.8330903494917588,0.8541385538416824,1.0,0.001326590231438233
0.8330498521848297,0.8541324973529595,1.0,0.0013265902670726575
0.8330093548779006,0.8541441740719209,1.0,0.001326590302707084
0.8330093548779006,0.8541796437025041,1.0,0.0013265903383415122
0.8330093548779006,0.8542151162790698,1.0,0.0013265903739759425
0.8329891062244361,0.8542298268200507,1.0,0.0013265904096103748
0.8329688575709715,0.8542622780604299,1.0,0.0013265904452448088
0.8329283602640425,0.8543626809562382,1.0,0.0013265904808792447
0.8329283602640425,0.8543981721881815,1.0,0.0013265905165136826
0.8329283602640425,0.854593426683841,1.0,0.0013265905521481225
0.8328878629571134,0.8546051401383724,1.0,0.0013265905877825643
0.8328878629571134,0.8546406532444056,1.0,0.001326590623417008
0.8326043818086097,0.8548115502151633,1.0,0.0013265906590514535
0.8322601546997125,0.855026939318924,1.0,0.0013265906946859011
0.8322601546997125,0.8550447264406075,1.0,0.0013265907303203505
0.8322601546997125,0.855062514302357,1.0,0.0013265907659548019
0.8322601546997125,0.855080302904219,1.0,0.001326590801589255
0.8322601546997125,0.855115882328465,1.0,0.0013265908372237102
0.832239906046248,0.8551128679912618,1.0,0.0013265908728581671
0.832239906046248,0.8551306591211718,1.0,0.0013265909084926263
0.8322196573927834,0.8553056000665932,1.0,0.0013265909441270872
0.8322196573927834,0.8553411999750266,1.0,0.00132659097976155
0.8322196573927834,0.8553590010405827,1.0,0.0013265910153960146
0.8322196573927834,0.8554124086831644,1.0,0.0013265910510304813
0.8321994087393189,0.8554272036632324,1.0,0.0013265910866649498
0.8321994087393189,0.8554628145619549,1.0,0.0013265911222994204
0.8321994087393189,0.8554806211231839,1.0,0.0013265911579338928
0.8321994087393189,0.8555162364696086,1.0,0.001326591193568367
0.8321791600858542,0.8556913531408108,1.0,0.0013265912292028431
0.8320981654719961,0.8557149699102513,1.0,0.0013265912648373214
0.8320981654719961,0.8557327891383116,1.0,0.0013265913004718013
0.8320779168185316,0.8557297848857791,1.0,0.0013265913361062832
0.8320779168185316,0.8557476051645148,1.0,0.001326591371740767
0.8320779168185316,0.8557654261854682,1.0,0.001326591407375253
0.832057668165067,0.855762422424924,1.0,0.0013265914430097407
0.8320374195116025,0.8557594185392673,1.0,0.0013265914786442304
0.8320374195116025,0.8557950640424867,1.0,0.0013265915142787218
0.8320374195116025,0.8558307125153605,1.0,0.0013265915499132152
0.8320374195116025,0.8558841907935847,1.0,0.0013265915855477106
0.8320374195116025,0.8559020183715553,1.0,0.001326591621182208
0.8320374195116025,0.855919846692218,1.0,0.0013265916568167072
0.8320374195116025,0.8559733361108218,1.0,0.0013265916924512081
0.832017170858138,0.8560416666666667,1.0,0.001326591728085711
0.8319361762442797,0.8561545354143658,1.0,0.001326591763720216
0.8319361762442797,0.8561723764274402,1.0,0.0013265917993547228
0.8319159275908152,0.8561693792068685,1.0,0.0013265918349892316
0.8319159275908152,0.8561872212728713,1.0,0.0013265918706237424
0.8318956789373506,0.8562020673557853,1.0,0.0013265919062582549
0.8318754302838861,0.856216914676337,1.0,0.0013265919418927695
0.831794435670028,0.856365569430257,1.0,0.001326591977527286
0.8317741870165634,0.8564518482997311,1.0,0.0013265920131618042
0.8317741870165634,0.85646970518327,1.0,0.0013265920487963243
0.8317741870165634,0.856487562811451,1.0,0.0013265920844308466
0.8317539383630989,0.8564845704753962,1.0,0.0013265921200653705
0.8317539383630989,0.856520288585846,1.0,0.0013265921556998967
0.8317134410561697,0.8566750787327674,1.0,0.0013265921913344246
0.8317134410561697,0.8567286834640414,1.0,0.0013265922269689544
0.8317134410561697,0.8567465531985899,1.0,0.001326592262603486
0.8316931924027052,0.856761435931666,1.0,0.0013265922982380197
0.8316729437492407,0.8567763199065479,1.0,0.0013265923338725552
0.8316729437492407,0.8567941924986441,1.0,0.0013265923695070928
0.8316526950957761,0.8568090787716955,1.0,0.0013265924051416322
0.8316121977888471,0.8568746088045066,1.0,0.0013265924407761735
0.8316121977888471,0.8569103655483225,1.0,0.0013265924764107166
0.8315919491353825,0.8569252597754872,1.0,0.0013265925120452618
0.831571700481918,0.8569580368507814,1.0,0.0013265925476798088
0.831571700481918,0.8569759192020366,1.0,0.0013265925833143577
0.8315514518284534,0.8569729346215647,1.0,0.0013265926189489085
0.8315312031749889,0.8569699499165275,1.0,0.0013265926545834614
0.8315312031749889,0.8569878336359273,1.0,0.0013265926902180161
0.8315109545215243,0.8569848491172419,1.0,0.0013265927258525728
0.8314907058680597,0.8569818644739863,1.0,0.0013265927614871313
0.8314907058680597,0.8570176353960137,1.0,0.0013265927971216917
0.8314299599076661,0.8570444583594239,1.0,0.001326592832756254
0.8314299599076661,0.857062347366883,1.0,0.0013265928683908184
0.8314299599076661,0.8570802371211489,1.0,0.0013265929040253846
0.8314299599076661,0.8570981276222681,1.0,0.0013265929396599526
0.8314299599076661,0.8571518036072144,1.0,0.0013265929752945226
0.8314097112542016,0.8571488215769367,1.0,0.0013265930109290947
0.8313894626007371,0.8571637335337466,1.0,0.0013265930465636683
0.8313894626007371,0.8571816283924844,1.0,0.0013265930821982441
0.8313894626007371,0.8571995239984134,1.0,0.0013265931178328219
0.8313894626007371,0.8572174203515804,1.0,0.0013265931534674014
0.8313692139472725,0.8572144393177026,1.0,0.001326593189101983
0.8313692139472725,0.8572323367295808,1.0,0.0013265932247365664
0.8313692139472725,0.8572860334495647,1.0,0.0013265932603711518
0.8313287166403435,0.8573158762972708,1.0,0.001326593296005739
0.8312882193334143,0.8573636287695263,1.0,0.001326593331640328
0.8312679706799497,0.8573964620621959,1.0,0.0013265933672749193
0.8312477220264852,0.8573934837092732,1.0,0.0013265934029095122
0.8312274733730207,0.8573905052319388,1.0,0.001326593438544107
0.8312072247195561,0.8574054347599056,1.0,0.001326593474178704
0.8304377758879035,0.8581532087631563,1.0,0.0013265935098133027
0.8303972785809743,0.8581831878962898,1.0,0.0013265935454479032
0.8303972785809743,0.8582191064141467,1.0,0.001326593581082506
0.8303972785809743,0.8582550279388067,1.0,0.0013265936167171104
0.8303770299275098,0.8582879866052742,1.0,0.0013265936523517167
0.8303365326205807,0.8583179839249833,1.0,0.001326593687986325
0.8303162839671162,0.8583329844685393,1.0,0.0013265937236209351
0.8303162839671162,0.8583509513742071,1.0,0.0013265937592555474
0.8302960353136516,0.8583479862681068,1.0,0.0013265937948901613
0.8302960353136516,0.85836595424002,1.0,0.0013265938305247775
0.8302960353136516,0.8583839229642035,1.0,0.0013265938661593953
0.8302757866601871,0.8583809583621177,1.0,0.001326593901794015
0.8302555380067226,0.8583959637406577,1.0,0.0013265939374286367
0.8302555380067226,0.8584139345978311,1.0,0.0013265939730632604
0.8302150406997935,0.8584259782676967,1.0,0.001326594008697886
0.8301745433928643,0.8584919488242562,1.0,0.0013265940443325133
0.8301745433928643,0.8585099254543932,1.0,0.0013265940799671427
0.8301745433928643,0.8585279028373992,1.0,0.001326594115601774
0.8301745433928643,0.8585458809733216,1.0,0.0013265941512364072
0.8301542947393998,0.8585608979728597,1.0,0.0013265941868710422
0.8301542947393998,0.8585968586387435,1.0,0.0013265942225056794
0.8301542947393998,0.8586148401013634,1.0,0.0013265942581403183
0.8301542947393998,0.8586328223171651,1.0,0.0013265942937749592
0.8301542947393998,0.8586687890085033,1.0,0.0013265943294096018
0.8301542947393998,0.8586867734841345,1.0,0.0013265943650442465
0.8301542947393998,0.858740731431444,1.0,0.0013265944006788932
0.8301542947393998,0.8587587189208438,1.0,0.0013265944363135417
0.8301542947393998,0.8587767071638039,1.0,0.001326594471948192
0.8301542947393998,0.8588126859105953,1.0,0.0013265945075828444
0.8301137974324707,0.8588427535928269,1.0,0.0013265945432174987
0.8300935487790062,0.858839796367293,1.0,0.0013265945788521547
0.8300935487790062,0.8588937774984287,1.0,0.001326594614486813
0.8300935487790062,0.858929768689239,1.0,0.0013265946501214729
0.8300935487790062,0.8589477654158024,1.0,0.0013265946857561348
0.8300733001255417,0.8589808063029084,1.0,0.0013265947213907986
0.830012554165148,0.859151977531387,1.0,0.0013265947570254644
0.8299923055116835,0.8593471561248663,1.0,0.001326594792660132
0.829972056858219,0.8593442073042895,1.0,0.0013265948282948016
0.829972056858219,0.8594342985343761,1.0,0.001326594863929473
0.829972056858219,0.8594523190472196,1.0,0.0013265948995641464
0.8299518082047543,0.8594673935835605,1.0,0.0013265949351988218
0.8299518082047543,0.8594854159240076,1.0,0.001326594970833499
0.8299113108978253,0.8595516221714238,1.0,0.001326595006468178
0.8299113108978253,0.8595696489241224,1.0,0.0013265950421028593
0.8299113108978253,0.8595876764329607,1.0,0.0013265950777375422
0.8298100676305026,0.8596270425607786,1.0,0.001326595113372227
0.8297898189770381,0.8596240980030206,1.0,0.0013265951490069139
0.8297695703235735,0.8596391860709042,1.0,0.0013265951846416024
0.8297695703235735,0.8596572195766641,1.0,0.0013265952202762932
0.8297695703235735,0.8596752538390534,1.0,0.0013265952559109856
0.8297695703235735,0.8596932888581199,1.0,0.0013265952915456803
0.8297695703235735,0.859711324633911,1.0,0.0013265953271803766
0.8297695703235735,0.8598736806765008,1.0,0.0013265953628150747
0.829749321670109,0.8599429194997062,1.0,0.001326595398449775
0.829749321670109,0.8599790136411333,1.0,0.0013265954340844772
0.829749321670109,0.8599970618480975,1.0,0.0013265954697191812
0.8297290730166444,0.8600121728545344,1.0,0.001326595505353887
0.8297290730166444,0.8600302228938421,1.0,0.001326595540988595
0.8297290730166444,0.8600663252455714,1.0,0.0013265955766233047
0.8297290730166444,0.860102430628437,1.0,0.0013265956122580163
0.8297088243631798,0.8600994941332046,1.0,0.00132659564789273
0.8296885757097153,0.8601146119775814,1.0,0.0013265956835274454
0.8296683270562507,0.8601116755531298,1.0,0.0013265957191621628
0.8296683270562507,0.8601297310913786,1.0,0.0013265957547968822
0.8296683270562507,0.8601477873876899,1.0,0.0013265957904316035
0.8295873324423926,0.8602444043169697,1.0,0.0013265958260663267
0.8295873324423926,0.8602805308247943,1.0,0.0013265958617010517
0.8295873324423926,0.860298595216597,1.0,0.0013265958973357787
0.8295873324423926,0.8603166603670572,1.0,0.0013265959329705076
0.8295670837889281,0.8603317933641327,1.0,0.0013265959686052384
0.8293240999473535,0.8606762351062265,1.0,0.0013265960042399712
0.829303851293889,0.8608180251376687,1.0,0.001326596039874706
0.829303851293889,0.8608361182924522,1.0,0.0013265960755094424
0.8292836026404244,0.8608512874408828,1.0,0.0013265961111441809
0.8292836026404244,0.8608693824357843,1.0,0.0013265961467789212
0.8292633539869598,0.860920748370822,1.0,0.0013265961824136636
0.8292431053334953,0.8609540227468623,1.0,0.0013265962180484079
0.8292228566800308,0.8609510995248707,1.0,0.0013265962536831541
0.8292228566800308,0.8609692000420477,1.0,0.001326596289317902
0.8292026080265662,0.8609662770162307,1.0,0.001326596324952652
0.8291418620661726,0.861066133950163,1.0,0.0013265963605874039
0.8291216134127081,0.8611175369603163,1.0,0.0013265963962221577
0.8291013647592436,0.8611146161934805,1.0,0.0013265964318569135
0.8291013647592436,0.861150837048877,1.0,0.001326596467491671
0.8291013647592436,0.8611870609514996,1.0,0.0013265965031264307
0.8291013647592436,0.861205174045641,1.0,0.001326596538761192
0.8291013647592436,0.8612232879017331,1.0,0.0013265965743959555
0.8291013647592436,0.8612776340421952,1.0,0.0013265966100307208
0.829081116105779,0.8612747160286075,1.0,0.0013265966456654879
0.829081116105779,0.8612928332526978,1.0,0.001326596681300257
0.829081116105779,0.8613471894984853,1.0,0.001326596716935028
0.829081116105779,0.8613653097717471,1.0,0.001326596752569801
0.8290608674523144,0.8613623932343165,1.0,0.0013265967882045758
0.8290406187988498,0.8613594765741696,1.0,0.0013265968238393526
0.8290203701453853,0.8613746817866235,1.0,0.0013265968594741314
0.8290203701453853,0.8613928045444982,1.0,0.0013265968951089119
0.8290203701453853,0.8614109280649709,1.0,0.0013265969307436946
0.8290001214919208,0.8614261367222842,1.0,0.001326596966378479
0.8290001214919208,0.861462388216728,1.0,0.0013265970020132653
0.8290001214919208,0.8614986427624519,1.0,0.0013265970376480536
0.8289393755315272,0.8615442894122104,1.0,0.0013265970732828437
0.8289393755315272,0.8615624210792154,1.0,0.0013265971089176359
0.8289393755315272,0.8615805535094181,1.0,0.0013265971445524298
0.8289191268780626,0.8615957737882264,1.0,0.0013265971801872257
0.8288988782245981,0.8615928607509682,1.0,0.0013265972158220236
0.828858380917669,0.8616051695468228,1.0,0.0013265972514568234
0.828858380917669,0.8616595798425462,1.0,0.0013265972870916249
0.828858380917669,0.8616777181349332,1.0,0.0013265973227264286
0.8288381322642044,0.8617110858490169,1.0,0.001326597358361234
0.8285951484226299,0.8619120837458137,1.0,0.0013265973939960414
0.8285546511157008,0.8619607347489047,1.0,0.0013265974296308507
0.8285546511157008,0.8619788923763982,1.0,0.001326597465265662
0.8285546511157008,0.8620152099264783,1.0,0.001326597500900475
0.8285546511157008,0.8620333698491616,1.0,0.0013265975365352903
0.8285546511157008,0.8620515305370047,1.0,0.0013265975721701072
0.8285344024622363,0.8620667860528811,1.0,0.001326597607804926
0.8284939051553072,0.8620609738111792,1.0,0.001326597643439747
0.8284736565018427,0.862094395280236,1.0,0.0013265976790745697
0.8283926618879844,0.8621009377304815,1.0,0.0013265977147093942
0.8283926618879844,0.8621191048172967,1.0,0.0013265977503442207
0.8283926618879844,0.8621554412880384,1.0,0.0013265977859790493
0.8283926618879844,0.8621736106720617,1.0,0.0013265978216138797
0.8283724132345199,0.8621707060063224,1.0,0.001326597857248712
0.8283724132345199,0.8622070477153937,1.0,0.001326597892883546
0.8283724132345199,0.8622252197188441,1.0,0.0013265979285183823
0.8283521645810553,0.8622404889872484,1.0,0.0013265979641532203
0.8283521645810553,0.8622586628446168,1.0,0.0013265979997880602
0.8283521645810553,0.8622768374681197,1.0,0.001326598035422902
0.8283319159275908,0.862310286677909,1.0,0.0013265980710577459
0.8283116672741263,0.8623800990829557,1.0,0.0013265981066925916
0.8282914186206617,0.8623771977906143,1.0,0.0013265981423274391
0.8282711699671972,0.8623924776522179,1.0,0.0013265981779622886
0.8282711699671972,0.8624106596951361,1.0,0.0013265982135971402
0.8282711699671972,0.862465210424222,1.0,0.0013265982492319936
0.8282711699671972,0.8624833955341894,1.0,0.0013265982848668487
0.8282509213137327,0.8624804959305022,1.0,0.001326598320501706
0.8282509213137327,0.8624986821296784,1.0,0.001326598356136565
0.8282306726602681,0.8625139700145499,1.0,0.001326598391771426
0.8282104240068036,0.862529259188967,1.0,0.001326598427406289
0.828190175353339,0.8625445496530927,1.0,0.0013265984630411538
0.8281699266998744,0.8625598414070903,1.0,0.0013265984986760206
0.8279471915117644,0.8628555752511184,1.0,0.0013265985343108892
0.827744704977119,0.8630816653998817,1.0,0.0013265985699457599
0.827744704977119,0.8630998880983046,1.0,0.0013265986055806323
0.827744704977119,0.8631181115662345,1.0,0.0013265986412155067
0.827744704977119,0.863263927017781,1.0,0.001326598676850383
0.827744704977119,0.8633003885791519,1.0,0.0013265987124852613
0.8277244563236544,0.8633157338965153,1.0,0.0013265987481201414
0.8277244563236544,0.8633339669264398,1.0,0.0013265987837550236
0.8277042076701899,0.8633493146345069,1.0,0.0013265988193899075
0.8277042076701899,0.8633857851937903,1.0,0.0013265988550247934
0.8277042076701899,0.8634040216289287,1.0,0.0013265988906596812
0.8276839590167254,0.8634011363876392,1.0,0.0013265989262945708
0.8276839590167254,0.8634193739174517,1.0,0.0013265989619294625
0.8276029644028672,0.8634807960451262,1.0,0.001326598997564356
0.8276029644028672,0.8635172821769628,1.0,0.0013265990331992516
0.8276029644028672,0.8635355263991887,1.0,0.001326599068834149
0.8276029644028672,0.8635537713923516,1.0,0.0013265991044690481
0.8276029644028672,0.8635720171565002,1.0,0.0013265991401039494
0.8275827157494027,0.863605629041119,1.0,0.0013265991757388526
0.8275624670959382,0.8636392451873296,1.0,0.0013265992113737576
0.8275624670959382,0.8636574954566586,1.0,0.0013265992470086645
0.827521969789009,0.8637247442725505,1.0,0.0013265992826435734
0.8275017211355444,0.8637401192036184,1.0,0.0013265993182784842
0.8275017211355444,0.8637766317213392,1.0,0.001326599353913397
0.8275017211355444,0.8637948891378326,1.0,0.0013265993895483115
0.8275017211355444,0.8638131473261467,1.0,0.001326599425183228
0.8273802292147572,0.8640333255799201,1.0,0.0013265994608181466
0.8273194832543636,0.8640977920649692,1.0,0.001326599496453067
0.8272789859474345,0.8640920434837782,1.0,0.001326599532087989
0.8272587372939699,0.8640891690108077,1.0,0.0013265995677229133
0.8272587372939699,0.8641074450084603,1.0,0.0013265996033578393
0.8272587372939699,0.8641257217792254,1.0,0.0013265996389927675
0.8272587372939699,0.8641439993231524,1.0,0.0013265996746276974
0.8272384886405054,0.8641411257059458,1.0,0.0013265997102626292
0.8272384886405054,0.8641959639548166,1.0,0.001326599745897563
0.8272384886405054,0.8642142449178177,1.0,0.0013265997815324986
0.8272384886405054,0.8642325266542562,1.0,0.0013265998171674363
0.8272384886405054,0.864250809164181,1.0,0.0013265998528023757
0.8272182399870409,0.8642845053736142,1.0,0.0013265998884373171
0.8271979913335763,0.8643730692734121,1.0,0.0013265999240722605
0.8271979913335763,0.8643913586255052,1.0,0.0013265999597072058
0.8271979913335763,0.864409648751587,1.0,0.0013265999953421528
0.8271979913335763,0.8644279396517065,1.0,0.001326600030977102
0.8271777426801118,0.8644250708874688,1.0,0.001326600066612053
0.8271777426801118,0.8644433628880378,1.0,0.0013266001022470058
0.8271777426801118,0.864461655662773,1.0,0.0013266001378819607
0.8271574940266472,0.8644587874299016,1.0,0.0013266001735169175
0.8271372453731827,0.8644559190756338,1.0,0.001326600209151876
0.8271169967197182,0.8645628293859927,1.0,0.0013266002447868365
0.8271169967197182,0.864581128561148,1.0,0.001326600280421799
0.8271169967197182,0.8646177292354584,1.0,0.0013266003160567635
0.8270967480662536,0.8646148635776729,1.0,0.0013266003516917298
0.8270967480662536,0.8646331654036662,1.0,0.0013266003873266979
0.827076499412789,0.8646852110588933,1.0,0.0013266004229616681
0.8238164662049974,0.8663018482241717,1.0,0.00132660045859664
0.8237759688980683,0.8663514981153773,1.0,0.001326600494231614
0.8237354715911391,0.8663458057371638,1.0,0.0013266005298665899
0.8237152229376746,0.8663429593662152,1.0,0.0013266005655015677
0.8236949742842101,0.8663770153131856,1.0,0.0013266006011365475
0.8236747256307455,0.8664110756123535,1.0,0.001326600636771529
0.8235937310168874,0.8664366053169734,1.0,0.0013266006724065127
0.8235937310168874,0.8664735205146777,1.0,0.001326600708041498
0.8235734823634229,0.8664706759549221,1.0,0.0013266007436764855
0.8235532337099583,0.8664678312739668,1.0,0.0013266007793114748
0.8235329850564937,0.8664649864718038,1.0,0.0013266008149464658
0.8235329850564937,0.8665019068112576,1.0,0.001326600850581459
0.8235127364030292,0.866499062553264,1.0,0.001326600886216454
0.8235127364030292,0.866517524235645,1.0,0.001326600921851451
0.8235127364030292,0.8665359867047343,1.0,0.0013266009574864498
0.8234924877495646,0.8667178142914989,1.0,0.0013266009931214506
0.8234924877495646,0.8667362857508205,1.0,0.0013266010287564533
0.8234519904426356,0.8667490781985976,1.0,0.0013266010643914578
0.823431741789171,0.8667462381175668,1.0,0.0013266011000264643
0.8233912444822419,0.8667405575922926,1.0,0.0013266011356614727
0.8233912444822419,0.8667590322924438,1.0,0.001326601171296483
0.8233709958287774,0.8668116220076315,1.0,0.0013266012069314953
0.8233507471753129,0.8669011832427247,1.0,0.0013266012425665096
0.8233507471753129,0.8669196657001536,1.0,0.0013266012782015256
0.8233304985218483,0.8669353119269967,1.0,0.0013266013138365435
0.8233304985218483,0.8669537962943221,1.0,0.0013266013494715634
0.8233304985218483,0.866990767393761,1.0,0.0013266013851065852
0.8233102498683837,0.8669879312550642,1.0,0.001326601420741609
0.8232697525614546,0.8670562142796212,1.0,0.0013266014563766348
0.823209006601061,0.8670846929852625,1.0,0.0013266014920116623
0.823209006601061,0.8671031864522458,1.0,0.0013266015276466917
0.823209006601061,0.8671216807081156,1.0,0.001326601563281723
0.8231887579475965,0.867174335018451,1.0,0.0013266015989167564
0.823168509294132,0.8671899997866849,1.0,0.0013266016345517917
0.8231482606406674,0.8671871666879987,1.0,0.0013266016701868287
0.8231077633337383,0.8673480273966757,1.0,0.001326601705821868
0.8230267687198801,0.8675218235758649,1.0,0.0013266017414569088
0.8230267687198801,0.867540339793392,1.0,0.0013266017770919517
0.8230267687198801,0.8675958931887554,1.0,0.0013266018127269965
0.8230267687198801,0.867614412568306,1.0,0.0013266018483620431
0.8230065200664156,0.8676115866544283,1.0,0.0013266018839970918
0.8228445308386992,0.8676630724885236,1.0,0.0013266019196321423
0.8228445308386992,0.8677001259795444,1.0,0.0013266019552671947
0.8228445308386992,0.8677186539118551,1.0,0.001326601990902249
0.8228445308386992,0.867755712150331,1.0,0.0013266020265373054
0.8228445308386992,0.8677742424565974,1.0,0.0013266020621723637
0.8228445308386992,0.8677927735542837,1.0,0.0013266020978074237
0.8228445308386992,0.8678298381241191,1.0,0.0013266021334424859
0.8228040335317701,0.8678241927216812,1.0,0.0013266021690775498
0.8227837848783056,0.8678399043184828,1.0,0.0013266022047126156
0.8227837848783056,0.8678584395890733,1.0,0.0013266022403476835
0.8227837848783056,0.867876975651431,1.0,0.001326602275982753
0.8227432875713765,0.8679640270864931,1.0,0.0013266023116178247
0.8227432875713765,0.8680011108500139,1.0,0.0013266023472528982
0.822723038917912,0.8680168343694589,1.0,0.0013266023828879736
0.822723038917912,0.8680353785677662,1.0,0.001326602418523051
0.822723038917912,0.8680539235584421,1.0,0.0013266024541581302
0.822723038917912,0.8680724693415374,1.0,0.0013266024897932113
0.822723038917912,0.8681095632851893,1.0,0.0013266025254282945
0.8227027902644474,0.868106745294105,1.0,0.0013266025610633794
0.8226825416109829,0.8681224760154698,1.0,0.0013266025966984663
0.8226622929575184,0.8681938627233097,1.0,0.0013266026323335552
0.8226622929575184,0.8682124158563949,1.0,0.001326602667968646
0.8226420443040537,0.8682095995213062,1.0,0.0013266027036037385
0.8226420443040537,0.8682838213293439,1.0,0.0013266027392388332
0.8224193091159437,0.8684756345286206,1.0,0.0013266027748739296
0.8222573198882275,0.8685831622176592,1.0,0.001326602810509028
0.8222573198882275,0.868601741139227,1.0,0.0013266028461441284
0.8222573198882275,0.868620320855615,1.0,0.0013266028817792307
0.8222573198882275,0.8686574826730555,1.0,0.0013266029174143347
0.8222573198882275,0.8686760647742101,1.0,0.0013266029530494409
0.8222370712347629,0.8686732554657083,1.0,0.0013266029886845488
0.8221965739278339,0.868704805100338,1.0,0.0013266030243196587
0.8221965739278339,0.8687419768934531,1.0,0.0013266030599547705
0.8221965739278339,0.8687605639829693,1.0,0.001326603095589884
0.8221965739278339,0.8687791518678591,1.0,0.0013266031312249998
0.8220750820070465,0.8688366718027735,1.0,0.0013266031668601173
0.822054833353582,0.868889649858745,1.0,0.0013266032024952367
0.8220345847001175,0.8688868437386298,1.0,0.001326603238130358
0.8220143360466529,0.8688840374983947,1.0,0.0013266032737654814
0.8219940873931884,0.8688812311380322,1.0,0.0013266033094006067
0.8219940873931884,0.8688998287671232,1.0,0.0013266033450357337
0.8219940873931884,0.868937026413802,1.0,0.0013266033806708629
0.8219940873931884,0.8689556264314917,1.0,0.0013266034163059938
0.8219940873931884,0.8689742272454833,1.0,0.0013266034519411267
0.8219940873931884,0.8690114312625765,1.0,0.0013266034875762615
0.8219940873931884,0.8690300344657804,1.0,0.001326603523211398
0.8219940873931884,0.8690486384654906,1.0,0.0013266035588465367
0.8219940873931884,0.8690672432617584,1.0,0.0013266035944816772
0.8219130927793302,0.869149072844846,1.0,0.0013266036301168196
0.8218928441258656,0.8692207208171832,1.0,0.001326603665751964
0.8218928441258656,0.8692579505300353,1.0,0.0013266037013871103
0.8218725954724011,0.8692551505546752,1.0,0.0013266037370222583
0.8218523468189365,0.8692709671892401,1.0,0.0013266037726574085
0.8218523468189365,0.8693082030413365,1.0,0.0013266038082925605
0.8218523468189365,0.8693268221636788,1.0,0.0013266038439277144
0.8218523468189365,0.869364062801208,1.0,0.0013266038795628702
0.8218523468189365,0.8693826843164975,1.0,0.001326603915198028
0.821386627789252,0.8696351241263989,1.0,0.0013266039508331876
0.821386627789252,0.8696910576077868,1.0,0.0013266039864683493
0.8213663791357875,0.8696882637965782,1.0,0.0013266040221035127
0.8213258818288584,0.8697199708392298,1.0,0.001326604057738678
0.8213258818288584,0.8697386195510003,1.0,0.0013266040933738454
0.8213258818288584,0.8697572690625268,1.0,0.0013266041290090147
0.8213258818288584,0.8697945704850538,1.0,0.0013266041646441858
0.8213258818288584,0.8698505286183011,1.0,0.001326604200279359
0.8213056331753938,0.869941018766756,1.0,0.001326604235914534
0.8213056331753938,0.8700156581797902,1.0,0.0013266042715497108
0.8212853845219293,0.87001287001287,1.0,0.0013266043071848896
0.8212651358684647,0.8700660717350266,1.0,0.0013266043428200704
0.8212448872150002,0.8700632843505309,1.0,0.001326604378455253
0.8212246385615356,0.8701164961060693,1.0,0.0013266044140904374
0.8212043899080711,0.8701697169953011,1.0,0.001326604449725624
0.8211841412546066,0.8701856024031757,1.0,0.0013266044853608124
0.8211436439476775,0.8702173773094998,1.0,0.0013266045209960025
0.8211436439476775,0.8702547264962768,1.0,0.0013266045566311948
0.8211436439476775,0.8702734022919438,1.0,0.001326604592266389
0.821123395294213,0.8702706182801468,1.0,0.001326604627901585
0.8211031466407483,0.870267834148854,1.0,0.001326604663536783
0.8210828979872838,0.8702650498980578,1.0,0.0013266046991719828
0.8210626493338193,0.8703743453249764,1.0,0.0013266047348071846
0.8210221520268902,0.8704061480336597,1.0,0.0013266047704423884
0.8210221520268902,0.8704248330936178,1.0,0.0013266048060775939
0.8210221520268902,0.8704435189558198,1.0,0.0013266048417128013
0.8210221520268902,0.8704808930871619,1.0,0.0013266048773480108
0.8210221520268902,0.8704995813564053,1.0,0.0013266049129832221
0.8210019033734257,0.8704968010648804,1.0,0.0013266049486184354
0.8209816547199611,0.8705314009661835,1.0,0.0013266049842536507
0.8209614060664966,0.870566005325088,1.0,0.0013266050198888677
0.8209614060664966,0.870584698632196,1.0,0.0013266050555240869
0.8209614060664966,0.8706033927421086,1.0,0.0013266050911593078
0.8209614060664966,0.8706220876548777,1.0,0.0013266051267945306
0.8209411574130321,0.8706380054545064,1.0,0.0013266051624297552
0.8209209087595675,0.870635227419147,1.0,0.001326605198064982
0.820677924917993,0.8709011990201556,1.0,0.0013266052337002105
0.8203539464625602,0.871268817204301,1.0,0.0013266052693354411
0.8203539464625602,0.8713250317224768,1.0,0.0013266053049706735
0.8203336978090957,0.8713410044090762,1.0,0.0013266053406059079
0.8203134491556312,0.8713382371918957,1.0,0.001326605376241144
0.8202932005021666,0.8713354698556772,1.0,0.0013266054118763822
0.820232454541773,0.8714396351432752,1.0,0.0013266054475116222
0.820232454541773,0.8714583826345116,1.0,0.0013266054831468643
0.8201919572348438,0.8714716006884682,1.0,0.0013266055187821082
0.8201919572348438,0.8714903504808623,1.0,0.0013266055544173538
0.8201717085813793,0.8715250882175747,1.0,0.0013266055900526016
0.8201717085813793,0.8716188590734006,1.0,0.0013266056256878514
0.8201717085813793,0.871637615666021,1.0,0.0013266056613231028
0.8201514599279148,0.8716536110871997,1.0,0.0013266056969583563
0.8201514599279148,0.8716911289975466,1.0,0.0013266057325936117
0.8201312112744502,0.8716883675885074,1.0,0.001326605768228869
0.8201109626209857,0.8716856060606061,1.0,0.0013266058038641283
0.8200907139675212,0.8717203676201546,1.0,0.0013266058394993893
0.8200704653140566,0.8717551336691205,1.0,0.0013266058751346525
0.8200704653140566,0.8717738984437221,1.0,0.0013266059107699174
0.8200704653140566,0.8717926640261753,1.0,0.0013266059464051843
0.8200502166605921,0.8717899042083737,1.0,0.001326605982040453
0.8200502166605921,0.8718086709432987,1.0,0.0013266060176757237
0.8200299680071276,0.8718059113512583,1.0,0.0013266060533109964
0.8200299680071276,0.8718246792387842,1.0,0.0013266060889462708
0.8200299680071276,0.8718434479343825,1.0,0.0013266061245815473
0.820009719353663,0.871859458761222,1.0,0.0013266061602168256
0.8198274814724821,0.872003618272275,1.0,0.001326606195852106
0.8198274814724821,0.8720411811583277,1.0,0.0013266062314873882
0.8197667355120885,0.8723711429063955,1.0,0.0013266062671226722
0.8197667355120885,0.8724651423399349,1.0,0.0013266063027579582
0.819746486858624,0.8724623938623335,1.0,0.0013266063383932463
0.8197262382051593,0.8724972520959503,1.0,0.001326606374028536
0.8196857408982303,0.872566982087815,1.0,0.0013266064096638277
0.8196452435913012,0.8726555426206183,1.0,0.0013266064452991215
0.8196452435913012,0.8726743559340304,1.0,0.001326606480934417
0.8196249949378366,0.8726716109003104,1.0,0.0013266065165697147
0.8196249949378366,0.8726904253713645,1.0,0.001326606552205014
0.8196047462843721,0.8727629479494587,1.0,0.0013266065878403154
0.8196047462843721,0.8727817668240723,1.0,0.0013266066234756185
0.8196047462843721,0.8728005865102639,1.0,0.0013266066591109237
0.8195844976309076,0.8727978436657682,1.0,0.0013266066947462307
0.8195844976309076,0.8728543086345208,1.0,0.00132660673038154
0.819564248977443,0.872889214777114,1.0,0.0013266067660168508
0.819564248977443,0.8729080400276052,1.0,0.0013266068016521634
0.819564248977443,0.8729456929646724,1.0,0.0013266068372874782
0.8195440003239784,0.8729429526582552,1.0,0.001326606872922795
0.8195440003239784,0.8729617806919161,1.0,0.0013266069085581134
0.819523751670514,0.8729966998123423,1.0,0.0013266069441934339
0.8195035030170493,0.8730504562417758,1.0,0.0013266069798287562
0.8195035030170493,0.8731257955256402,1.0,0.0013266070154640806
0.8195035030170493,0.8731446323783224,1.0,0.0013266070510994069
0.8195035030170493,0.8731634700437962,1.0,0.001326607086734735
0.8195035030170493,0.8731823085221143,1.0,0.001326607122370065
0.8194630057101203,0.873176836109433,1.0,0.001326607158005397
0.8184910703438222,0.8738758215150467,1.0,0.0013266071936407309
0.8184910703438222,0.8739513966963591,1.0,0.0013266072292760667
0.8184910703438222,0.8739702925342154,1.0,0.0013266072649114045
0.8184910703438222,0.8740080866613332,1.0,0.001326607300546744
0.8184708216903576,0.8740053623940495,1.0,0.0013266073361820855
0.8184708216903576,0.8740431604895559,1.0,0.001326607371817429
0.8184505730368931,0.8740971411271139,1.0,0.0013266074074527743
0.8184303243834286,0.874094418373305,1.0,0.0013266074430881216
0.8184303243834286,0.874113321799308,1.0,0.0013266074787234709
0.8184303243834286,0.8741322260429507,1.0,0.0013266075143588219
0.8184303243834286,0.8741511311042865,1.0,0.001326607549994175
0.8184303243834286,0.8741700369833683,1.0,0.00132660758562953
0.8184303243834286,0.8742078511949821,1.0,0.0013266076212648868
0.8183898270764994,0.874240228418161,1.0,0.0013266076569002456
0.8183898270764994,0.8742591390871728,1.0,0.0013266076925356062
0.8183290811161058,0.8742698914031065,1.0,0.0013266077281709689
0.8183290811161058,0.8742888047593294,1.0,0.0013266077638063333
0.8183088324626412,0.8743806659598866,1.0,0.0013266077994416997
0.8182885838091767,0.8743779479856333,1.0,0.001326607835077068
0.8182683351557122,0.874375229893762,1.0,0.0013266078707124384
0.8182683351557122,0.874394149212394,1.0,0.0013266079063478104
0.8182278378487831,0.8743887133768988,1.0,0.0013266079419831846
0.8182278378487831,0.8744076342154805,1.0,0.0013266079776185606
0.8182278378487831,0.8744265558729334,1.0,0.0013266080132539385
0.8182278378487831,0.8745779586183015,1.0,0.0013266080488893183
0.8182075891953186,0.8745752440317728,1.0,0.0013266080845247001
0.8182075891953186,0.8746131036124759,1.0,0.0013266081201600837
0.8182075891953186,0.8746509664711357,1.0,0.0013266081557954694
0.8181873405418539,0.8746671861809209,1.0,0.0013266081914308568
0.8181873405418539,0.8746861200103905,1.0,0.0013266082270662462
0.8181670918883894,0.8747212781157319,1.0,0.0013266082627016375
0.8180860972745313,0.8748430124290849,1.0,0.0013266082983370308
0.8179848540072086,0.8749241964827168,1.0,0.0013266083339724258
0.8179646053537439,0.8749593883341636,1.0,0.0013266083696078228
0.8179646053537439,0.8749783399757408,1.0,0.001326608405243222
0.8179646053537439,0.8749972924383217,1.0,0.0013266084408786228
0.8179646053537439,0.8750162457219599,1.0,0.0013266084765140257
0.8179443567002794,0.8750514481294543,1.0,0.0013266085121494302
0.8178431134329567,0.8752275288203173,1.0,0.001326608547784837
0.8178431134329567,0.8752654617951718,1.0,0.0013266085834202454
0.8178228647794922,0.8752817267683772,1.0,0.0013266086190556559
0.8178228647794922,0.8753006956634809,1.0,0.0013266086546910682
0.8178026161260277,0.8752979931515755,1.0,0.0013266086903264826
0.8178026161260277,0.8753169632214299,1.0,0.0013266087259618988
0.8178026161260277,0.8753549058280413,1.0,0.0013266087615973168
0.817782367472563,0.8753711771463251,1.0,0.001326608797232737
0.817782367472563,0.8754281007499891,1.0,0.001326608832868159
0.8177621188190985,0.8754254004725468,1.0,0.0013266088685035828
0.8177418701656339,0.8754227000780369,1.0,0.0013266089041390084
0.8176811242052403,0.8755094961408377,1.0,0.0013266089397744362
0.8176811242052403,0.8755854293148309,1.0,0.001326608975409866
0.8176811242052403,0.8756044146664065,1.0,0.0013266090110452974
0.8176608755517758,0.8756586793884853,1.0,0.0013266090466807308
0.8176203782448467,0.8756532864918787,1.0,0.0013266090823161661
0.8176001295913822,0.8757265550446777,1.0,0.0013266091179516034
0.8176001295913822,0.8757455483982909,1.0,0.0013266091535870425
0.8176001295913822,0.8757645425758036,1.0,0.0013266091892224837
0.8176001295913822,0.8758025334027416,1.0,0.0013266092248579266
0.8176001295913822,0.8758405275259208,1.0,0.0013266092604933715
0.8175798809379177,0.8758758324475585,1.0,0.0013266092961288184
0.817296399789414,0.8761803460177567,1.0,0.0013266093317642672
0.8171344105616977,0.8763300760043431,1.0,0.0013266093673997177
0.8171344105616977,0.8763491063866751,1.0,0.0013266094030351704
0.817114161908233,0.8763464211257818,1.0,0.0013266094386706249
0.8170939132547685,0.8763437357482572,1.0,0.0013266094743060813
0.8170939132547685,0.8763627676671155,1.0,0.0013266095099415396
0.817073664601304,0.8763600825279618,1.0,0.0013266095455769999
0.817073664601304,0.8763981495558499,1.0,0.001326609581212462
0.8170534159478394,0.8764525728186972,1.0,0.0013266096168479261
0.8170331672943749,0.8764689271672785,1.0,0.001326609652483392
0.8170129186409104,0.8764662438091928,1.0,0.00132660968811886
0.8169926699874458,0.8764635603345281,1.0,0.0013266097237543298
0.8169319240270522,0.8765697649154826,1.0,0.0013266097593898013
0.8169116753735877,0.876567083107007,1.0,0.001326609795025275
0.8169116753735877,0.8765861289761864,1.0,0.0013266098306607505
0.8169116753735877,0.8766242231976011,1.0,0.001326609866296228
0.8169116753735877,0.8766432715499446,1.0,0.0013266099019317073
0.8168914267201232,0.8766405910473707,1.0,0.0013266099375671887
0.8168914267201232,0.8766596405832373,1.0,0.001326609973202672
0.8168711780666585,0.8768093892632036,1.0,0.001326610008838157
0.8168306807597295,0.8768040340810294,1.0,0.0013266100444736442
0.8168306807597295,0.8768230921381529,1.0,0.001326610080109133
0.8167901834528004,0.8768558572267026,1.0,0.001326610115744624
0.8167294374924068,0.8769431459941298,1.0,0.0013266101513801168
0.8167294374924068,0.8769622124624951,1.0,0.0013266101870156113
0.8167294374924068,0.877000347886589,1.0,0.001326610222651108
0.8167294374924068,0.8770194168424257,1.0,0.0013266102582866065
0.8166889401854777,0.8770140685816173,1.0,0.001326610293922107
0.8166686915320132,0.8770495368155525,1.0,0.0013266103295576093
0.816405459036974,0.8773201035750811,1.0,0.0013266103651931136
0.8163852103835095,0.8773556164860513,1.0,0.0013266104008286198
0.8163649617300449,0.877352947576872,1.0,0.0013266104364641278
0.8163649617300449,0.8773720403899722,1.0,0.0013266104720996378
0.8163649617300449,0.8774293238155346,1.0,0.00132661050773515
0.8163447130765804,0.8774839481989335,1.0,0.0013266105433706636
0.8163447130765804,0.8775030471878809,1.0,0.0013266105790061794
0.8162839671161868,0.8776669859792737,1.0,0.0013266106146416971
0.8162232211557932,0.8777736646125035,1.0,0.0013266106502772166
0.8162232211557932,0.8777927790601454,1.0,0.001326610685912738
0.8162029725023286,0.8777901178110232,1.0,0.0013266107215482617
0.816182723848864,0.8778256892721809,1.0,0.0013266107571837868
0.816182723848864,0.8778639254290443,1.0,0.001326610792819314
0.816182723848864,0.8778830447566155,1.0,0.0013266108284548433
0.8161422265419349,0.8778777252629975,1.0,0.0013266108640903743
0.8161422265419349,0.8778968461404426,1.0,0.0013266108997259073
0.8161219778884704,0.8779706798527458,1.0,0.0013266109353614421
0.8161219778884704,0.8780280585569885,1.0,0.001326610970996979
0.8161219778884704,0.8780471864584014,1.0,0.0013266110066325178
0.8161017292350059,0.8780445296501241,1.0,0.0013266110422680585
0.8160814805815413,0.8780418727260844,1.0,0.001326611077903601
0.8160814805815413,0.8780610021786492,1.0,0.0013266111135391454
0.8160612319280768,0.8782688284518828,1.0,0.0013266111491746918
0.8160612319280768,0.8782879682698803,1.0,0.0013266111848102401
0.8160612319280768,0.8783071089221113,1.0,0.0013266112204457904
0.8160612319280768,0.8783453927294917,1.0,0.0013266112560813424
0.8160409832746123,0.8783618848350115,1.0,0.0013266112917168966
0.8160409832746123,0.8783810291841939,1.0,0.0013266113273524525
0.8160207346211477,0.87839752392162,1.0,0.0013266113629880104
0.8158789940468959,0.8785896513377379,1.0,0.0013266113986235702
0.8157575021261086,0.8789763057991884,1.0,0.0013266114342591318
0.8157575021261086,0.8789954836035171,1.0,0.0013266114698946955
0.8157575021261086,0.8790146622447198,1.0,0.001326611505530261
0.815737253472644,0.8790120224302328,1.0,0.0013266115411658284
0.815737253472644,0.8790312022692559,1.0,0.0013266115768013978
0.815737253472644,0.8790503829452967,1.0,0.001326611612436969
0.8157170048191795,0.8790477437374531,1.0,0.0013266116480725424
0.815696756165715,0.8790642866495003,1.0,0.0013266116837081174
0.8156360102053214,0.8791714865661218,1.0,0.0013266117193436943
0.8156360102053214,0.8791906757464641,1.0,0.0013266117549792734
0.8156360102053214,0.8792098657644876,1.0,0.001326611790614854
0.8155752642449278,0.8792019558194359,1.0,0.0013266118262504369
0.8155550155914632,0.8791993189408658,1.0,0.0013266118618860216
0.8155347669379986,0.8791966819471732,1.0,0.0013266118975216081
0.8155347669379986,0.8792158746097928,1.0,0.0013266119331571968
0.8155347669379986,0.8792350681103738,1.0,0.0013266119687927872
0.815514518284534,0.8792516264244858,1.0,0.0013266120044283796
0.815514518284534,0.8793092155535663,1.0,0.0013266120400639736
0.815514518284534,0.8793476124975437,1.0,0.00132661207569957
0.815514518284534,0.8793668122270742,1.0,0.0013266121113351679
0.815474020977605,0.8793615441722346,1.0,0.001326612146970768
0.8154537723241404,0.8793781116254695,1.0,0.00132661218260637
0.8154537723241404,0.8794165174477006,1.0,0.0013266122182419738
0.8154132750172114,0.879411250873515,1.0,0.0013266122538775793
0.8154132750172114,0.879430455766417,1.0,0.001326612289513187
0.8154132750172114,0.8794496614981437,1.0,0.0013266123251487966
0.8153525290568178,0.8796146620647473,1.0,0.001326612360784408
0.8153525290568178,0.8796338772746138,1.0,0.0013266123964200216
0.8153525290568178,0.8796530933240125,1.0,0.0013266124320556367
0.8153525290568178,0.8797107465099513,1.0,0.001326612467691254
0.8153525290568178,0.8797299659180284,1.0,0.0013266125033268733
0.8153322804033531,0.8797273382709576,1.0,0.0013266125389624942
0.8152310371360304,0.8798295454545455,1.0,0.0013266125745981172
0.8152107884825659,0.8799230668356866,1.0,0.001326612610233742
0.8151905398291014,0.8799204423753634,1.0,0.0013266126458693689
0.8151905398291014,0.8799396747683161,1.0,0.0013266126815049976
0.8151905398291014,0.8799589080020109,1.0,0.0013266127171406281
0.8151702911756368,0.8799562841530054,1.0,0.0013266127527762608
0.8150690479083141,0.880039352864014,1.0,0.0013266127884118952
0.8150083019479205,0.8800892115275287,1.0,0.0013266128240475316
0.8149880532944559,0.8801250792678926,1.0,0.00132661285968317
0.8149880532944559,0.8801443253881478,1.0,0.00132661289531881
0.8149880532944559,0.8801635723501497,1.0,0.0013266129309544522
0.8149273073340623,0.8802134593093192,1.0,0.0013266129665900962
0.8149070586805978,0.880249343832021,1.0,0.001326613002225742
0.8149070586805978,0.8802878516120565,1.0,0.00132661303786139
0.8148868100271331,0.8802852330642869,1.0,0.0013266130734970398
0.8148868100271331,0.8803044885816782,1.0,0.0013266131091326915
0.8148868100271331,0.8803237449414852,1.0,0.001326613144768345
0.8148463127202041,0.8804533321664552,1.0,0.0013266131804040005
0.8148463127202041,0.8804725959960616,1.0,0.0013266132160396579
0.8148463127202041,0.8805111261842767,1.0,0.0013266132516753172
0.8148260640667395,0.88054704595186,1.0,0.0013266132873109785
0.8148260640667395,0.8805663143613646,1.0,0.0013266133229466418
0.8148260640667395,0.8805855836141625,1.0,0.0013266133585823068
0.814805815413275,0.8806215122004596,1.0,0.0013266133942179737
0.8147855667598105,0.8806188996367138,1.0,0.0013266134298536426
0.8147855667598105,0.8806381721489068,1.0,0.0013266134654893135
0.8147855667598105,0.8806574455046835,1.0,0.0013266135011249863
0.8147450694528814,0.8806907721940116,1.0,0.001326613536760661
0.8110598145223342,0.8822104266237913,1.0,0.0013266135723963375
0.8110395658688697,0.8822466960352423,1.0,0.001326613608032016
0.8110395658688697,0.8822855632406714,1.0,0.0013266136436676963
0.8110395658688697,0.8823049981276295,1.0,0.0013266136793033787
0.8110395658688697,0.8823244338708256,1.0,0.001326613714939063
0.8109990685619406,0.8823581247796969,1.0,0.0013266137505747492
0.8109990685619406,0.8823970037453184,1.0,0.0013266137862104372
0.8109990685619406,0.8824358861373051,1.0,0.001326613821846127
0.8109990685619406,0.8824942161507106,1.0,0.001326613857481819
0.8109990685619406,0.8825136612021858,1.0,0.0013266138931175128
0.8109990685619406,0.8825331071105921,1.0,0.0013266139287532086
0.8109990685619406,0.8825525538759861,1.0,0.0013266139643889061
0.8109788199084761,0.8825499658447368,1.0,0.0013266140000246058
0.8109585712550116,0.882547377699427,1.0,0.0013266140356603072
0.8109585712550116,0.8825668260649199,1.0,0.0013266140712960106
0.8109585712550116,0.8825862752875843,1.0,0.001326614106931716
0.810938322601547,0.8826031382228491,1.0,0.001326614142567423
0.810938322601547,0.8826225895316805,1.0,0.0013266141782031322
0.810938322601547,0.8826420416978886,1.0,0.0013266142138388432
0.810938322601547,0.8826614947215304,1.0,0.001326614249474556
0.8109180739480825,0.8826783628308832,1.0,0.001326614285110271
0.8109180739480825,0.8826978179413709,1.0,0.0013266143207459878
0.8109180739480825,0.88273673073532,1.0,0.0013266143563817065
0.8109180739480825,0.8827561884188948,1.0,0.001326614392017427
0.810897825294618,0.8827536040206322,1.0,0.0013266144276531497
0.810897825294618,0.88277306293398,1.0,0.0013266144632888741
0.810897825294618,0.8828509071669496,1.0,0.0013266144989246005
0.810897825294618,0.8828703703703704,1.0,0.0013266145345603286
0.810897825294618,0.8829092993518233,1.0,0.0013266145701960588
0.8108775766411533,0.8829845875686283,1.0,0.001326614605831791
0.8108370793342242,0.8830767873682354,1.0,0.001326614641467525
0.8108370793342242,0.8830962619913992,1.0,0.0013266146771032609
0.8107965820272952,0.8830911055730764,1.0,0.0013266147127389987
0.8107965820272952,0.8831105818005381,1.0,0.0013266147483747385
0.8107358360669016,0.8832002470551904,1.0,0.00132661478401048
0.8106143441461143,0.8832822187410365,1.0,0.0013266148196462238
0.8105940954926497,0.8832796434402719,1.0,0.0013266148552819692
0.8105738468391852,0.8832770680258599,1.0,0.0013266148909177166
0.8105738468391852,0.8832965578111209,1.0,0.001326614926553466
0.8105535981857207,0.883293982656281,1.0,0.0013266149621892172
0.8105535981857207,0.8833134736749194,1.0,0.0013266149978249703
0.810452354918398,0.8833980753950738,1.0,0.0013266150334607255
0.810452354918398,0.8834175734433972,1.0,0.0013266150690964824
0.810452354918398,0.8834370723524478,1.0,0.0013266151047322413
0.8104321062649333,0.883434499503366,1.0,0.0013266151403680021
0.8104321062649333,0.8834539996468304,1.0,0.0013266151760037647
0.8104321062649333,0.8835125052427099,1.0,0.0013266152116395294
0.8104118576114688,0.8835099337748344,1.0,0.001326615247275296
0.8104118576114688,0.8835294377359324,1.0,0.0013266152829110645
0.8103713603045397,0.8835242952071881,1.0,0.001326615318546835
0.8103713603045397,0.8835438007771106,1.0,0.001326615354182607
0.8103308629976107,0.8835581657209723,1.0,0.0013266153898183813
0.8103308629976107,0.8835776737613706,1.0,0.0013266154254541575
0.8103106143441461,0.8835751032213905,1.0,0.0013266154610899355
0.8102903656906816,0.8835920422177571,1.0,0.0013266154967257154
0.8102701170372171,0.883589471824766,1.0,0.0013266155323614973
0.810229619730288,0.8835843306982291,1.0,0.0013266155679972811
0.8102093710768233,0.8835817599646683,1.0,0.0013266156036330669
0.8102093710768233,0.8836012719724406,1.0,0.0013266156392688544
0.8102093710768233,0.8836207848419937,1.0,0.001326615674904644
0.8102093710768233,0.8836402985733846,1.0,0.0013266157105404355
0.8101688737698943,0.8837132255499602,1.0,0.0013266157461762288
0.8101486251164297,0.8837301762601051,1.0,0.001326615781812024
0.8101283764629652,0.8837471284679272,1.0,0.0013266158174478212
0.8101283764629652,0.8837666497316162,1.0,0.0013266158530836204
0.8101283764629652,0.8837861718577424,1.0,0.0013266158887194214
0.8101081278095007,0.8837836046742804,1.0,0.0013266159243552243
0.8100878791560361,0.883820085715548,1.0,0.0013266159599910291
0.8100676305025716,0.883817519054457,1.0,0.001326615995626836
0.8100473818491071,0.8838540055675843,1.0,0.0013266160312626445
0.8098246466609971,0.8843143324636271,1.0,0.0013266160668984552
0.8097639007006034,0.8844435598018401,1.0,0.0013266161025342676
0.8097639007006034,0.8844631206458033,1.0,0.001326616138170082
0.8097639007006034,0.8845022449295556,1.0,0.0013266161738058984
0.8097436520471388,0.8844996903476953,1.0,0.0013266162094417167
0.8097234033936743,0.884516699845167,1.0,0.0013266162450775367
0.8096424087798162,0.8846826116777662,1.0,0.0013266162807133589
0.8096019114728871,0.8846775085739573,1.0,0.0013266163163491828
0.8096019114728871,0.8846970836836748,1.0,0.0013266163519850087
0.8096019114728871,0.8847166596596818,1.0,0.0013266163876208365
0.809561414165958,0.884809454255743,1.0,0.0013266164232566663
0.8095411655124934,0.8848852393705319,1.0,0.0013266164588924979
0.8095209168590288,0.8848826914563966,1.0,0.0013266164945283316
0.8095209168590288,0.8849022776068527,1.0,0.001326616530164167
0.8095006682055643,0.8848997299570588,1.0,0.0013266165658000044
0.8095006682055643,0.8849193173517498,1.0,0.0013266166014358437
0.8095006682055643,0.8849780847390092,1.0,0.001326616637071685
0.8095006682055643,0.884997675602683,1.0,0.001326616672707528
0.8094804195520998,0.8849951297263792,1.0,0.0013266167083433732
0.8094804195520998,0.8850147218348056,1.0,0.00132661674397922
0.8094196735917062,0.8850266787698984,1.0,0.001326616779615069
0.8093994249382416,0.885043728550869,1.0,0.0013266168152509198
0.8093791762847771,0.8850411832432911,1.0,0.0013266168508867724
0.8093791762847771,0.885060779841906,1.0,0.001326616886522627
0.8093589276313126,0.8850582347991675,1.0,0.0013266169221584836
0.809338678977848,0.8850752878653676,1.0,0.001326616957794342
0.8093184303243834,0.8851315439808664,1.0,0.0013266169934302023
0.8090551978293443,0.8855300192814876,1.0,0.0013266170290660646
0.8090349491758798,0.885645254244802,1.0,0.001326617064701929
0.8090349491758798,0.8856648859530513,1.0,0.001326617100337795
0.8089539545620216,0.8856743814844373,1.0,0.001326617135973663
0.8089337059085571,0.8856914822861703,1.0,0.001326617171609533
0.8089337059085571,0.8857111185012748,1.0,0.0013266172072454049
0.8089134572550926,0.885767499611982,1.0,0.0013266172428812787
0.8088932086016279,0.8858042485254335,1.0,0.0013266172785171542
0.8088729599481634,0.8858017163004192,1.0,0.001326617314153032
0.8088729599481634,0.8858213588788363,1.0,0.0013266173497889114
0.8088527112946989,0.8858384707499889,1.0,0.0013266173854247928
0.8088324626412343,0.8858555841390934,1.0,0.0013266174210606761
0.8088324626412343,0.8858752300902619,1.0,0.0013266174566965614
0.8088122139877698,0.8859119943222143,1.0,0.0013266174923324485
0.8088122139877698,0.8859316432674607,1.0,0.0013266175279683377
0.8088122139877698,0.8859512930843277,1.0,0.0013266175636042286
0.8087919653343053,0.8859684145151273,1.0,0.0013266175992401215
0.8087717166808407,0.8859658851451767,1.0,0.0013266176348760163
0.8087514680273762,0.8859633556630141,1.0,0.0013266176705119131
0.8087514680273762,0.8859830083627249,1.0,0.0013266177061478117
0.8087109707204471,0.886076230199228,1.0,0.0013266177417837123
0.8087109707204471,0.8861155484558041,1.0,0.0013266177774196148
0.8087109707204471,0.8861352088926361,1.0,0.0013266178130555192
0.8087109707204471,0.8861548702019082,1.0,0.0013266178486914255
0.8087109707204471,0.8862335241645587,1.0,0.0013266178843273338
0.8087109707204471,0.8862531898369023,1.0,0.0013266179199632438
0.808670473413518,0.8862481414908018,1.0,0.001326617955599156
0.8085084841858017,0.8866018296473932,1.0,0.00132661799123507
0.8082047543838334,0.8869383582951869,1.0,0.0013266180268709858
0.8082047543838334,0.8869580675984978,1.0,0.0013266180625069036
0.8082047543838334,0.8869777777777778,1.0,0.0013266180981428234
0.8082047543838334,0.8870369135720159,1.0,0.001326618133778745
0.8082047543838334,0.8870566272557561,1.0,0.0013266181694146684
0.8081845057303689,0.8870541171241249,1.0,0.001326618205050594
0.8081642570769044,0.8870713222056764,1.0,0.0013266182406865214
0.8081440084234398,0.8870688122332859,1.0,0.0013266182763224505
0.8081440084234398,0.8870885288168745,1.0,0.0013266183119583818
0.8081035111165108,0.8871229466290261,1.0,0.001326618347594315
0.8081035111165108,0.8872018318031256,1.0,0.00132661838323025
0.8080832624630462,0.8872979522867244,1.0,0.0013266184188661869
0.8080225165026526,0.8873890902621806,1.0,0.0013266184545021257
0.8080225165026526,0.8874088240526596,1.0,0.0013266184901380665
0.8079820191957234,0.8874038162166971,1.0,0.0013266185257740093
0.8079820191957234,0.8874235516512843,1.0,0.0013266185614099538
0.8079617705422589,0.8874210479494707,1.0,0.0013266185970459002
0.8079617705422589,0.8874407846451526,1.0,0.0013266186326818489
0.8079617705422589,0.8874605222187625,1.0,0.0013266186683177992
0.8079415218887944,0.8875172383113128,1.0,0.0013266187039537513
0.8079415218887944,0.8875567221283033,1.0,0.0013266187395897056
0.8079415218887944,0.8875764653542432,1.0,0.0013266187752256616
0.8079415218887944,0.8876357003025449,1.0,0.0013266188108616197
0.8078605272749362,0.8876651982378855,1.0,0.0013266188464975796
0.8078605272749362,0.8877442036402474,1.0,0.0013266188821335415
0.8078605272749362,0.8877837116154873,1.0,0.0013266189177695053
0.8077997813145426,0.8877959764999109,1.0,0.0013266189534054708
0.8077997813145426,0.8878157338377657,1.0,0.0013266189890414385
0.8077592840076135,0.8879095441595442,1.0,0.001326619024677408
0.8076985380472198,0.8880601999243048,1.0,0.0013266190603133793
0.8076985380472198,0.88807997150236,1.0,0.0013266190959493526
0.8076782893937553,0.8880774796838473,1.0,0.001326619131585328
0.8076782893937553,0.8880972525270517,1.0,0.001326619167221305
0.8076377920868262,0.8881120438199995,1.0,0.0013266192028572842
0.8076377920868262,0.8881515954485738,1.0,0.001326619238493265
0.8076377920868262,0.8881713725839494,1.0,0.001326619274129248
0.8076377920868262,0.8882109294971718,1.0,0.0013266193097652328
0.8076377920868262,0.8882307092751364,1.0,0.0013266193454012196
0.8076175434333617,0.8882282202031,1.0,0.001326619381037208
0.8075770461264326,0.8882628062360802,1.0,0.0013266194166731986
0.8075770461264326,0.8882825898126907,1.0,0.0013266194523091912
0.8075770461264326,0.8883023742705688,1.0,0.0013266194879451856
0.8075770461264326,0.8883419458303635,1.0,0.001326619523581182
0.807556797472968,0.8883394587370531,1.0,0.00132661955921718
0.807556797472968,0.8883592462244398,1.0,0.0013266195948531802
0.8075163001660389,0.888354272476165,1.0,0.0013266196304891821
0.8075163001660389,0.8883740616159141,1.0,0.001326619666125186
0.8074960515125744,0.8883715749610158,1.0,0.001326619701761192
0.8074960515125744,0.8883913653679075,1.0,0.0013266197373971997
0.8074960515125744,0.8884111566565674,1.0,0.0013266197730332095
0.8074555542056453,0.8884061845564318,1.0,0.001326619808669221
0.8074555542056453,0.888445771321629,1.0,0.0013266198443052347
0.8074353055521808,0.8884432858766125,1.0,0.00132661987994125
0.8074353055521808,0.8884828769412446,1.0,0.0013266199155772674
0.8074150568987163,0.8885001893981594,1.0,0.0013266199512132868
0.8074150568987163,0.8885397865276199,1.0,0.0013266199868493078
0.8073543109383226,0.8886115444617785,1.0,0.001326620022485331
0.8067468513343863,0.8892311125990403,1.0,0.001326620058121356
0.8067468513343863,0.8893105064619093,1.0,0.0013266200937573829
0.8067468513343863,0.8893303571428571,1.0,0.0013266201293934117
0.8067266026809217,0.8893278867831871,1.0,0.0013266201650294425
0.8067063540274572,0.8893452686563832,1.0,0.0013266202006654753
0.806665856720528,0.889380037059362,1.0,0.0013266202363015098
0.806665856720528,0.8893998928380068,1.0,0.0013266202719375462
0.806665856720528,0.8894197495032484,1.0,0.0013266203075735848
0.8066456080670635,0.8894371385831342,1.0,0.001326620343209625
0.8066456080670635,0.8894768571237189,1.0,0.0013266203788456672
0.806625359413599,0.8895737031330252,1.0,0.0013266204144817115
0.8065848621066699,0.8895886372772344,1.0,0.0013266204501177574
0.8065646134532054,0.8895861714719611,1.0,0.0013266204857538056
0.8065646134532054,0.8896060389494372,1.0,0.0013266205213898555
0.8065646134532054,0.8896259073143495,1.0,0.0013266205570259073
0.8065646134532054,0.8896457765667575,1.0,0.0013266205926619609
0.8065443647997408,0.88964331181739,1.0,0.0013266206282980166
0.8065443647997408,0.8897824241611938,1.0,0.001326620663934074
0.8065443647997408,0.8898023009047247,1.0,0.0013266206995701337
0.8065443647997408,0.8898221785363238,1.0,0.0013266207352061951
0.8065241161462763,0.8898197171771329,1.0,0.0013266207708422582
0.8065241161462763,0.8898594758830232,1.0,0.0013266208064783235
0.8065241161462763,0.8898793565683646,1.0,0.0013266208421143907
0.806443121532418,0.8900087152785537,1.0,0.0013266208777504597
0.806443121532418,0.8900484948711646,1.0,0.0013266209133865306
0.806443121532418,0.8900882780198905,1.0,0.0013266209490226035
0.806443121532418,0.8901081709279457,1.0,0.0013266209846586783
0.8063418782650954,0.8903546035862809,1.0,0.001326621020294755
0.8062608836512372,0.8904642633509259,1.0,0.0013266210559308336
0.8062406349977727,0.8905215602075506,1.0,0.0013266210915669143
0.8062001376908435,0.8905166629389398,1.0,0.0013266211272029967
0.806179889037379,0.8905142141403297,1.0,0.001326621162839081
0.806179889037379,0.8905341325937193,1.0,0.0013266211984751673
0.8061191430769854,0.8907858229660789,1.0,0.0013266212341112556
0.8061191430769854,0.8908057550737285,1.0,0.0013266212697473456
0.8061191430769854,0.8908456219651368,1.0,0.0013266213053834376
0.8061191430769854,0.8908655567490154,1.0,0.0013266213410195317
0.8061191430769854,0.8909253664540674,1.0,0.0013266213766556275
0.8061191430769854,0.890965244052548,1.0,0.0013266214122917251
0.8060988944235208,0.8909628038136163,1.0,0.0013266214479278249
0.8060988944235208,0.8910026857654432,1.0,0.0013266214835639264
0.8060786457700563,0.891000246200676,1.0,0.00132662151920003
0.8060786457700563,0.8910201889072922,1.0,0.0013266215548361354
0.8060786457700563,0.8910401325066589,1.0,0.0013266215904722428
0.8060583971165918,0.8911174785100286,1.0,0.001326621626108352
0.8060583971165918,0.8911773265575679,1.0,0.001326621661744463
0.8060583971165918,0.8911972776932032,1.0,0.0013266216973805763
0.8060583971165918,0.8912371826445171,1.0,0.0013266217330166912
0.8060583971165918,0.8912571364603157,1.0,0.0013266217686528081
0.8060583971165918,0.8912970467724962,1.0,0.001326621804288927
0.8060381484631272,0.8913944062520993,1.0,0.0013266218399250477
0.8060178998096627,0.8913919742027947,1.0,0.0013266218755611703
0.8060178998096627,0.8914119359534207,1.0,0.001326621911197295
0.8060178998096627,0.8914318985981099,1.0,0.0013266219468334214
0.8059976511561981,0.8914294672250465,1.0,0.0013266219824695498
0.8056534240473009,0.8916877703323547,1.0,0.00132662201810568
0.8055724294334426,0.8918979509483029,1.0,0.0013266220537418124
0.8055724294334426,0.8919179464185629,1.0,0.0013266220893779464
0.8055724294334426,0.8919579400488756,1.0,0.0013266221250140826
0.8055724294334426,0.8919779382090489,1.0,0.0013266221606502205
0.8055724294334426,0.8919979372659805,1.0,0.0013266221962863604
0.8055724294334426,0.892017937219731,1.0,0.0013266222319225022
0.8055521807799781,0.8920155160429606,1.0,0.001326622267558646
0.8055319321265136,0.8920130947576125,1.0,0.0013266223031947915
0.8054914348195845,0.8920082518611535,1.0,0.0013266223388309392
0.8054711861661199,0.892005830250028,1.0,0.0013266223744670886
0.8054509375126554,0.8920034085302956,1.0,0.00132662241010324
0.8054509375126554,0.8920234117462382,1.0,0.0013266224457393933
0.8054104402057263,0.8921186022518279,1.0,0.0013266224813755485
0.8053901915522618,0.8921161825726142,1.0,0.0013266225170117055
0.8053699428987973,0.8921537840384012,1.0,0.0013266225526478645
0.8053496942453326,0.8921913905650642,1.0,0.0013266225882840256
0.8053091969384036,0.8921865536038764,1.0,0.0013266226239201885
0.8053091969384036,0.8922265844083006,1.0,0.001326622659556353
0.8053091969384036,0.8922466011576256,1.0,0.0013266226951925198
0.8053091969384036,0.8922666188051063,1.0,0.0013266227308286885
0.8052686996314745,0.8922818039039713,1.0,0.001326622766464859
0.8052079536710809,0.8923746690004937,1.0,0.0013266228021010314
0.8051877050176163,0.8923922800718133,1.0,0.0013266228377372057
0.8051674563641518,0.8924299212244989,1.0,0.001326622873373382
0.8051674563641518,0.892449950623934,1.0,0.0013266229090095603
0.8050459644433645,0.8927560964656218,1.0,0.0013266229446457403
0.8050257157899,0.8927937841054546,1.0,0.0013266229802819222
0.8050257157899,0.8928338835365717,1.0,0.001326623015918106
0.8050257157899,0.892914093206064,1.0,0.001326623051554292
0.8049447211760418,0.8930248230933393,1.0,0.0013266230871904797
0.8049447211760418,0.8930850107836089,1.0,0.0013266231228266695
0.8049244725225773,0.893082608793332,1.0,0.001326623158462861
0.8049042238691128,0.8930802066951247,1.0,0.0013266231940990546
0.8048839752156481,0.8930778044889798,1.0,0.00132662322973525
0.8048839752156481,0.8930978700458344,1.0,0.0013266232653714473
0.8048839752156481,0.8931179365043701,1.0,0.0013266233010076464
0.8048637265621836,0.893115534984047,1.0,0.0013266233366438476
0.8048637265621836,0.893135602741265,1.0,0.0013266233722800506
0.8047624832948609,0.8932440329033128,1.0,0.0013266234079162558
0.8047422346413964,0.8932416335153844,1.0,0.0013266234435524626
0.8047422346413964,0.8932817873277742,1.0,0.0013266234791886715
0.8047422346413964,0.8933018655877726,1.0,0.001326623514824882
0.8047422346413964,0.8933420248156806,1.0,0.0013266235504610948
0.8046612400275381,0.8934328559544954,1.0,0.0013266235860973092
0.8046409913740736,0.893430460002698,1.0,0.0013266236217335259
0.8046409913740736,0.8934505474739753,1.0,0.0013266236573697442
0.8046409913740736,0.8935108153078203,1.0,0.0013266236930059645
0.8042360183047828,0.8936639366393664,1.0,0.0013266237286421866
0.8042157696513181,0.89366154400018,1.0,0.0013266237642784108
0.8041955209978536,0.893659151253319,1.0,0.0013266237999146368
0.8041955209978536,0.8936792601426611,1.0,0.0013266238355508647
0.8041752723443891,0.8936768676867687,1.0,0.0013266238711870948
0.80413477503746,0.8937123053380143,1.0,0.0013266239068233264
0.8041145263839955,0.8937099133565882,1.0,0.0013266239424595601
0.8041145263839955,0.8937300265562407,1.0,0.0013266239780957958
0.8041145263839955,0.8937702556715881,1.0,0.0013266240137320333
0.8040537804236019,0.8938234367262414,1.0,0.0013266240493682727
0.8039930344632082,0.8938162663485132,1.0,0.001326624085004514
0.8039930344632082,0.8938363873756247,1.0,0.0013266241206407574
0.8039930344632082,0.8938565093086603,1.0,0.0013266241562770026
0.8039727858097436,0.8938541197658713,1.0,0.0013266241919132496
0.8039727858097436,0.8938742430041199,1.0,0.0013266242275494988
0.8039525371562791,0.8938919782965982,1.0,0.0013266242631857497
0.8039322885028146,0.8939298419417301,1.0,0.0013266242988220025
0.8039322885028146,0.8939499696034945,1.0,0.001326624334458257
0.8039322885028146,0.8940103580274713,1.0,0.0013266243700945138
0.8038917911958855,0.8940861183677146,1.0,0.0013266244057307725
0.8038715425424209,0.8940837330810981,1.0,0.001326624441367033
0.8038512938889564,0.8940813476870412,1.0,0.0013266244770032954
0.8038310452354919,0.8940990990990991,1.0,0.0013266245126395597
0.8037095533147046,0.8942459334024242,1.0,0.001326624548275826
0.803648807354311,0.8943193852948467,1.0,0.001326624583912094
0.8036285587008464,0.8943170039208617,1.0,0.0013266246195483642
0.8036285587008464,0.8943371566351939,1.0,0.0013266246551846361
0.8035475640869882,0.8945292248044542,1.0,0.00132662469082091
0.8035475640869882,0.8945493891168117,1.0,0.0013266247264571858
0.8035273154335236,0.8945470120150583,1.0,0.0013266247620934636
0.8034868181265946,0.894582591248281,1.0,0.0013266247977297434
0.8034868181265946,0.8946027594913879,1.0,0.0013266248333660248
0.80346656947313,0.8946003832713335,1.0,0.0013266248690023083
0.8034463208196655,0.8945980069441313,1.0,0.0013266249046385936
0.8034058235127364,0.894593253968254,1.0,0.001326624940274881
0.8033855748592719,0.8946312205461228,1.0,0.0013266249759111702
0.8033653262058074,0.8946288445927663,1.0,0.0013266250115474615
0.8033450775523427,0.894626468532257,1.0,0.0013266250471837544
0.8033248288988782,0.8946240923645875,1.0,0.0013266250828200493
0.8033045802454137,0.894662066166024,1.0,0.0013266251184563462
0.8032640829384846,0.8946774921064502,1.0,0.001326625154092645
0.8032235856315555,0.8947130999639119,1.0,0.0013266251897289458
0.803203336978091,0.8947309063021609,1.0,0.0013266252253652483
0.8031830883246264,0.8947285317934721,1.0,0.001326625261001553
0.8031830883246264,0.894748714247045,1.0,0.0013266252966378594
0.8031628396711619,0.8948270805603808,1.0,0.0013266253322741677
0.7987081359089621,0.8964365256124721,1.0,0.001326625367910478
0.7986878872554976,0.8964545454545455,1.0,0.0013266254035467903
0.7986878872554976,0.8964749198845429,1.0,0.0013266254391831043
0.7986676386020329,0.8964725669348607,1.0,0.0013266254748194204
0.7986676386020329,0.8965133193926721,1.0,0.0013266255104557383
0.7986473899485684,0.8965109671553586,1.0,0.0013266255460920582
0.7986271412951039,0.8965697529040031,1.0,0.00132662558172838
0.7985461466812457,0.8966214987268097,1.0,0.0013266256173647035
0.7985461466812457,0.8966418843644135,1.0,0.0013266256530010292
0.7985461466812457,0.8966826584206816,1.0,0.0013266256886373567
0.7985056493743166,0.896800309280695,1.0,0.001326625724273686
0.7984854007208521,0.8967979623396707,1.0,0.0013266257599100174
0.7984854007208521,0.8968183575538423,1.0,0.0013266257955463507
0.7984854007208521,0.8968795487627366,1.0,0.001326625831182686
0.7984449034139229,0.8969156582658538,1.0,0.001326625866819023
0.7984246547604584,0.8969133134681436,1.0,0.001326625902455362
0.7984044061069939,0.8969109685637596,1.0,0.001326625938091703
0.7983639088000648,0.8969062784349409,1.0,0.0013266259737280458
0.7983436601466003,0.8969039332104916,1.0,0.0013266260093643904
0.7983234114931357,0.896962802866568,1.0,0.001326626045000737
0.7983031628396712,0.8970625042663086,1.0,0.0013266260806370856
0.7983031628396712,0.8970829161736598,1.0,0.0013266261162734362
0.7983031628396712,0.8971033290099438,1.0,0.0013266261519097886
0.7983031628396712,0.8971441574695642,1.0,0.001326626187546143
0.7981006763050257,0.8971615869619648,1.0,0.0013266262231824992
0.7981006763050257,0.8971820085586816,1.0,0.0013266262588188572
0.7981006763050257,0.8972024310851108,1.0,0.0013266262944552174
0.7980196816911675,0.8972339214570291,1.0,0.0013266263300915793
0.797999433037703,0.8972520091979145,1.0,0.0013266263657279432
0.797999433037703,0.8972724375028459,1.0,0.001326626401364309
0.7979791843842384,0.8972700985860977,1.0,0.0013266264370006768
0.7979589357307739,0.8972881896218038,1.0,0.0013266264726370463
0.7979589357307739,0.8973290525309106,1.0,0.001326626508273418
0.7979184384238448,0.8973856804518127,1.0,0.0013266265439097914
0.7978981897703803,0.8975059788179023,1.0,0.0013266265795461667
0.7978779411169157,0.8975036443148688,1.0,0.001326626615182544
0.7978576924634512,0.8975013097054871,1.0,0.0013266266508189233
0.7977969465030575,0.8975556416156002,1.0,0.0013266266864553043
0.7977969465030575,0.8975760889374886,1.0,0.0013266267220916872
0.7977969465030575,0.8975965371910241,1.0,0.0013266267577280724
0.797776697849593,0.8976146538172374,1.0,0.0013266267933644592
0.797776697849593,0.8977169157856362,1.0,0.001326626829000848
0.797776697849593,0.8977782841517603,1.0,0.0013266268646372386
0.7977362005426639,0.8978145438800392,1.0,0.0013266269002736313
0.7977159518891994,0.8978122151321787,1.0,0.0013266269359100257
0.797553962661483,0.8981416030099191,1.0,0.0013266269715464221
0.7973919734337667,0.8982459341712096,1.0,0.0013266270071828205
0.7973919734337667,0.8982664233576643,1.0,0.0013266270428192208
0.7973919734337667,0.8982869134788658,1.0,0.001326627078455623
0.7973717247803022,0.8984485512206252,1.0,0.001326627114092027
0.7973717247803022,0.8984895500593229,1.0,0.0013266271497284331
0.7973514761268375,0.8985077351343951,1.0,0.001326627185364841
0.7972704815129794,0.8985189749207001,1.0,0.0013266272210012509
0.7972704815129794,0.8985394796896394,1.0,0.0013266272566376627
0.7972704815129794,0.8985804920352367,1.0,0.0013266272922740762
0.7972299842060503,0.8986168804491715,1.0,0.0013266273279104919
0.7972299842060503,0.8986579019446727,1.0,0.0013266273635469093
0.7971894868991212,0.8986532755078749,1.0,0.0013266273991833287
0.7970477463248694,0.8988012330174677,1.0,0.00132662743481975
0.7970274976714049,0.898798922226789,1.0,0.0013266274704561733
0.7970072490179403,0.898796611330578,1.0,0.0013266275060925985
0.7969870003644758,0.8987943003288272,1.0,0.0013266275417290255
0.7969262544040822,0.898828419393884,1.0,0.0013266275773654544
0.7967035192159722,0.899049447034092,1.0,0.0013266276130018855
0.796663021909043,0.8990448334171198,1.0,0.0013266276486383183
0.796663021909043,0.8990859232175503,1.0,0.0013266276842747529
0.7966427732555785,0.8990836170844855,1.0,0.0013266277199111896
0.7966225246021139,0.8990813108460167,1.0,0.001326627755547628
0.7966225246021139,0.8991018579884361,1.0,0.0013266277911840687
0.7966225246021139,0.8991224060700247,1.0,0.001326627826820511
0.7965212813347913,0.8992341981940793,1.0,0.0013266278624569554
0.7965212813347913,0.89925475493782,1.0,0.0013266278980934014
0.7965212813347913,0.899275312621448,1.0,0.0013266279337298497
0.7965010326813267,0.8992730099218142,1.0,0.0013266279693662996
0.7964807840278622,0.8992707071168926,1.0,0.0013266280050027517
0.7964605353743976,0.8992889640823979,1.0,0.0013266280406392056
0.7964605353743976,0.8993095248982578,1.0,0.0013266280762756614
0.7964605353743976,0.8993300866543201,1.0,0.001326628111912119
0.7964605353743976,0.8993506493506493,1.0,0.0013266281475485787
0.7964605353743976,0.8993917775643664,1.0,0.00132662818318504
0.7964605353743976,0.8994123430818832,1.0,0.0013266282188215035
0.7964605353743976,0.899432909539925,1.0,0.001326628254457969
0.7964200380674685,0.8995517336016833,1.0,0.0013266282900944362
0.7963795407605394,0.8995471387402223,1.0,0.0013266283257309054
0.7963795407605394,0.8995677134557764,1.0,0.0013266283613673766
0.7963795407605394,0.8996088657105606,1.0,0.0013266283970038496
0.7963795407605394,0.899670601152896,1.0,0.0013266284326403244
0.7963795407605394,0.8996911815166418,1.0,0.0013266284682768013
0.7960960596120358,0.9000915750915751,1.0,0.00132662850391328
0.7960555623051067,0.9000870003205275,1.0,0.0013266285395497608
0.7960150649981776,0.9000824251305064,1.0,0.0013266285751862433
0.795994816344713,0.9000801373783629,1.0,0.001326628610822728
0.795994816344713,0.9001007464395292,1.0,0.0013266286464592143
0.795994816344713,0.9001419673932954,1.0,0.0013266286820957027
0.795954319037784,0.9001786205001374,1.0,0.001326628717732193
0.7959340703843194,0.9001969495717492,1.0,0.001326628753368685
0.7959340703843194,0.9002175655559372,1.0,0.0013266287890051792
0.7959340703843194,0.9002381824844266,1.0,0.001326628824641675
0.7959340703843194,0.9002588003572819,1.0,0.001326628860278173
0.7959340703843194,0.9002794191745683,1.0,0.0013266288959146728
0.7959138217308549,0.9002771352007513,1.0,0.0013266289315511746
0.7958733244239258,0.9003138099273885,1.0,0.0013266289671876783
0.7958530757704613,0.9003115264797508,1.0,0.0013266290028241838
0.7958328271169968,0.9003092429274997,1.0,0.0013266290384606912
0.7958125784635321,0.9003482085585999,1.0,0.0013266290740972006
0.7957720811566031,0.9004467865734906,1.0,0.0013266291097337119
0.7957720811566031,0.9005086842949452,1.0,0.0013266291453702251
0.7957720811566031,0.9005293187598817,1.0,0.0013266291810067404
0.7957720811566031,0.9005705905268223,1.0,0.0013266292166432573
0.7957518325031385,0.9005683120216326,1.0,0.0013266292522797765
0.7956708378892804,0.9005798363623863,1.0,0.0013266292879162973
0.7956505892358158,0.9007014165864393,1.0,0.0013266293235528201
0.7956100919288868,0.9007175114045343,1.0,0.0013266293591893447
0.7955493459684931,0.9007106831728565,1.0,0.0013266293948258714
0.7955493459684931,0.9007519831262323,1.0,0.0013266294304623998
0.7954683513546349,0.9007841878382097,1.0,0.0013266294660989305
0.7954683513546349,0.9008048428148862,1.0,0.0013266295017354628
0.7954683513546349,0.9008254987388213,1.0,0.0013266295373719971
0.7954683513546349,0.9008461556100805,1.0,0.0013266295730085332
0.7954481027011704,0.9008645400967734,1.0,0.0013266296086450714
0.7954481027011704,0.9008851992845022,1.0,0.0013266296442816113
0.7954481027011704,0.9009058594197913,1.0,0.0013266296799181532
0.7954278540477058,0.9009035868268966,1.0,0.001326629715554697
0.7954278540477058,0.9009242483315368,1.0,0.0013266297511912428
0.7953873567407768,0.9010230296357464,1.0,0.0013266297868277906
0.7953671080873121,0.9010207592613831,1.0,0.0013266298224643403
0.7953468594338476,0.9010184887828601,1.0,0.0013266298581008917
0.7953266107803831,0.901036887502294,1.0,0.0013266298937374451
0.7953266107803831,0.9010575577527471,1.0,0.0013266299293740005
0.7952658648199895,0.9011541197255811,1.0,0.0013266299650105578
0.7952456161665249,0.901151851681887,1.0,0.001326630000647117
0.7952456161665249,0.9011725293132329,1.0,0.001326630036283678
0.7952253675130604,0.9011702615878844,1.0,0.0013266300719202411
0.7951646215526668,0.9012255014458163,1.0,0.001326630107556806
0.794395172721014,0.9017192240507493,1.0,0.0013266301431933728
0.7943749240675495,0.9017169650860781,1.0,0.0013266301788299416
0.7943749240675495,0.9017376913529168,1.0,0.0013266302144665121
0.794354675414085,0.9017768889501874,1.0,0.0013266302501030848
0.7943344267606204,0.901816091954023,1.0,0.0013266302857396592
0.7943344267606204,0.9018575566692721,1.0,0.0013266303213762356
0.7943141781071559,0.9018553003655424,1.0,0.001326630357012814
0.7942939294536914,0.9018530439580651,1.0,0.0013266303926493942
0.7942736808002268,0.901933733416109,1.0,0.0013266304282859764
0.7942534321467623,0.9019522178022028,1.0,0.0013266304639225604
0.7942534321467623,0.9019729580573952,1.0,0.0013266304995591463
0.7942331834932977,0.9019707038885184,1.0,0.0013266305351957344
0.7942129348398331,0.9019891916752903,1.0,0.001326630570832324
0.7941926861863686,0.9020076811627532,1.0,0.0013266306064689158
0.7941926861863686,0.9020284255554022,1.0,0.0013266306421055095
0.794172437532904,0.9020261723511419,1.0,0.001326630677742105
0.794172437532904,0.9020676648496976,1.0,0.0013266307133787025
0.7941116915725104,0.9021231569019852,1.0,0.001326630749015302
0.7941116915725104,0.9021439087228561,1.0,0.0013266307846519032
0.7941116915725104,0.9021854152288935,1.0,0.0013266308202885063
0.7940711942655814,0.9022224267243363,1.0,0.0013266308559251115
0.7940711942655814,0.9022431841711722,1.0,0.0013266308915617184
0.793909205037865,0.9024328492185881,1.0,0.0013266309271983275
0.793909205037865,0.9024536205864752,1.0,0.0013266309628349384
0.7938889563844005,0.9024721480526655,1.0,0.0013266309984715512
0.7938889563844005,0.902492921759547,1.0,0.0013266310341081657
0.7938687077309359,0.9024906772248055,1.0,0.0013266310697447824
0.7938687077309359,0.9025114523146336,1.0,0.0013266311053814009
0.7938484590774714,0.9026131000345343,1.0,0.0013266311410180215
0.7938079617705422,0.9026086155688071,1.0,0.0013266311766546438
0.7938079617705422,0.9026293976791306,1.0,0.001326631212291268
0.7937674644636131,0.9027080550822089,1.0,0.0013266312479278941
0.7937269671566841,0.9027243626649472,1.0,0.0013266312835645223
0.7937067185032195,0.9027429124156514,1.0,0.0013266313192011523
0.793686469849755,0.9027406725011515,1.0,0.0013266313548377841
0.793686469849755,0.902761463875262,1.0,0.001326631390474418
0.793686469849755,0.9027822562071031,1.0,0.0013266314261110538
0.793686469849755,0.902803049496741,1.0,0.0013266314617476915
0.7936257238893614,0.9028587224436203,1.0,0.001326631497384331
0.7936257238893614,0.9028795208477309,1.0,0.0013266315330209726
0.7936257238893614,0.9029003202100947,1.0,0.001326631568657616
0.7936054752358969,0.902898083302617,1.0,0.0013266316042942613
0.7936054752358969,0.9029188840509595,1.0,0.0013266316399309086
0.7935852265824322,0.902916647468092,1.0,0.0013266316755675576
0.7935852265824322,0.9030206677265501,1.0,0.0013266317112042088
0.7935042319685741,0.9031157817109144,1.0,0.0013266317468408617
0.7935042319685741,0.9031365951464589,1.0,0.0013266317824775166
0.7935042319685741,0.903157409541369,1.0,0.0013266318181141734
0.7931802535131414,0.9033924494361293,1.0,0.0013266318537508322
0.7931397562062122,0.9034921806523043,1.0,0.001326631889387493
0.7930992588992832,0.9034877283631666,1.0,0.0013266319250241554
0.7930992588992832,0.9035294117647059,1.0,0.00132663196066082
0.7930992588992832,0.903550254907841,1.0,0.0013266319962974863
0.7930790102458186,0.9035480298975731,1.0,0.0013266320319341547
0.7930587615923541,0.9035458047846449,1.0,0.001326632067570825
0.7930587615923541,0.9035666497485351,1.0,0.001326632103207497
0.7930385129388896,0.9035644249625101,1.0,0.001326632138844171
0.792977766978496,0.9036202958074714,1.0,0.001326632174480847
0.7929575183250314,0.9036597747830902,1.0,0.0013266322101175248
0.7929575183250314,0.9036806276681666,1.0,0.0013266322457542046
0.7929575183250314,0.903722336325664,1.0,0.0013266322813908864
0.7929372696715669,0.9037409706676514,1.0,0.00132663231702757
0.7929170210181022,0.9037596067299037,1.0,0.0013266323526642556
0.7928967723646377,0.9038199653779573,1.0,0.001326632388300943
0.7928562750577086,0.9038155252406344,1.0,0.0013266324239376323
0.7928562750577086,0.9038363879783944,1.0,0.0013266324595743236
0.7928360264042441,0.903896763470151,1.0,0.0013266324952110168
0.7928360264042441,0.9039384984763136,1.0,0.0013266325308477118
0.7928360264042441,0.9039593674246796,1.0,0.001326632566484409
0.7928360264042441,0.9039802373366579,1.0,0.0013266326021211079
0.792795529097315,0.9040801717967072,1.0,0.0013266326377578087
0.792572793909205,0.9043900184842883,1.0,0.0013266326733945115
0.792572793909205,0.9044109152244738,1.0,0.0013266327090312162
0.792572793909205,0.9044527116020057,1.0,0.0013266327446679227
0.7924917992953469,0.9044647809206877,1.0,0.0013266327803046314
0.7924715506418823,0.9044625730859005,1.0,0.0013266328159413417
0.7924715506418823,0.9044834758493182,1.0,0.001326632851578054
0.7924513019884177,0.9045230776342247,1.0,0.0013266328872147683
0.7924310533349532,0.9045208708916932,1.0,0.0013266329228514844
0.7924310533349532,0.9045626849112426,1.0,0.0013266329584882026
0.7923703073745596,0.9046187988348976,1.0,0.0013266329941249225
0.7923298100676305,0.9046143887553172,1.0,0.0013266330297616443
0.7923298100676305,0.9046771322220424,1.0,0.0013266330653983684
0.792309561414166,0.9046958451827704,1.0,0.001326633101035094
0.792309561414166,0.9047167630057803,1.0,0.0013266331366718217
0.792309561414166,0.904758601553829,1.0,0.0013266331723085513
0.7921475721864496,0.9048874702195082,1.0,0.0013266332079452828
0.7919855829587332,0.9050164283400435,1.0,0.0013266332435820161
0.7919855829587332,0.9050373695536479,1.0,0.0013266332792187514
0.7919653343052687,0.9050351721584599,1.0,0.0013266333148554887
0.7919653343052687,0.9050770583607164,1.0,0.001326633350492228
0.7919450856518041,0.9050958067203555,1.0,0.0013266333861289689
0.7919248369983396,0.905114556815552,1.0,0.0013266334217657118
0.7919248369983396,0.9051564525087946,1.0,0.0013266334574024566
0.7919045883448751,0.9051542574119934,1.0,0.0013266334930392035
0.7918843396914105,0.9051520622135815,1.0,0.0013266335286759522
0.7917628477706232,0.9051388888888889,1.0,0.001326633564312703
0.7917425991171587,0.9051366929790041,1.0,0.0013266335999494554
0.7917021018102296,0.9051532549310122,1.0,0.00132663363558621
0.7916818531567651,0.9051510591503646,1.0,0.0013266336712229663
0.7916616045033005,0.9051907760696425,1.0,0.0013266337068597246
0.791641355849836,0.9052304985065641,1.0,0.0013266337424964847
0.7916211071963715,0.9052492648250631,1.0,0.0013266337781332469
0.7915198639290487,0.9054689490630284,1.0,0.0013266338137700108
0.7914793666221196,0.9054645694827307,1.0,0.001326633849406777
0.7914793666221196,0.9054855448480356,1.0,0.0013266338850435448
0.7914793666221196,0.9055065211851646,1.0,0.0013266339206803146
0.7914388693151906,0.9055021429398818,1.0,0.0013266339563170863
0.7914388693151906,0.9055650803947917,1.0,0.0013266339919538598
0.791418620661726,0.9055628924260327,1.0,0.0013266340275906354
0.791418620661726,0.905583873957368,1.0,0.0013266340632274128
0.791378123354797,0.9056004819612113,1.0,0.0013266340988641922
0.7913376260478678,0.905596107055961,1.0,0.0013266341345009734
0.7913376260478678,0.9056590656284761,1.0,0.0013266341701377565
0.7913376260478678,0.9057010428736965,1.0,0.0013266342057745416
0.7912566314340096,0.9057342851844984,1.0,0.0013266342414113286
0.7912566314340096,0.905776273700802,1.0,0.0013266342770481177
0.7912363827805451,0.905774089613129,1.0,0.0013266343126849085
0.7912363827805451,0.9057950857672693,1.0,0.0013266343483217013
0.7912161341270806,0.905834898115307,1.0,0.0013266343839584958
0.7912161341270806,0.9058558976261127,1.0,0.0013266344195952925
0.7911351395132223,0.9059311815989612,1.0,0.0013266344552320909
0.7852022840481108,0.9073636427451622,1.0,0.0013266344908688913
0.7852022840481108,0.9073848745788095,1.0,0.0013266345265056936
0.7852022840481108,0.9074061074061074,1.0,0.0013266345621424978
0.7851820353946463,0.907510121931241,1.0,0.001326634597779304
0.7851617867411818,0.9075079573113649,1.0,0.001326634633416112
0.7851617867411818,0.9075291969948744,1.0,0.0013266346690529222
0.7851415380877171,0.9075270327201236,1.0,0.001326634704689734
0.7851212894342526,0.9075248683440609,1.0,0.0013266347403265478
0.7851212894342526,0.9075673524799288,1.0,0.0013266347759633636
0.7851010407807881,0.9076289238980313,1.0,0.001326634811600181
0.7850807921273235,0.9076267615525071,1.0,0.0013266348472370008
0.785060543473859,0.9076458469894185,1.0,0.0013266348828738222
0.7850200461669299,0.9076627724580338,1.0,0.0013266349185106455
0.7850200461669299,0.907705274987708,1.0,0.0013266349541474708
0.7850200461669299,0.9077265277452587,1.0,0.001326634989784298
0.7850200461669299,0.9077477814980449,1.0,0.0013266350254211273
0.7850200461669299,0.9077690362461366,1.0,0.0013266350610579582
0.7849997975134654,0.907766876624441,1.0,0.0013266350966947913
0.7849795488600008,0.9078072311727239,1.0,0.0013266351323316262
0.7849593002065363,0.9078475913913023,1.0,0.001326635167968463
0.7849390515530718,0.9078454332552693,1.0,0.0013266352036053015
0.7849390515530718,0.9078666947703693,1.0,0.0013266352392421422
0.7849188028996071,0.9078645369806548,1.0,0.0013266352748789849
0.7848985542461426,0.9078623790898658,1.0,0.0013266353105158292
0.7848985542461426,0.9079049068977632,1.0,0.0013266353461526756
0.7848783055926781,0.9079027498009088,1.0,0.0013266353817895239
0.784837808285749,0.907983508245877,1.0,0.0013266354174263741
0.784837808285749,0.9080047789725209,1.0,0.001326635453063226
0.7847973109788199,0.9081706774140638,1.0,0.0013266354887000802
0.7847163163649618,0.9082897789861016,1.0,0.0013266355243369361
0.7847163163649618,0.9083323567326849,1.0,0.001326635559973794
0.7846555704045681,0.9084110835013363,1.0,0.0013266355956106537
0.7846353217511035,0.908408936399653,1.0,0.0013266356312475155
0.7846353217511035,0.9084515297151565,1.0,0.001326635666884379
0.7846353217511035,0.9084728278707741,1.0,0.0013266357025212446
0.7846353217511035,0.9084941270250627,1.0,0.001326635738158112
0.7845948244441745,0.9084898361116973,1.0,0.0013266357737949813
0.7845948244441745,0.9085111371629543,1.0,0.0013266358094318525
0.7845745757907099,0.9085089920045019,1.0,0.0013266358450687256
0.7845543271372454,0.9085281496939995,1.0,0.0013266358807056007
0.7845340784837809,0.908589920971789,1.0,0.0013266359163424776
0.7845340784837809,0.9086112283663993,1.0,0.0013266359519793567
0.7845138298303163,0.9086090851527873,1.0,0.0013266359876162375
0.7844935811768518,0.9086921850079744,1.0,0.00132663602325312
0.7844935811768518,0.9087134982995192,1.0,0.0013266360588900048
0.7844733325233872,0.9087113571328048,1.0,0.0013266360945268915
0.7844733325233872,0.9087966220971148,1.0,0.0013266361301637799
0.7844733325233872,0.9088179408383964,1.0,0.0013266361658006702
0.7844733325233872,0.9088605813216976,1.0,0.0013266362014375626
0.7844733325233872,0.9088819030638577,1.0,0.0013266362370744568
0.7841898513748836,0.909150664350439,1.0,0.001326636272711353
0.78412910541449,0.9092936977552362,1.0,0.001326636308348251
0.78412910541449,0.9093150491934159,1.0,0.001326636343985151
0.78412910541449,0.9093364016343399,1.0,0.001326636379622053
0.7841088567610254,0.9093342726312081,1.0,0.0013266364152589567
0.7840886081075609,0.9093321435280857,1.0,0.0013266364508958625
0.7840683594540963,0.9093300143249654,1.0,0.00132663648653277
0.7839266188798445,0.9093791839898527,1.0,0.0013266365221696796
0.78390637022638,0.909377055341539,1.0,0.001326636557806591
0.7838861215729154,0.9093749265932207,1.0,0.0013266365934435044
0.7838658729194509,0.9093727977448908,1.0,0.0013266366290804197
0.7838456242659864,0.909370668796542,1.0,0.001326636664717337
0.7838456242659864,0.9093920315730126,1.0,0.001326636700354256
0.7838253756125217,0.9093899029764841,1.0,0.001326636735991177
0.7838253756125217,0.9094112672085702,1.0,0.0013266367716281
0.7838051269590572,0.9094305046518184,1.0,0.0013266368072650248
0.7837848783055926,0.909428376759157,1.0,0.0013266368429019515
0.7837848783055926,0.909449743903012,1.0,0.0013266368785388803
0.7837848783055926,0.9094924812030075,1.0,0.001326636914175811
0.7837848783055926,0.9095138513592894,1.0,0.0013266369498127434
0.7837848783055926,0.9095565946847757,1.0,0.0013266369854496778
0.7837646296521281,0.9095544694050193,1.0,0.001326637021086614
0.7837443809986636,0.9095950931779193,1.0,0.0013266370567235524
0.7833394079293727,0.9098306679209783,1.0,0.0013266370923604926
0.7833191592759081,0.9098499459052637,1.0,0.0013266371279974348
0.7833191592759081,0.9098927462602314,1.0,0.0013266371636343787
0.7832989106224436,0.9098906268375867,1.0,0.0013266371992713246
0.7832989106224436,0.9099120289786894,1.0,0.0013266372349082724
0.7832786619689791,0.9099099099099099,1.0,0.0013266372705452222
0.7832584133155145,0.9099077907414377,1.0,0.0013266373061821739
0.7831571700481917,0.9099400070579932,1.0,0.0013266373418191276
0.7831369213947272,0.9099378881987578,1.0,0.001326637377456083
0.7831369213947272,0.9099592969908007,1.0,0.0013266374130930403
0.7831369213947272,0.9099807067902687,1.0,0.0013266374487299996
0.7831166727412627,0.9099785887390885,1.0,0.001326637484366961
0.7831166727412627,0.91,1.0,0.0013266375200039241
0.7830964240877981,0.9100407087559121,1.0,0.001326637555640889
0.7830964240877981,0.9100621234939759,1.0,0.0013266375912778562
0.7830559267808691,0.9101007248423233,1.0,0.001326637626914825
0.7830559267808691,0.9101221435127439,1.0,0.0013266376625517958
0.7830559267808691,0.9101435631913392,1.0,0.0013266376981887686
0.7830559267808691,0.9102078282768847,1.0,0.0013266377338257433
0.7829951808204755,0.9102229126944895,1.0,0.0013266377694627198
0.7829951808204755,0.9102443387787769,1.0,0.0013266378050996981
0.7829951808204755,0.9102657658718015,1.0,0.0013266378407366787
0.7829951808204755,0.9102871939736347,1.0,0.001326637876373661
0.7829749321670109,0.9102850820405377,1.0,0.001326637912010645
0.7829141862066172,0.9102787456445993,1.0,0.0013266379476476312
0.7828939375531527,0.910276633313714,1.0,0.0013266379832846194
0.7826307050581136,0.9104850297990624,1.0,0.0013266380189216093
0.7823269752561455,0.9107109183481048,1.0,0.0013266380545586011
0.7823269752561455,0.9107538541322898,1.0,0.001326638090195595
0.7823269752561455,0.9107967939651108,1.0,0.0013266381258325907
0.7822864779492164,0.910792588052242,1.0,0.0013266381614695881
0.7822662292957518,0.9107904849470732,1.0,0.0013266381971065878
0.7822459806422873,0.9108528045646382,1.0,0.0013266382327435892
0.7822459806422873,0.9108742808639064,1.0,0.0013266382683805925
0.7822257319888227,0.910872179387423,1.0,0.0013266383040175978
0.7822054833353582,0.9108915560376335,1.0,0.001326638339654605
0.7821852346818936,0.9109538969461148,1.0,0.0013266383752916142
0.7821852346818936,0.9109753796811622,1.0,0.001326638410928625
0.7821852346818936,0.9109968634294743,1.0,0.001326638446565638
0.7821649860284291,0.9111236909142372,1.0,0.0013266384822026528
0.7821447373749646,0.9111215945276565,1.0,0.0013266385178396696
0.7821447373749646,0.9111430862857952,1.0,0.0013266385534766883
0.7821244887215,0.9111624834874504,1.0,0.001326638589113709
0.7821042400680355,0.911160387818169,1.0,0.0013266386247507314
0.7821042400680355,0.9112248749646126,1.0,0.0013266386603877558
0.7821042400680355,0.9112463727086135,1.0,0.0013266386960247823
0.7821042400680355,0.9112678714669938,1.0,0.0013266387316618103
0.782083991414571,0.9112657779874955,1.0,0.0013266387672988406
0.782083991414571,0.9113087794634641,1.0,0.0013266388029358727
0.782083991414571,0.9113517849979944,1.0,0.0013266388385729066
0.7819220021868546,0.9114210861714933,1.0,0.0013266388742099425
0.7819220021868546,0.9114425981873112,1.0,0.0013266389098469803
0.78190175353339,0.9114405079425024,1.0,0.00132663894548402
0.78190175353339,0.9114620214322806,1.0,0.0013266389811210618
0.7818815048799255,0.9114599315472678,1.0,0.0013266390167581054
0.781861256226461,0.9114578415635918,1.0,0.0013266390523951508
0.7818207589195318,0.9114751776398102,1.0,0.0013266390880321982
0.7818005102660673,0.9114730878186968,1.0,0.0013266391236692475
0.7817802616126027,0.9114709978989117,1.0,0.0013266391593062987
0.7817397643056737,0.9114668177632976,1.0,0.001326639194943352
0.7817397643056737,0.9114883369534422,1.0,0.0013266392305804069
0.7817195156522091,0.9114862471963169,1.0,0.001326639266217464
0.7816790183452801,0.9115896854633041,1.0,0.0013266393018545228
0.7816790183452801,0.911611212128368,1.0,0.0013266393374915836
0.781638521038351,0.9116070374306293,1.0,0.0013266393731286464
0.7815980237314218,0.9116243918567852,1.0,0.0013266394087657108
0.7815777750779573,0.9116438356164384,1.0,0.0013266394444027775
0.7815575264244927,0.9116632812130946,1.0,0.0013266394800398459
0.7815372777710282,0.9116611946996717,1.0,0.0013266395156769162
0.7815372777710282,0.9116827286470144,1.0,0.0013266395513139885
0.7814967804640991,0.9116785562432088,1.0,0.0013266395869510627
0.7807880775928401,0.9123819889738068,1.0,0.001326639622588139
0.7807880775928401,0.9124035776820785,1.0,0.0013266396582252169
0.7807880775928401,0.9124251674120347,1.0,0.001326639693862297
0.7807678289393756,0.9124230951254141,1.0,0.0013266397294993788
0.780707082978982,0.9124816585412032,1.0,0.0013266397651364626
0.7806868343255173,0.9124795872482427,1.0,0.0013266398007735483
0.7806868343255173,0.9125011833759349,1.0,0.0013266398364106357
0.7806260883651237,0.9125165688316607,1.0,0.0013266398720477254
0.7806260883651237,0.9125381683906549,1.0,0.0013266399076848167
0.7806058397116592,0.9125360980921271,1.0,0.00132663994332191
0.7805653424047301,0.9126183712121212,1.0,0.0013266399789590053
0.780524845097801,0.9126142336284861,1.0,0.0013266400145961026
0.780524845097801,0.91263584061368,1.0,0.0013266400502332015
0.7805045964443365,0.9126337721375131,1.0,0.0013266400858703026
0.7805045964443365,0.9126553806085,1.0,0.0013266401215074055
0.7804640991374073,0.9126512442876423,1.0,0.0013266401571445103
0.7804438504839428,0.9126923987686478,1.0,0.001326640192781617
0.7804236018304783,0.9126903312889246,1.0,0.0013266402284187258
0.7804033531770137,0.9126882637112816,1.0,0.0013266402640558362
0.7803628558700847,0.9127922124061486,1.0,0.0013266402996929489
0.7803223585631556,0.9128961955749277,1.0,0.0013266403353300632
0.7803223585631556,0.9129394484980574,1.0,0.0013266403709671795
0.7801806179889037,0.9130115400109002,1.0,0.0013266404066042978
0.7801806179889037,0.9130331753554503,1.0,0.001326640442241418
0.7801603693354392,0.9130311144813859,1.0,0.00132664047787854
0.7801198720285101,0.9130486302019148,1.0,0.001326640513515664
0.7800996233750456,0.9130465694987557,1.0,0.0013266405491527899
0.7800793747215811,0.9130445086979191,1.0,0.0013266405847899177
0.7800793747215811,0.9130661484132438,1.0,0.0013266406204270474
0.7800793747215811,0.9130877891543421,1.0,0.0013266406560641791
0.7800591260681164,0.9130857291839491,1.0,0.0013266406917013126
0.7800591260681164,0.9131073714150273,1.0,0.001326640727338448
0.7800186287611873,0.913189835008534,1.0,0.0013266407629755855
0.7800186287611873,0.9132114832989593,1.0,0.0013266407986127248
0.7799983801077228,0.9132094258214404,1.0,0.001326640834249866
0.7795529097315028,0.9135975320360702,1.0,0.001326640869887009
0.7795326610780383,0.9135954816203516,1.0,0.0013266409055241542
0.7795124124245738,0.9135934311073141,1.0,0.001326640941161301
0.7794921637711092,0.9135913804969504,1.0,0.0013266409767984499
0.7794111691572511,0.9135831770820971,1.0,0.0013266410124356007
0.7794111691572511,0.91360486091332,1.0,0.0013266410480727534
0.7793909205037864,0.913602810282215,1.0,0.001326641083709908
0.7793706718503219,0.913622445346436,1.0,0.0013266411193470645
0.7793504231968574,0.913663770592983,1.0,0.001326641154984223
0.7792694285829992,0.9136989553656221,1.0,0.0013266411906213834
0.7792694285829992,0.9137206486383818,1.0,0.0013266412262585457
0.7792694285829992,0.9137423429412602,1.0,0.00132664126189571
0.7791074393552829,0.9139429928741093,1.0,0.0013266412975328759
0.7790871907018183,0.9139409487161215,1.0,0.001326641333170044
0.7790669420483538,0.9139606147706487,1.0,0.0013266413688072139
0.7790669420483538,0.9139823261117446,1.0,0.0013266414044443857
0.7790466933948892,0.9139802826939066,1.0,0.0013266414400815595
0.7790466933948892,0.9140019955338053,1.0,0.0013266414757187352
0.7790264447414247,0.9140650985982418,1.0,0.0013266415113559126
0.7790264447414247,0.9140868160326926,1.0,0.0013266415469930922
0.7790061960879602,0.9140847747576506,1.0,0.0013266415826302736
0.7789454501275666,0.9140786503504812,1.0,0.001326641618267457
0.7789252014741019,0.9140983294917188,1.0,0.0013266416539046422
0.7787429635929211,0.9141885949273812,1.0,0.0013266416895418294
0.7785809743652047,0.9143679254256635,1.0,0.0013266417251790185
0.7785607257117402,0.9143658890394997,1.0,0.0013266417608162094
0.7785607257117402,0.9143876337693222,1.0,0.0013266417964534023
0.778520228404811,0.9143835616438356,1.0,0.001326641832090597
0.7784189851374883,0.9143951286808429,1.0,0.0013266418677277938
0.7783987364840238,0.9144583472096675,1.0,0.0013266419033649926
0.7783987364840238,0.9144801008635249,1.0,0.0013266419390021932
0.7783987364840238,0.9145453680353999,1.0,0.0013266419746393956
0.7783177418701657,0.9145589949796569,1.0,0.0013266420102766
0.7783177418701657,0.9145807556866851,1.0,0.0013266420459138062
0.7783177418701657,0.9146025174292717,1.0,0.0013266420815510145
0.778297493216701,0.914622248661511,1.0,0.0013266421171882247
0.7782772445632365,0.9146202170188463,1.0,0.0013266421528254368
0.7782772445632365,0.9146419817718868,1.0,0.0013266421884626507
0.7782772445632365,0.9146637475608015,1.0,0.0013266422240998665
0.7782772445632365,0.9146855143856643,1.0,0.0013266422597370843
0.778256995909772,0.9147270217525822,1.0,0.001326642295374304
0.7782367472563074,0.9147467631378522,1.0,0.0013266423310115258
0.7782164986028429,0.914744734023563,1.0,0.0013266423666487492
0.7781962499493784,0.9147427048126815,1.0,0.0013266424022859748
0.7781962499493784,0.9147644776616761,1.0,0.001326642437923202
0.7781962499493784,0.914786251547177,1.0,0.0013266424735604314
0.778074758028591,0.9149047619047619,1.0,0.0013266425091976626
0.778034260721662,0.914900709557598,1.0,0.0013266425448348956
0.778034260721662,0.9149224944638903,1.0,0.0013266425804721307
0.7779735147612684,0.9149599923795009,1.0,0.0013266426161093676
0.7779532661078038,0.914957967183444,1.0,0.0013266426517466064
0.7778317741870165,0.9150111952741651,1.0,0.0013266426873838472
0.7777912768800874,0.9150071462601239,1.0,0.0013266427230210899
0.7777912768800874,0.9150507408642622,1.0,0.0013266427586583346
0.7777912768800874,0.9150725397241346,1.0,0.001326642794295581
0.7777912768800874,0.9150943396226415,1.0,0.0013266428299328295
0.7777710282266229,0.915114118263687,1.0,0.0013266428655700799
0.7777507795731584,0.9151338987896693,1.0,0.0013266429012073321
0.7777102822662293,0.9151298546580892,1.0,0.0013266429368445863
0.7776900336127648,0.9151278324477591,1.0,0.0013266429724818423
0.7776697849593002,0.9151258101410599,1.0,0.0013266430081191004
0.7776697849593002,0.915191230787561,1.0,0.0013266430437563603
0.7776495363058357,0.9151892097988752,1.0,0.001326643079393622
0.7776495363058357,0.9152546412144611,1.0,0.0013266431150308858
0.777588790345442,0.9152922108875965,1.0,0.0013266431506681515
0.7775685416919775,0.915290191872244,1.0,0.001326643186305419
0.7775482930385129,0.9152881727606426,1.0,0.0013266432219426886
0.7775280443850484,0.9152861535527853,1.0,0.00132664325757996
0.7708257400882841,0.9168151823129908,1.0,0.0013266432932172332
0.7708054914348196,0.9168352601156069,1.0,0.0013266433288545085
0.7708054914348196,0.9168573424215419,1.0,0.0013266433644917857
0.7708054914348196,0.9168794257912231,1.0,0.0013266434001290648
0.7707852427813551,0.9168995086231814,1.0,0.0013266434357663457
0.7707649941278905,0.9168975069252078,1.0,0.0013266434714036286
0.7707649941278905,0.9169195933901816,1.0,0.0013266435070409133
0.770744745474426,0.9169175920795896,1.0,0.0013266435426782
0.7706839995140323,0.9169336770338963,1.0,0.0013266435783154888
0.7706637508605678,0.9169316758215283,1.0,0.0013266436139527794
0.7706435022071032,0.9169296745127328,1.0,0.0013266436495900718
0.7706435022071032,0.9170180468881768,1.0,0.0013266436852273661
0.7706435022071032,0.917040142643728,1.0,0.0013266437208646624
0.7706232535536387,0.9170381436591889,1.0,0.0013266437565019606
0.7706232535536387,0.9170602409638554,1.0,0.0013266437921392608
0.7706030049001742,0.9171024411403234,1.0,0.0013266438277765628
0.7705827562467096,0.9171004434162329,1.0,0.0013266438634138668
0.7705827562467096,0.9171446474189039,1.0,0.0013266438990511727
0.7705827562467096,0.9171667510182441,1.0,0.0013266439346884804
0.7705827562467096,0.9171888556830232,1.0,0.0013266439703257902
0.7705625075932451,0.9171868598009206,1.0,0.0013266440059631018
0.770522010286316,0.9172270831826838,1.0,0.0013266440416004153
0.7704207670189932,0.9172834446346344,1.0,0.0013266440772377306
0.7704207670189932,0.9173055595737499,1.0,0.0013266441128750482
0.7704207670189932,0.9173276755792367,1.0,0.0013266441485123674
0.7704207670189932,0.9173719107896323,1.0,0.0013266441841496884
0.7704207670189932,0.9173940299946954,1.0,0.0013266442197870116
0.7703600210585996,0.9174101760308657,1.0,0.0013266442554243367
0.7703600210585996,0.9174322988256288,1.0,0.0013266442910616636
0.7703397724051351,0.9174524320544047,1.0,0.0013266443266989924
0.770299275098206,0.917448450500422,1.0,0.0013266443623363231
0.7702587777912768,0.9175108538350217,1.0,0.0013266443979736559
0.7702385291378123,0.9175088641790685,1.0,0.0013266444336109905
0.7701980318308832,0.917527016595909,1.0,0.001326644469248327
0.7701777831774187,0.9175250271378603,1.0,0.0013266445048856653
0.7701575345239542,0.9175230375838278,1.0,0.0013266445405230058
0.7701170372170251,0.9175411932160865,1.0,0.001326644576160348
0.7700967885635606,0.9175392038600724,1.0,0.001326644611797692
0.7700967885635606,0.9175834780930322,1.0,0.0013266446474350382
0.7700967885635606,0.917605616811832,1.0,0.001326644683072386
0.7700967885635606,0.917627756598948,1.0,0.0013266447187097361
0.770076539910096,0.9176257690915671,1.0,0.001326644754347088
0.7696513181873406,0.9178277352522155,1.0,0.0013266447899844417
0.7696513181873406,0.9178498985801217,1.0,0.0013266448256217974
0.7696513181873406,0.9178720629784357,1.0,0.0013266448612591548
0.7696310695338759,0.917870079690896,1.0,0.0013266448968965144
0.7696108208804114,0.9178680963075659,1.0,0.0013266449325338757
0.7695905722269469,0.917866112828439,1.0,0.001326644968171239
0.7695298262665533,0.9178823302096416,1.0,0.0013266450038086043
0.7695095776130887,0.9179246878094732,1.0,0.0013266450394459714
0.7694893289596242,0.9179227053140097,1.0,0.0013266450750833404
0.7693273397319078,0.9179955542669372,1.0,0.0013266451107207115
0.7693273397319078,0.9180620997946116,1.0,0.0013266451463580843
0.7693070910784433,0.9180601198530833,1.0,0.001326645181995459
0.7692868424249787,0.9180581398158664,1.0,0.0013266452176328358
0.7692868424249787,0.9180803247788893,1.0,0.0013266452532702145
0.7692868424249787,0.9181025108141417,1.0,0.0013266452889075949
0.7692260964645851,0.9181187616308577,1.0,0.0013266453245449775
0.7692058478111206,0.9181167826759474,1.0,0.0013266453601823618
0.7692058478111206,0.9181389728096677,1.0,0.001326645395819748
0.769185599157656,0.9181369942475951,1.0,0.0013266454314571363
0.769185599157656,0.9181591859425229,1.0,0.0013266454670945262
0.7688413720487588,0.9182143548075062,1.0,0.0013266455027319184
0.7688211233952942,0.9182123769679089,1.0,0.0013266455383693122
0.7688008747418297,0.9182326053834434,1.0,0.0013266455740067083
0.7688008747418297,0.9182548128083583,1.0,0.001326645609644106
0.7687603774349006,0.918273068085621,1.0,0.0013266456452815055
0.7687603774349006,0.9182952786377709,1.0,0.0013266456809189072
0.768740128781436,0.9183155144888975,1.0,0.0013266457165563108
0.7686996314745069,0.9183337768209198,1.0,0.0013266457521937162
0.7686186368606488,0.9183258739566953,1.0,0.0013266457878311235
0.7685983882071842,0.9183238980016452,1.0,0.0013266458234685327
0.7685983882071842,0.9183461156944814,1.0,0.001326645859105944
0.7685983882071842,0.918390554305485,1.0,0.001326645894743357
0.7684971449398615,0.9184251282547672,1.0,0.001326645930380772
0.7684768962863969,0.9184231541756407,1.0,0.001326645966018189
0.7684566476329324,0.9184211800009681,1.0,0.0013266460016556078
0.7684566476329324,0.9184434065003267,1.0,0.0013266460372930286
0.7684566476329324,0.9184656340755082,1.0,0.0013266460729304513
0.7684566476329324,0.9184878627265907,1.0,0.0013266461085678757
0.7684566476329324,0.9185100924536521,1.0,0.0013266461442053023
0.7684161503260033,0.9185283795231756,1.0,0.0013266461798427307
0.7682744097517515,0.9186257656828801,1.0,0.001326646215480161
0.7680314259101769,0.9187578722991958,1.0,0.0013266462511175932
0.7680314259101769,0.9187801274132209,1.0,0.0013266462867550274
0.7680314259101769,0.9188023836054455,1.0,0.0013266463223924635
0.7679909286032479,0.9188429671980232,1.0,0.0013266463580299014
0.7679706799497833,0.9188632619439868,1.0,0.0013266463936673412
0.7679504312963188,0.9189058222082233,1.0,0.001326646429304783
0.7679301826428543,0.9189038573366931,1.0,0.0013266464649422268
0.7679301826428543,0.9189261224588694,1.0,0.0013266465005796725
0.7679301826428543,0.9189706559402941,1.0,0.00132664653621712
0.7679099339893897,0.9189686924493554,1.0,0.0013266465718545695
0.7677276961082088,0.9190623939496776,1.0,0.0013266466074920208
0.7675657068804924,0.9190912617592862,1.0,0.0013266466431294743
0.7675454582270279,0.9190893000024246,1.0,0.0013266466787669293
0.7675454582270279,0.9191115852771446,1.0,0.0013266467144043865
0.7675049609200988,0.9191299498047965,1.0,0.0013266467500418456
0.7674644636131698,0.9191260275965759,1.0,0.0013266467856793065
0.7674239663062407,0.9191443954018529,1.0,0.0013266468213167693
0.7674239663062407,0.9191889794334498,1.0,0.0013266468569542343
0.767403717652776,0.9192093136065972,1.0,0.0013266468925917008
0.767363220345847,0.9192276905911174,1.0,0.0013266469282291694
0.767363220345847,0.9192499878717314,1.0,0.00132664696386664
0.7673429716923824,0.9192480291085506,1.0,0.0013266469995041124
0.7673429716923824,0.9192703279642926,1.0,0.0013266470351415867
0.7673429716923824,0.9193149289214497,1.0,0.001326647070779063
0.7673429716923824,0.9193372310230222,1.0,0.0013266471064165412
0.7673429716923824,0.9193595342066958,1.0,0.0013266471420540213
0.7673227230389179,0.9193798825755738,1.0,0.0013266471776915035
0.7673024743854534,0.9193779265836912,1.0,0.0013266472133289873
0.7673024743854534,0.9194002329192547,1.0,0.0013266472489664731
0.7672822257319888,0.9193982773262162,1.0,0.0013266472846039609
0.7672619770785243,0.9194409395321751,1.0,0.0013266473202414506
0.7672417284250598,0.9194836079497197,1.0,0.0013266473558789422
0.7672417284250598,0.9195059211803533,1.0,0.0013266473915164356
0.7671809824646662,0.9195446933475718,1.0,0.0013266474271539312
0.7664115336330134,0.920297607469364,1.0,0.0013266474627914285
0.7664115336330134,0.9203199844384468,1.0,0.0013266474984289277
0.7663912849795489,0.9203628051745939,1.0,0.001326647534066429
0.7663912849795489,0.9203851859056975,1.0,0.0013266475697039318
0.7663912849795489,0.9204075677253052,1.0,0.001326647605341437
0.7663507876726198,0.9204036964980544,1.0,0.0013266476409789438
0.7663305390191553,0.9204017607432088,1.0,0.0013266476766164526
0.7662697930587616,0.9203959529137076,1.0,0.0013266477122539633
0.7662697930587616,0.9204183388057886,1.0,0.001326647747891476
0.766249544405297,0.9204164031716691,1.0,0.0013266477835289906
0.7661280524845098,0.920404787389316,1.0,0.001326647819166507
0.7661280524845098,0.9204271778529204,1.0,0.0013266478548040253
0.7660875551775806,0.9204680923533562,1.0,0.0013266478904415458
0.7660673065241161,0.9204661573646051,1.0,0.001326647926079068
0.7660065605637225,0.920482748552241,1.0,0.001326647961716592
0.7660065605637225,0.9205051463610483,1.0,0.0013266479973541182
0.7659660632567934,0.9205236774224947,1.0,0.001326648032991646
0.7658445713360061,0.9205792868443471,1.0,0.001326648068629176
0.765804074029077,0.9205754204902271,1.0,0.0013266481042667078
0.7657838253756125,0.9205734871719975,1.0,0.0013266481399042416
0.765763576722148,0.9205715537596456,1.0,0.0013266481755417772
0.7657433280686834,0.9205696202531646,1.0,0.0013266482111793146
0.7656825821082898,0.9206534706498186,1.0,0.0013266482468168542
0.7656420848013608,0.9206496067785055,1.0,0.0013266482824543955
0.7656218361478961,0.9206700917967323,1.0,0.0013266483180919388
0.7656218361478961,0.9206925099834421,1.0,0.001326648353729484
0.7656218361478961,0.9207149292619378,1.0,0.0013266483893670312
0.7656015874944316,0.9207129985876394,1.0,0.00132664842500458
0.7655610901875025,0.9207091369569452,1.0,0.0013266484606421311
0.7655205928805734,0.9207052749500755,1.0,0.001326648496279684
0.7655205928805734,0.9207276978154453,1.0,0.0013266485319172387
0.7655205928805734,0.9207501217730151,1.0,0.0013266485675547954
0.7655003442271089,0.9208154715510523,1.0,0.001326648603192354
0.7655003442271089,0.9208379003775423,1.0,0.0013266486388299145
0.7654800955736444,0.9208359721342622,1.0,0.001326648674467477
0.7654598469201798,0.9208564747149957,1.0,0.0013266487101050413
0.7654395982667153,0.9208545467832696,1.0,0.0013266487457426076
0.7654193496132508,0.9208526187576127,1.0,0.0013266487813801758
0.7652978576924635,0.9209083599327502,1.0,0.0013266488170177457
0.7652776090389989,0.920906432748538,1.0,0.0013266488526553178
0.7652573603855344,0.9209045054704063,1.0,0.0013266488882928917
0.7652371117320698,0.9209025780983479,1.0,0.0013266489239304674
0.7652371117320698,0.9209250188853961,1.0,0.0013266489595680454
0.7648928846231725,0.9211617245415529,1.0,0.0013266489952056249
0.7647916413558499,0.9213543445382251,1.0,0.0013266490308432065
0.7647916413558499,0.9213768204327568,1.0,0.0013266490664807901
0.7647916413558499,0.9214217755116977,1.0,0.0013266491021183754
0.7647916413558499,0.921466734977677,1.0,0.0013266491377559627
0.7647713927023853,0.9214648189714063,1.0,0.001326649173393552
0.7647511440489208,0.9214629028716422,1.0,0.0013266492090311431
0.7647511440489208,0.9214853852535012,1.0,0.0013266492446687363
0.7647308953954562,0.9214834695620349,1.0,0.0013266492803063312
0.7647106467419916,0.9215265238397345,1.0,0.001326649315943928
0.7647106467419916,0.9215714982918497,1.0,0.001326649351581527
0.7646903980885271,0.921569584421289,1.0,0.0013266493872191277
0.7646701494350626,0.9215676704573186,1.0,0.0013266494228567302
0.7646701494350626,0.9216126513080828,1.0,0.0013266494584943348
0.7646094034746689,0.9216294054476227,1.0,0.0013266494941319414
0.7645689061677399,0.9216705721538762,1.0,0.0013266495297695497
0.7645486575142753,0.9216686601410892,1.0,0.00132664956540716
0.7645284088608107,0.9216667480349559,1.0,0.0013266496010447722
0.7644879115538816,0.9216629235426228,1.0,0.0013266496366823863
0.7644879115538816,0.9216854234309011,1.0,0.0013266496723200022
0.7644676629004171,0.9216835115472878,1.0,0.0013266497079576203
0.7644474142469526,0.921681599570323,1.0,0.0013266497435952401
0.764204430405378,0.9218162278344976,1.0,0.0013266497792328619
0.7641841817519135,0.9218143181651645,1.0,0.0013266498148704856
0.764163933098449,0.9218124084025403,1.0,0.0013266498505081113
0.7641436844449844,0.9218104985466181,1.0,0.0013266498861457389
0.7641436844449844,0.9218330157799599,1.0,0.0013266499217833682
0.7641436844449844,0.9218555341133937,1.0,0.0013266499574209995
0.7640829384845907,0.9218948499951138,1.0,0.0013266499930586328
0.7640829384845907,0.9219173731401628,1.0,0.001326650028696268
0.7640626898311262,0.9219154654287809,1.0,0.0013266500643339051
0.7640424411776617,0.9219135576241785,1.0,0.0013266500999715442
0.7640019438707326,0.921999853383183,1.0,0.001326650135609185
0.763981695217268,0.921997947314403,1.0,0.0013266501712468279
0.7639614465638035,0.9219960411524645,1.0,0.0013266502068844726
0.763941197910339,0.9219941348973607,1.0,0.0013266502425221193
0.763941197910339,0.9220166670739754,1.0,0.001326650278159768
0.7639209492568744,0.9220372950118533,1.0,0.0013266503137974184
0.7634754788806545,0.9221757526842272,1.0,0.001326650349435071
0.7634754788806545,0.9221983074891161,1.0,0.0013266503850727252
0.7634349815737254,0.9222396164571205,1.0,0.0013266504207103814
0.7634147329202609,0.9222377143416257,1.0,0.0013266504563480396
0.7633944842667962,0.9222358121330724,1.0,0.0013266504919856998
0.7633944842667962,0.9222809335094672,1.0,0.0013266505276233616
0.7633742356133317,0.9222790322186071,1.0,0.0013266505632610257
0.7633742356133317,0.9223015950680106,1.0,0.0013266505988986915
0.7633539869598671,0.9223222586485297,1.0,0.0013266506345363592
0.7633134896529381,0.9223635918766822,1.0,0.0013266506701740289
0.763272992346009,0.922382362297208,1.0,0.0013266507058117003
0.7631919977321509,0.9224650627768668,1.0,0.0013266507414493739
0.7631919977321509,0.9224876401194381,1.0,0.0013266507770870492
0.7631717490786862,0.9224857429571433,1.0,0.0013266508127247265
0.7630907544648281,0.922613655837638,1.0,0.001326650848362406
0.7629895111975054,0.9226267721162558,1.0,0.0013266508840000869
0.7629692625440408,0.9226248775710089,1.0,0.00132665091963777
0.7629692625440408,0.9226700621969735,1.0,0.001326650955275455
0.7629287652371117,0.9226888698420472,1.0,0.0013266509909131419
0.7629287652371117,0.92271146593525,1.0,0.0013266510265508306
0.7628680192767181,0.9227057872694766,1.0,0.0013266510621885213
0.762827521969789,0.9227698035565571,1.0,0.001326651097826214
0.7628072733163245,0.9227679118187385,1.0,0.0013266511334639084
0.76278702466286,0.9227660199882423,1.0,0.001326651169101605
0.76278702466286,0.9227886240599662,1.0,0.0013266512047393033
0.76278702466286,0.9229016610318977,1.0,0.0013266512403770035
0.7627667760093954,0.9229449957123607,1.0,0.0013266512760147058
0.7627465273559308,0.9229431077571422,1.0,0.00132665131165241
0.7627262787024662,0.9229412197094063,1.0,0.001326651347290116
0.7627060300490017,0.9229393315691463,1.0,0.0013266513829278239
0.7627060300490017,0.9229619465340226,1.0,0.0013266514185655337
0.7626655327420726,0.922958170991693,1.0,0.0013266514542032456
0.7626452840886081,0.9229789006788051,1.0,0.0013266514898409593
0.7626250354351436,0.9229996323979904,1.0,0.0013266515254786748
0.762604786781679,0.9230656111369819,1.0,0.0013266515611163924
0.7549912930790103,0.9254175870541809,1.0,0.0013266515967541117
0.7549507957720811,0.9254827979943404,1.0,0.0013266516323918332
0.7549305471186166,0.9254809482437631,1.0,0.0013266516680295565
0.7549102984651521,0.9254790984013505,1.0,0.0013266517036672816
0.7549102984651521,0.9255020728346945,1.0,0.0013266517393050086
0.7549102984651521,0.9255250484087185,1.0,0.0013266517749427377
0.7548495525047584,0.9255424797656289,1.0,0.0013266518105804685
0.7548293038512939,0.9255406311294287,1.0,0.0013266518462182015
0.7548090551978294,0.9255387824014302,1.0,0.0013266518818559362
0.7547888065443648,0.9255369335816264,1.0,0.001326651917493673
0.7547888065443648,0.9255599145850921,1.0,0.0013266519531314113
0.7547685578909002,0.9255810488676997,1.0,0.001326651988769152
0.7547685578909002,0.9256040326786025,1.0,0.0013266520244068943
0.7547483092374357,0.9256021852495654,1.0,0.0013266520600446387
0.7547078119305066,0.9256214766434052,1.0,0.001326652095682385
0.7546875632770421,0.9256426176580157,1.0,0.001326652131320133
0.7546673146235775,0.9256407709119809,1.0,0.001326652166957883
0.754647065970113,0.9256389240742121,1.0,0.0013266522025956351
0.7546268173166485,0.925660068055935,1.0,0.001326652238233389
0.7546065686631839,0.9257272027225079,1.0,0.0013266522738711447
0.7545660713562549,0.9258155076892499,1.0,0.0013266523095089024
0.7544850767423966,0.9258541433718475,1.0,0.0013266523451466621
0.7544648280889321,0.9258523009641189,1.0,0.0013266523807844237
0.7544648280889321,0.9258753075068956,1.0,0.001326652416422187
0.7544445794354675,0.9258964737456823,1.0,0.0013266524520599526
0.7544040821285385,0.9259388125357259,1.0,0.0013266524876977199
0.7543838334750739,0.9260060149628414,1.0,0.001326652523335489
0.7543838334750739,0.9260290316166235,1.0,0.0013266525589732603
0.7543838334750739,0.9260520494146305,1.0,0.0013266525946110332
0.7543635848216094,0.9260502112851107,1.0,0.0013266526302488082
0.7543433361681449,0.9260483730642074,1.0,0.001326652665886585
0.7543028388612157,0.9260446963482238,1.0,0.0013266527015243638
0.7543028388612157,0.9260677173967086,1.0,0.0013266527371621445
0.7543028388612157,0.9260907395898074,1.0,0.0013266527727999271
0.7542825902077512,0.9261119260124804,1.0,0.0013266528084377117
0.7542623415542866,0.926248259399244,1.0,0.001326652844075498
0.7542420929008221,0.926292492477557,1.0,0.0013266528797132866
0.7542218442473575,0.9262906595046255,1.0,0.0013266529153510768
0.7541813469404285,0.92633306804616,1.0,0.001326652950988869
0.7537966225246021,0.9264596087800507,1.0,0.0013266529866266632
0.7536751306038149,0.9265408742407647,1.0,0.001326653022264459
0.7536548819503504,0.9265390455801449,1.0,0.0013266530579022571
0.7536548819503504,0.9265621110281305,1.0,0.001326653093540057
0.7536346332968857,0.9265602828051482,1.0,0.0013266531291778586
0.7536143846434212,0.9265815221450444,1.0,0.0013266531648156623
0.7536143846434212,0.9266045909475676,1.0,0.001326653200453468
0.7533714008018467,0.9266749688667497,1.0,0.0013266532360912753
0.7533511521483821,0.9266731425440236,1.0,0.0013266532717290849
0.7532904061879885,0.9266907460455848,1.0,0.0013266533073668962
0.753270157534524,0.9266889198884017,1.0,0.0013266533430047094
0.7532499088810594,0.9266870936402362,1.0,0.0013266533786425246
0.7532296602275949,0.9266852673010811,1.0,0.0013266534142803417
0.7532296602275949,0.9267083530554794,1.0,0.0013266534499181608
0.7531689142672012,0.9267721440139529,1.0,0.0013266534855559816
0.7531486656137367,0.9267703194299098,1.0,0.0013266535211938044
0.7531284169602721,0.9267684947549398,1.0,0.001326653556831629
0.7528651844652331,0.9269295971280415,1.0,0.0013266535924694558
0.7528449358117685,0.9269277754232006,1.0,0.0013266536281072844
0.7528449358117685,0.9269508850660683,1.0,0.0013266536637451148
0.752824687158304,0.9269490638011418,1.0,0.0013266536993829473
0.752824687158304,0.9269721751271567,1.0,0.0013266537350207816
0.7527841898513749,0.9269685333865257,1.0,0.0013266537706586178
0.7527841898513749,0.9269916469268171,1.0,0.001326653806296456
0.7527639411979103,0.9269898264512269,1.0,0.001326653841934296
0.7527436925444458,0.9270111216398185,1.0,0.001326653877572138
0.7527234438909812,0.927009301513678,1.0,0.001326653913209982
0.7527031952375167,0.9270074812967581,1.0,0.0013266539488478277
0.7527031952375167,0.9270305992668146,1.0,0.0013266539844856754
0.7526424492771231,0.9270251396648045,1.0,0.001326654020123525
0.7526222006236585,0.9270233196159122,1.0,0.0013266540557613767
0.752601951970194,0.9270214994762308,1.0,0.00132665409139923
0.752601951970194,0.9270446212555807,1.0,0.0013266541270370853
0.7525817033167295,0.9271121754097134,1.0,0.0013266541626749428
0.7525817033167295,0.9271353023348633,1.0,0.001326654198312802
0.7525817033167295,0.9272046900336784,1.0,0.001326654233950663
0.7525007087028712,0.9271974252139418,1.0,0.001326654269588526
0.7524804600494067,0.9271956087824351,1.0,0.001326654305226391
0.7524602113959422,0.927193792260286,1.0,0.0013266543408642579
0.7524602113959422,0.9272169269923649,1.0,0.0013266543765021266
0.7524602113959422,0.9272631999201517,1.0,0.0013266544121399973
0.7524399627424776,0.9272613849033063,1.0,0.00132665444777787
0.7524197140890131,0.9272595697958776,1.0,0.0013266544834157445
0.7523994654355486,0.9272577545978589,1.0,0.0013266545190536209
0.7523994654355486,0.9272808943900979,1.0,0.0013266545546914991
0.7519742437127931,0.9274511762649218,1.0,0.0013266545903293796
0.7515692706435022,0.9276930767308172,1.0,0.0013266546259672618
0.7515490219900377,0.9276912694643705,1.0,0.0013266546616051457
0.7515490219900377,0.9277144571085782,1.0,0.0013266546972430318
0.7515085246831086,0.927710843373494,1.0,0.0013266547328809196
0.7515085246831086,0.9277340332458442,1.0,0.0013266547685188096
0.7515085246831086,0.9277572242775722,1.0,0.0013266548041567013
0.7514882760296441,0.9277786110694465,1.0,0.001326654839794595
0.7514275300692504,0.9277731943298583,1.0,0.0013266548754324906
0.7514072814157858,0.9277713885694284,1.0,0.001326654911070388
0.7513870327623213,0.9278159769971246,1.0,0.0013266549467082875
0.7513667841088567,0.9278373715400196,1.0,0.0013266549823461888
0.7513465354553922,0.9278587682228502,1.0,0.001326655017984092
0.7513262868019277,0.9278569642410602,1.0,0.0013266550536219972
0.7513262868019277,0.9278801670459377,1.0,0.0013266550892599043
0.7513060381484631,0.9278783635090527,1.0,0.0013266551248978132
0.7511238002672822,0.9279781858207835,1.0,0.0013266551605357242
0.7510428056534241,0.928133523509246,1.0,0.001326655196173637
0.7509618110395658,0.9281727857446755,1.0,0.0013266552318115517
0.7509618110395658,0.9281960156171789,1.0,0.0013266552674494683
0.7509213137326368,0.9281924212844771,1.0,0.001326655303087387
0.7509213137326368,0.9282621210983455,1.0,0.0013266553387253073
0.7509010650791722,0.9282603254067584,1.0,0.0013266553743632298
0.7508808164257077,0.9282817662961851,1.0,0.001326655410001154
0.7508808164257077,0.9283050041304729,1.0,0.0013266554456390803
0.7508403191187786,0.9283014144448617,1.0,0.0013266554812770084
0.7508403191187786,0.9283246545163228,1.0,0.0013266555169149385
0.7508200704653141,0.9283461018476792,1.0,0.0013266555525528704
0.7507998218118496,0.9283443078540847,1.0,0.0013266555881908044
0.750779573158385,0.9283890029545796,1.0,0.0013266556238287401
0.7507593245049204,0.9283872098555225,1.0,0.0013266556594666778
0.7507593245049204,0.9284104567307693,1.0,0.0013266556951046175
0.7507390758514558,0.9284319126558822,1.0,0.0013266557307425588
0.7506985785445268,0.9284283281578684,1.0,0.0013266557663805024
0.7506783298910622,0.9284265357742105,1.0,0.0013266558020184477
0.7506783298910622,0.9284962933279903,1.0,0.001326655837656395
0.7506580812375977,0.9285177578520263,1.0,0.0013266558732943441
0.7506378325841332,0.928515967438948,1.0,0.0013266559089322952
0.7506378325841332,0.9285392245266005,1.0,0.0013266559445702483
0.7506175839306686,0.9285374345615309,1.0,0.0013266559802082032
0.7506175839306686,0.9285606933520365,1.0,0.0013266560158461602
0.7506175839306686,0.9285839533077829,1.0,0.001326656051484119
0.7506175839306686,0.9286072144288577,1.0,0.0013266560871220796
0.7505973352772041,0.9286752179577112,1.0,0.0013266561227600422
0.7494026647227959,0.9294324460070317,1.0,0.0013266561583980066
0.7493824160693314,0.9294306737989402,1.0,0.0013266561940359731
0.7493216701089378,0.9294253566405465,1.0,0.0013266562296739414
0.7493014214554732,0.9294235840763532,1.0,0.0013266562653119116
0.7492811728020087,0.9294218114231175,1.0,0.0013266563009498838
0.7492406754950796,0.9294182658494926,1.0,0.001326656336587858
0.749220426841615,0.9294164929290899,1.0,0.001326656372225834
0.7492001781881504,0.9294147199196182,1.0,0.0013266564078638118
0.7491799295346859,0.9294129468210706,1.0,0.0013266564435017918
0.7491596808812214,0.9294578706727629,1.0,0.0013266564791397735
0.7491394322277568,0.9294560984800905,1.0,0.0013266565147777572
0.7491394322277568,0.9294794493015778,1.0,0.0013266565504157428
0.7490989349208278,0.9294759057333802,1.0,0.0013266565860537301
0.7490179403069696,0.9294921727768425,1.0,0.0013266566216917196
0.7488559510792532,0.9294779964311745,1.0,0.001326656657329711
0.7488357024257887,0.9294762239871318,1.0,0.0013266566929677041
0.7488154537723242,0.9294744514539925,1.0,0.0013266567286056993
0.7487952051188596,0.9295194047858436,1.0,0.0013266567642436964
0.7487952051188596,0.9295661354381378,1.0,0.0013266567998816952
0.748774956465395,0.9295643648978156,1.0,0.0013266568355196962
0.7487547078119305,0.9295625942684766,1.0,0.001326656871157699
0.7487547078119305,0.9296327023154084,1.0,0.0013266569067957037
0.7487547078119305,0.9296560740144811,1.0,0.0013266569424337103
0.7486737131980723,0.929719127963992,1.0,0.001326656978071719
0.7486534645446078,0.9297173606920137,1.0,0.0013266570137097293
0.7486534645446078,0.9297407398093896,1.0,0.0013266570493477418
0.7486332158911433,0.9297389729920033,1.0,0.001326657084985756
0.7486332158911433,0.9297623538287438,1.0,0.0013266571206237722
0.7486332158911433,0.9297857358414646,1.0,0.0013266571562617904
0.7486332158911433,0.9298091190302542,1.0,0.0013266571918998105
0.7486129672376787,0.9298541247484909,1.0,0.0013266572275378323
0.7486129672376787,0.9298775120098594,1.0,0.0013266572631758563
0.7485927185842142,0.9298757482770763,1.0,0.001326657298813882
0.7485724699307496,0.9298739844555676,1.0,0.0013266573344519097
0.7485319726238205,0.9298938471600342,1.0,0.0013266573700899393
0.7484914753168914,0.9299371069182389,1.0,0.0013266574057279707
0.7484712266634269,0.9299587400623931,1.0,0.0013266574413660043
0.7481269995545297,0.9303268368837185,1.0,0.0013266574770040395
0.7480055076337424,0.9303631692943132,1.0,0.001326657512642077
0.7479852589802778,0.9303614154388616,1.0,0.0013266575482801162
0.7479650103268133,0.9303596614950634,1.0,0.001326657583918157
0.7479447616733487,0.9303579074629121,1.0,0.0013266576195562001
0.7479447616733487,0.9303813409903783,1.0,0.0013266576551942452
0.7479447616733487,0.9304047756983451,1.0,0.001326657690832292
0.7479245130198842,0.9304030226700252,1.0,0.0013266577264703407
0.7479042643664197,0.9304012695533893,1.0,0.0013266577621083913
0.7478232697525614,0.9303942562035521,1.0,0.001326657797746444
0.7478030210990969,0.9304159423575945,1.0,0.0013266578333844985
0.7477827724456324,0.930414189257281,1.0,0.0013266578690225548
0.7477625237921678,0.9304124360686302,1.0,0.0013266579046606133
0.7477422751387033,0.9304106827916352,1.0,0.0013266579402986735
0.7477422751387033,0.9304575690385003,1.0,0.0013266579759367357
0.7477220264852388,0.9304558167661955,1.0,0.0013266580115747996
0.7477017778317742,0.9304540644055839,1.0,0.0013266580472128657
0.7476815291783097,0.9304523119566587,1.0,0.0013266580828509337
0.7476005345644514,0.93046875,1.0,0.0013266581184890034
0.7475802859109869,0.9304669976561909,1.0,0.0013266581541270751
0.7473575507228769,0.9305884725934144,1.0,0.0013266581897651488
0.7473170534159478,0.9306553697960007,1.0,0.0013266582254032244
0.7473170534159478,0.930678838006859,1.0,0.0013266582610413017
0.7472765561090188,0.930722283869666,1.0,0.0013266582966793812
0.7472765561090188,0.930745756727447,1.0,0.0013266583323174625
0.7472563074555542,0.9307440100882723,1.0,0.0013266583679555457
0.7472360588020897,0.9307422633609927,1.0,0.0013266584035936308
0.7472158101486251,0.9307639922314425,1.0,0.001326658439231718
0.7471955614951605,0.9307622458760026,1.0,0.001326658474869807
0.7471955614951605,0.9307857232942364,1.0,0.0013266585105078978
0.747175312841696,0.9308074565497061,1.0,0.0013266585461459905
0.7471550641882315,0.9308057111144745,1.0,0.0013266585817840852
0.7471145668813024,0.9308726694754901,1.0,0.0013266586174221818
0.7470943182278379,0.9308709254213341,1.0,0.0013266586530602804
0.7470740695743733,0.9308691812791724,1.0,0.001326658688698381
0.7470538209209088,0.9308674370489983,1.0,0.0013266587243364832
0.7470335722674443,0.9308656927308051,1.0,0.0013266587599745875
0.7470335722674443,0.9308891804602342,1.0,0.0013266587956126937
0.7470133236139797,0.9308874366026595,1.0,0.0013266588312508018
0.7470133236139797,0.9309579085495104,1.0,0.0013266588668889119
0.7468715830397279,0.9310397051770705,1.0,0.001326658902527024
0.7466893451585469,0.9311650926720872,1.0,0.0013266589381651377
0.7466690965050824,0.9311633544607459,1.0,0.0013266589738032534
0.7466488478516179,0.9311616161616162,1.0,0.001326659009441371
0.7466488478516179,0.93118513093765,1.0,0.0013266590450794907
0.7466285991981533,0.9311833931006617,1.0,0.0013266590807176123
0.7466285991981533,0.9312304273158905,1.0,0.0013266591163557356
0.7465678532377596,0.9312487371186098,1.0,0.001326659151993861
0.7465678532377596,0.9312722588467076,1.0,0.0013266591876319883
0.7465678532377596,0.9312957817630715,1.0,0.0013266592232701175
0.7465476045842951,0.9312940463259997,1.0,0.0013266592589082486
0.746507107277366,0.9313141009447785,1.0,0.0013266592945463816
0.7464868586239015,0.9313358932902183,1.0,0.0013266593301845164
0.7464868586239015,0.9313594219740797,1.0,0.0013266593658226534
0.7464463613169724,0.9313559536141078,1.0,0.0013266594014607921
0.7464261126635079,0.9313542193026781,1.0,0.0013266594370989328
0.7464058640100434,0.9313524849036106,1.0,0.0013266594727370754
0.7463653667031143,0.9313725490196079,1.0,0.0013266595083752197
0.7463451180496496,0.9313708149084018,1.0,0.0013266595440133663
0.7463451180496496,0.9313943498256431,1.0,0.0013266595796515145
0.7463248693961851,0.9313926161776969,1.0,0.0013266596152896647
0.7462641234357915,0.9314815750897235,1.0,0.0013266596509278169
0.746243874782327,0.9315033869173996,1.0,0.001326659686565971
0.7462033774753979,0.9314999241696578,1.0,0.001326659722204127
0.7461831288219334,0.9315452867868247,1.0,0.0013266597578422848
0.7461628801684688,0.9315435562970827,1.0,0.0013266597934804448
0.7461426315150043,0.9315418257198473,1.0,0.0013266598291186065
0.7461223828615398,0.9315400950551117,1.0,0.00132665986475677
0.7461223828615398,0.93158719724933,1.0,0.0013266599003949355
0.7461021342080751,0.9315854676004348,1.0,0.001326659936033103
0.7460008909407524,0.9316003742382482,1.0,0.0013266599716712725
0.7460008909407524,0.9316239316239316,1.0,0.0013266600073094438
0.7459806422872879,0.9316222025540524,1.0,0.001326660042947617
0.7459806422872879,0.9316457616831884,1.0,0.001326660078585792
0.7357753209411574,0.9338730403495246,1.0,0.0013266601142239692
0.7357348236342284,0.933893643817308,1.0,0.001326660149862148
0.7356943263272993,0.933890245469734,1.0,0.001326660185500329
0.7356943263272993,0.9339142504626774,1.0,0.0013266602211385117
0.7356538290203701,0.9339108529124467,1.0,0.0013266602567766964
0.7356335803669056,0.9339091540063238,1.0,0.001326660292414883
0.735613331713441,0.9339074550128534,1.0,0.0013266603280530716
0.735613331713441,0.9339314635337669,1.0,0.001326660363691262
0.7355930830599765,0.9339297650264795,1.0,0.0013266603993294544
0.7355930830599765,0.9339777869189634,1.0,0.0013266604349676486
0.735572834406512,0.9340001028436262,1.0,0.0013266604706058448
0.7355525857530474,0.9339984058828067,1.0,0.001326660506244043
0.7355525857530474,0.9340224210634578,1.0,0.001326660541882243
0.7355323370995829,0.9340207245892366,1.0,0.001326660577520445
0.7354310938322601,0.9340843041946352,1.0,0.0013266606131586488
0.7354108451787956,0.9341066330598493,1.0,0.0013266606487968545
0.7353905965253311,0.9341049382716049,1.0,0.0013266606844350621
0.7353905965253311,0.9341289642223308,1.0,0.0013266607200732717
0.735350099218402,0.9341255755330915,1.0,0.0013266607557114833
0.7352488559510792,0.9341651659377412,1.0,0.0013266607913496966
0.7352286072976147,0.9341634721757699,1.0,0.001326660826987912
0.7351881099906856,0.9341600843903568,1.0,0.0013266608626261293
0.7351678613372211,0.9341583903669016,1.0,0.0013266608982643484
0.7351071153768275,0.934177345478874,1.0,0.0013266609339025695
0.7350868667233629,0.9341756516816345,1.0,0.0013266609695407926
0.7350666180698984,0.9341979978898067,1.0,0.0013266610051790174
0.7350058721095047,0.9341929174387482,1.0,0.0013266610408172444
0.7349856234560401,0.9341912237807232,1.0,0.001326661076455473
0.7349856234560401,0.9342393122796181,1.0,0.0013266611120937037
0.7349653748025756,0.9343097634430745,1.0,0.0013266611477319363
0.7348236342283239,0.9345625917437099,1.0,0.0013266611833701706
0.734681893654072,0.9346230133175343,1.0,0.0013266612190084071
0.7346616450006075,0.9346213292117466,1.0,0.0013266612546466454
0.7346413963471429,0.9346196450191916,1.0,0.0013266612902848856
0.7346413963471429,0.9346437219846463,1.0,0.0013266613259231277
0.7346211476936784,0.9346420382821959,1.0,0.0013266613615613718
0.7346211476936784,0.9346661170651278,1.0,0.0013266613971996178
0.7344389098124975,0.9347714035359002,1.0,0.0013266614328378656
0.7344186611590329,0.9347938144329897,1.0,0.0013266614684761156
0.7343984125055684,0.934792133817882,1.0,0.0013266615041143673
0.7343984125055684,0.9348162276406,1.0,0.0013266615397526209
0.7343781638521039,0.9348145475165606,1.0,0.0013266615753908765
0.7342971692382456,0.9348078261542031,1.0,0.0013266616110291338
0.7342566719313166,0.9348526644151692,1.0,0.0013266616466673933
0.734236423277852,0.934947400990099,1.0,0.0013266616823056545
0.734236423277852,0.9349715081350076,1.0,0.0013266617179439177
0.733750455594703,0.9352932066900681,1.0,0.0013266617535821828
0.733750455594703,0.935317347649898,1.0,0.0013266617892204499
0.733750455594703,0.9353414898559702,1.0,0.001326661824858719
0.7337302069412384,0.9353398208616195,1.0,0.0013266618604969897
0.7337099582877739,0.9353381517811048,1.0,0.0013266618961352624
0.7336694609808447,0.9353831061544816,1.0,0.001326661931773537
0.7336492123273802,0.9353814379759907,1.0,0.0013266619674118137
0.7336289636739157,0.9353797697113647,1.0,0.0013266620030500922
0.7336087150204511,0.935378101360597,1.0,0.0013266620386883728
0.7336087150204511,0.9354022513683776,1.0,0.001326662074326655
0.7336087150204511,0.9354264026232217,1.0,0.0013266621099649394
0.7336087150204511,0.9354747088744868,1.0,0.0013266621456032256
0.7335682177135221,0.9354955327170377,1.0,0.0013266621812415137
0.7335682177135221,0.9355196901226598,1.0,0.0013266622168798035
0.7335479690600575,0.9355421842315936,1.0,0.0013266622525180956
0.733527720406593,0.9355405196012603,1.0,0.0013266622881563893
0.733527720406593,0.935564680664239,1.0,0.0013266623237946852
0.7335074717531285,0.9355630165289256,1.0,0.0013266623594329829
0.7334872230996639,0.9355613523076526,1.0,0.0013266623950712825
0.7334467257927347,0.9356063541263077,1.0,0.0013266624307095838
0.7334264771392702,0.9356046908095262,1.0,0.0013266624663478873
0.7331227473373021,0.9357248081048252,1.0,0.0013266625019861926
0.7326570283076176,0.9360254552980133,1.0,0.0013266625376244998
0.7326570283076176,0.9360496701590997,1.0,0.0013266625732628091
0.7326165310006885,0.9360463612138773,1.0,0.00132666260890112
0.732596282347224,0.9360447066128531,1.0,0.001326662644539433
0.7325760336937593,0.9360672703751617,1.0,0.001326662680177748
0.7325355363868302,0.9360881827826222,1.0,0.0013266627158160648
0.7325152877333657,0.9360865290068829,1.0,0.0013266627514543835
0.7325152877333657,0.9361107517143227,1.0,0.001326662787092704
0.7324950390799012,0.9361090984370148,1.0,0.0013266628227310267
0.7324747904264366,0.9361074450741402,1.0,0.0013266628583693512
0.7324747904264366,0.9361316702034056,1.0,0.0013266628940076775
0.732373547159114,0.9362445640919445,1.0,0.001326662929646006
0.732373547159114,0.9362687996686598,1.0,0.0013266629652843361
0.7323532985056493,0.9362913872996971,1.0,0.0013266630009226683
0.7323128011987203,0.9362880886426593,1.0,0.0013266630365610023
0.7322318065848621,0.936281490303705,1.0,0.0013266630721993384
0.7322115579313976,0.9362798405054115,1.0,0.0013266631078376761
0.732191309277933,0.9363266785779021,1.0,0.0013266631434760159
0.732150811971004,0.9363233808944247,1.0,0.0013266631791143577
0.7321305633175393,0.9363217319245909,1.0,0.0013266632147527014
0.7321305633175393,0.9363459795416289,1.0,0.0013266632503910467
0.7321103146640748,0.9363685805298734,1.0,0.0013266632860293942
0.7321103146640748,0.9363928312441728,1.0,0.0013266633216677437
0.7320900660106103,0.9363911838595219,1.0,0.001326663357306095
0.7320495687036812,0.9364121425611273,1.0,0.001326663392944448
0.7320293200502167,0.9364104955059963,1.0,0.0013266634285828032
0.7320090713967521,0.9364331045201398,1.0,0.0013266634642211603
0.7319888227432876,0.9364314578800125,1.0,0.001326663499859519
0.7319685740898231,0.9364298111545735,1.0,0.00132666353549788
0.7319483254363585,0.9364281643438164,1.0,0.0013266635711362427
0.7306524116146276,0.9372224098075375,1.0,0.0013266636067746074
0.7306321629611631,0.9372207792207792,1.0,0.001326663642412974
0.7306321629611631,0.9372451232499546,1.0,0.0013266636780513426
0.7306119143076986,0.9372434931684763,1.0,0.001326663713689713
0.7306119143076986,0.9372678390523937,1.0,0.0013266637493280853
0.7306119143076986,0.9372921862011637,1.0,0.0013266637849664595
0.730591665654234,0.937314906219151,1.0,0.0013266638206048359
0.7305714170007694,0.9373376285981503,1.0,0.0013266638562432138
0.7305714170007694,0.9373863341127565,1.0,0.0013266638918815938
0.7305714170007694,0.9374106887682195,1.0,0.0013266639275199758
0.7305511683473049,0.9374334190765713,1.0,0.0013266639631583596
0.7305309196938403,0.9374805113813532,1.0,0.0013266639987967455
0.7304499250799822,0.9374983757374152,1.0,0.001326664034435133
0.7304296764265177,0.9374967513904049,1.0,0.0013266640700735227
0.7303891791195886,0.9374935024430814,1.0,0.001326664105711914
0.7303689304661241,0.937491877842755,1.0,0.0013266641413503075
0.7303486818126594,0.9374902531579768,1.0,0.0013266641769887027
0.7303284331591949,0.9375129964649616,1.0,0.0013266642126271001
0.7303081845057303,0.9375601133380125,1.0,0.0013266642482654993
0.7302676871988013,0.9375568669248967,1.0,0.0013266642839039004
0.7302676871988013,0.9375812405760932,1.0,0.0013266643195423032
0.7302676871988013,0.9376056154946055,1.0,0.0013266643551807082
0.7301866925849431,0.9376235049401976,1.0,0.0013266643908191149
0.7301259466245494,0.9376430205949656,1.0,0.0013266644264575236
0.7301259466245494,0.937667403458588,1.0,0.0013266644620959342
0.7301056979710849,0.9376657824933687,1.0,0.0013266644977343468
0.7300652006641558,0.9378332683053713,1.0,0.0013266645333727613
0.7300247033572267,0.9378300340764248,1.0,0.0013266645690111778
0.7299639573968331,0.9378251821019771,1.0,0.001326664604649596
0.729923460089904,0.9378219470315833,1.0,0.0013266646402880162
0.7299032114364394,0.9378447288999896,1.0,0.0013266646759264383
0.7298627141295104,0.9378658964951995,1.0,0.0013266647115648623
0.7298627141295104,0.9378902997502082,1.0,0.0013266647472032884
0.7298424654760458,0.9378886836147902,1.0,0.0013266647828417161
0.7298222168225813,0.9378870673952641,1.0,0.001326664818480146
0.7297817195156522,0.9379082416009576,1.0,0.0013266648541185777
0.7297614708621877,0.9379066257221673,1.0,0.0013266648897570113
0.7297614708621877,0.9379554445138455,1.0,0.0013266649253954469
0.7297412222087232,0.9379538297373968,1.0,0.0013266649610338842
0.7293969950998258,0.9382439507201834,1.0,0.0013266649966723236
0.7292350058721095,0.9384511152803836,1.0,0.0013266650323107648
0.7292147572186449,0.9384495114006515,1.0,0.001326665067949208
0.7291945085651804,0.9384479074373273,1.0,0.001326665103587653
0.7291945085651804,0.9384723633805019,1.0,0.0013266651392261001
0.7291742599117159,0.938470759929115,1.0,0.0013266651748645491
0.7291540112582513,0.9384691563941518,1.0,0.0013266652105029999
0.7291540112582513,0.9384936148032317,1.0,0.0013266652461414528
0.7291337626047868,0.9384920117803435,1.0,0.0013266652817799074
0.7291135139513223,0.9384904086738949,1.0,0.001326665317418364
0.7290527679909286,0.9384855988531213,1.0,0.0013266653530568226
0.7290527679909286,0.9385100615160046,1.0,0.0013266653886952829
0.729032519337464,0.9385084586711154,1.0,0.0013266654243337453
0.7290122706839995,0.938506855742662,1.0,0.0013266654599722095
0.7289717733770704,0.9385036496350365,1.0,0.0013266654956106756
0.7289717733770704,0.9385281159571417,1.0,0.0013266655312491437
0.7288705301097477,0.9385935177700712,1.0,0.0013266655668876138
0.7285263030008504,0.9388356861414816,1.0,0.0013266656025260855
0.7285060543473859,0.9388340900788059,1.0,0.0013266656381645595
0.7284858056939214,0.938856993736952,1.0,0.0013266656738030352
0.7284858056939214,0.9388814948198022,1.0,0.0013266657094415128
0.7284250597335277,0.9389012136239071,1.0,0.0013266657450799924
0.7284250597335277,0.9389257190583077,1.0,0.001326665780718474
0.7284048110800632,0.9389241249706366,1.0,0.0013266658163569574
0.7283845624265987,0.938971547898721,1.0,0.0013266658519954426
0.728364313773134,0.938969954840899,1.0,0.0013266658876339298
0.728364313773134,0.9390434918811674,1.0,0.001326665923272419
0.7283440651196695,0.9390419005351782,1.0,0.00132666595891091
0.7281820758919532,0.939127255634189,1.0,0.001326665994549403
0.7281618272384887,0.9391256659354434,1.0,0.001326666030187898
0.728141578585024,0.9391240761536653,1.0,0.0013266660658263947
0.7281213299315595,0.9391224862888483,1.0,0.0013266661014648933
0.728101081278095,0.9391208963409856,1.0,0.001326666137103394
0.7280808326246304,0.939119306310071,1.0,0.0013266661727418965
0.7280808326246304,0.9391438347219683,1.0,0.001326666208380401
0.7280403353177014,0.9391406556092464,1.0,0.0013266662440189073
0.7280403353177014,0.9391897186740851,1.0,0.0013266662796574157
0.7280403353177014,0.9392142521289378,1.0,0.0013266663152959259
0.7279795893573078,0.9392340247661842,1.0,0.001326666350934438
0.7277366055157332,0.9392886077934297,1.0,0.001326666386572952
0.727655610901875,0.9393313641947879,1.0,0.001326666422211468
0.727655610901875,0.9393559180259305,1.0,0.0013266664578499858
0.7275948649414814,0.9393757189166579,1.0,0.0013266664934885057
0.7275543676345523,0.9393725490196079,1.0,0.0013266665291270273
0.7275341189810878,0.9393955239489646,1.0,0.001326666564765551
0.7274531243672295,0.9394137489213712,1.0,0.0013266666004040765
0.7274531243672295,0.9394383138957167,1.0,0.0013266666360426038
0.7274531243672295,0.9394628801548077,1.0,0.0013266666716811332
0.727432875713765,0.9395595773616487,1.0,0.0013266667073196644
0.7273113837929778,0.9396484068435097,1.0,0.0013266667429581976
0.7272506378325841,0.9397174254317111,1.0,0.0013266667785967327
0.7272303891791196,0.9397158481383605,1.0,0.0013266668142352697
0.7272303891791196,0.9397650260355339,1.0,0.0013266668498738087
0.727210140525655,0.9397634498639313,1.0,0.0013266668855123494
0.7271898918721905,0.9397618736098391,1.0,0.0013266669211508923
0.7271291459117969,0.9397571443525594,1.0,0.001326666956789437
0.7271291459117969,0.9397817382429143,1.0,0.0013266669924279835
0.7271291459117969,0.9398063334205705,1.0,0.001326667028066532
0.7270886486048678,0.9398277802496925,1.0,0.0013266670637050823
0.7270683999514033,0.9398262053080668,1.0,0.0013266670993436348
0.7270683999514033,0.9398508048684727,1.0,0.001326667134982189
0.7270481512979386,0.9398492304470736,1.0,0.001326667170620745
0.7270279026444741,0.9398722579969635,1.0,0.0013266672062593032
0.7270076539910096,0.9398706840135075,1.0,0.0013266672418978632
0.726987405337545,0.9398691099476439,1.0,0.0013266672775364252
0.726987405337545,0.9398937144951438,1.0,0.0013266673131749889
0.7269671566840805,0.9398921409497879,1.0,0.0013266673488135548
0.726946908030616,0.939890567322041,1.0,0.0013266673844521224
0.7143319969222047,0.9441203232885511,1.0,0.001326667420090692
0.7142914996152756,0.9441173321914142,1.0,0.0013266674557292633
0.714271250961811,0.9441158365227632,1.0,0.0013266674913678367
0.7142510023083465,0.9441143407740485,1.0,0.001326667527006412
0.714230753654882,0.9441128449452638,1.0,0.0013266675626449893
0.7142105050014174,0.9441366203592173,1.0,0.0013266675982835684
0.7142105050014174,0.944161893034959,1.0,0.0013266676339221495
0.7141902563479529,0.9441603983189228,1.0,0.0013266676695607325
0.7141700076944884,0.9441841788247892,1.0,0.0013266677051993173
0.7141497590410237,0.9441826845853188,1.0,0.0013266677408379042
0.7141295103875592,0.9441811902658421,1.0,0.0013266677764764928
0.7140890130806301,0.9441782013868437,1.0,0.0013266678121150834
0.7140282671202365,0.9442495648681216,1.0,0.001326667847753676
0.7140282671202365,0.944274850042845,1.0,0.0013266678833922705
0.714008018466772,0.9442986449574206,1.0,0.0013266679190308667
0.714008018466772,0.9443239334779465,1.0,0.0013266679546694651
0.7139877698133074,0.944347732933394,1.0,0.0013266679903080653
0.7139877698133074,0.9443730248004714,1.0,0.0013266680259466674
0.7139675211598429,0.9443715349385329,1.0,0.0013266680615852714
0.7138257805855911,0.9443864019930884,1.0,0.0013266680972238772
0.7138055319321265,0.9444355141188447,1.0,0.0013266681328624852
0.7138055319321265,0.9444608171466845,1.0,0.0013266681685010948
0.7138055319321265,0.9444861215303826,1.0,0.0013266682041397067
0.7138055319321265,0.944511427270048,1.0,0.0013266682397783203
0.7137650346251975,0.9445084536855926,1.0,0.0013266682754169358
0.7136840400113392,0.9445025055604684,1.0,0.001326668311055553
0.7136840400113392,0.9445278164862257,1.0,0.0013266683466941725
0.7136840400113392,0.9445531287685918,1.0,0.0013266683823327937
0.7136435427044101,0.9446261056017153,1.0,0.0013266684179714168
0.7136435427044101,0.9446514245892412,1.0,0.001326668453610042
0.7136030453974811,0.9446484573940548,1.0,0.001326668489248669
0.7136030453974811,0.9446737790167802,1.0,0.001326668524887298
0.7135827967440165,0.944722944535292,1.0,0.0013266685605259287
0.7135827967440165,0.9447482708701946,1.0,0.0013266685961645615
0.713562548090552,0.9447721179624665,1.0,0.0013266686318031962
0.7135220507836229,0.944769156523138,1.0,0.0013266686674418327
0.7135018021301583,0.9447676756843714,1.0,0.0013266687030804713
0.7134613048232292,0.9448153809025822,1.0,0.0013266687387191115
0.7134613048232292,0.944840716507562,1.0,0.001326668774357754
0.7134613048232292,0.9448913917940467,1.0,0.0013266688099963981
0.7134410561697647,0.9448899139156319,1.0,0.0013266688456350442
0.7134410561697647,0.9449152542372882,1.0,0.0013266688812736923
0.7134005588628356,0.944912299522609,1.0,0.0013266689169123423
0.7133803102093711,0.9449108220463993,1.0,0.0013266689525509943
0.7133600615559065,0.9449093444909344,1.0,0.001326668988189648
0.7130158344470092,0.9449602833834264,1.0,0.0013266690238283039
0.7128740938727575,0.9450006710508656,1.0,0.0013266690594669615
0.712853845219293,0.9449991947173458,1.0,0.001326669095105621
0.712853845219293,0.9450245617802593,1.0,0.0013266691307442825
0.7128335965658283,0.9450230860088049,1.0,0.0013266691663829458
0.7127930992588993,0.9450201342281879,1.0,0.0013266692020216112
0.7127323532985056,0.9450157059628963,1.0,0.0013266692376602783
0.7126918559915766,0.9450127533897167,1.0,0.0013266692732989474
0.712671607338112,0.9450112769842122,1.0,0.0013266693089376185
0.7126513586846475,0.9450351753396703,1.0,0.0013266693445762915
0.7124691208034666,0.9451742015204019,1.0,0.0013266693802149662
0.7124691208034666,0.9452249832102082,1.0,0.0013266694158536431
0.7124488721500021,0.9452235117128734,1.0,0.0013266694514923218
0.7124488721500021,0.9452489052467561,1.0,0.0013266694871310024
0.7124488721500021,0.9452996964079418,1.0,0.001326669522769685
0.7124286234965375,0.9452982267598066,1.0,0.0013266695584083694
0.712408374843073,0.9452967570326983,1.0,0.0013266695940470558
0.7123476288826793,0.9453431504272586,1.0,0.001326669629685744
0.7123273802292147,0.9453670858862733,1.0,0.0013266696653244342
0.7123071315757502,0.9453656176936928,1.0,0.0013266697009631262
0.7118616611995302,0.9455875628715135,1.0,0.0013266697366018203
0.7118414125460657,0.9455860993060412,1.0,0.0013266697722405163
0.7118211638926012,0.9456100710135571,1.0,0.0013266698078792142
0.7118211638926012,0.945635507733692,1.0,0.0013266698435179139
0.7117806665856721,0.9456834629146378,1.0,0.0013266698791566155
0.7117604179322075,0.945682001614205,1.0,0.001326669914795319
0.7117199206252784,0.945679078777443,1.0,0.0013266699504340246
0.7116996719718138,0.945677617241101,1.0,0.001326669986072732
0.7116794233183493,0.9456761556261098,1.0,0.0013266700217114413
0.7116389260114202,0.945673232160155,1.0,0.0013266700573501527
0.7116186773579557,0.9456717703091785,1.0,0.0013266700929888658
0.7116186773579557,0.9456972175878585,1.0,0.0013266701286275809
0.7116186773579557,0.9457226662361078,1.0,0.001326670164266298
0.7116186773579557,0.9457481162540367,1.0,0.0013266701999050169
0.7111124610213421,0.9458389442499326,1.0,0.0013266702355437376
0.7107884825659093,0.9460705045278137,1.0,0.0013266702711824604
0.7107682339124448,0.9460690510201332,1.0,0.001326670306821185
0.7107479852589803,0.9460675974341006,1.0,0.0013266703424599116
0.7107277366055157,0.9460916442048517,1.0,0.0013266703780986401
0.7106872392985867,0.9460887379373552,1.0,0.0013266704137373704
0.7106872392985867,0.9461142410437502,1.0,0.0013266704493761028
0.7106467419916576,0.9461113357595363,1.0,0.001326670485014837
0.710626493338193,0.946109882999946,1.0,0.001326670520653573
0.7106062446847284,0.9461084301620252,1.0,0.001326670556292311
0.7105454987243348,0.9461040711782152,1.0,0.0013266705919310511
0.7105252500708703,0.9461026180269082,1.0,0.001326670627569793
0.7105050014174057,0.946101164797239,1.0,0.0013266706632085368
0.7102620175758312,0.946134757512003,1.0,0.0013266706988472826
0.7102417689223667,0.946133304561271,1.0,0.0013266707344860302
0.7102417689223667,0.9461588260681916,1.0,0.0013266707701247798
0.7102417689223667,0.946184348952011,1.0,0.0013266708057635313
0.7102417689223667,0.9462609258659761,1.0,0.0013266708414022845
0.7101202770015794,0.9463288270055857,1.0,0.00132667087704104
0.7099987850807922,0.9463456763467559,1.0,0.001326670912679797
0.7099785364273276,0.9463442282259588,1.0,0.0013266709483185561
0.7099177904669339,0.9463398833945152,1.0,0.0013266709839573172
0.7097962985461467,0.9463311916203229,1.0,0.0013266710195960802
0.7097760498926822,0.9463297427175292,1.0,0.001326671055234845
0.7097760498926822,0.9463552915766739,1.0,0.0013266710908736118
0.7097558012392176,0.9463538432463079,1.0,0.0013266711265123804
0.7097558012392176,0.9463793941357524,1.0,0.0013266711621511512
0.709735552585753,0.9463779463779464,1.0,0.0013266711977899237
0.7097153039322885,0.9463764985419592,1.0,0.001326671233428698
0.7096950552788239,0.9463750506277845,1.0,0.0013266712690674744
0.7096748066253594,0.9463736026354161,1.0,0.0013266713047062526
0.7096545579718949,0.9463977100885721,1.0,0.001326671340345033
0.7096343093184303,0.9463962625908023,1.0,0.001326671375983815
0.7096140606649658,0.9463948150148528,1.0,0.001326671411622599
0.7095938120115013,0.9463933673607173,1.0,0.0013266714472613848
0.7095938120115013,0.9464189262179972,1.0,0.0013266714829001727
0.7078726764670149,0.9470903771131339,1.0,0.0013266715185389624
0.7078726764670149,0.9471160358700659,1.0,0.0013266715541777542
0.7078321791600859,0.9471131702294833,1.0,0.0013266715898165478
0.7078321791600859,0.9472671598515026,1.0,0.0013266716254553433
0.7078119305066213,0.9472657308546962,1.0,0.0013266716610941406
0.7077916818531568,0.9472643017804395,1.0,0.00132667169673294
0.7077511845462277,0.9472614433995501,1.0,0.0013266717323717411
0.7077106872392986,0.9472585847087839,1.0,0.0013266717680105445
0.707690438585834,0.9472571552471812,1.0,0.0013266718036493495
0.7076701899323695,0.9472557257080906,1.0,0.0013266718392881565
0.7076499412789049,0.9472542960915054,1.0,0.0013266718749269653
0.7076296926254404,0.9472528663974196,1.0,0.0013266719105657762
0.7076094439719759,0.9472514366258268,1.0,0.0013266719462045888
0.7075689466650468,0.9472485768500949,1.0,0.0013266719818434036
0.7075284493581177,0.9472713964269255,1.0,0.0013266720174822202
0.7075082007046531,0.9472699669251207,1.0,0.0013266720531210385
0.7074879520511886,0.9473199034785673,1.0,0.001326672088759859
0.707467703397724,0.9473184751369231,1.0,0.0013266721243986813
0.7073867087838659,0.9474412171507607,1.0,0.0013266721600375055
0.7073664601304013,0.9474397917118681,1.0,0.0013266721956763316
0.7073462114769368,0.9474640629237863,1.0,0.0013266722313151596
0.7073259628234723,0.9474626379885541,1.0,0.0013266722669539896
0.7072854655165431,0.9474597878861855,1.0,0.0013266723025928216
0.7072652168630786,0.9474583627190365,1.0,0.0013266723382316552
0.7072247195561495,0.9474555121527778,1.0,0.001326672373870491
0.707204470902685,0.9474540867536554,1.0,0.0013266724095093287
0.7071842222492204,0.9474526612771961,1.0,0.0013266724451481682
0.7071437249422914,0.9474755147996419,1.0,0.0013266724807870097
0.7071234762888268,0.9474997965108392,1.0,0.001326672516425853
0.7071032276353623,0.947498372042544,1.0,0.0013266725520646983
0.7071032276353623,0.9475240808574142,1.0,0.0013266725877035454
0.7070424816749686,0.9475712347354138,1.0,0.0013266726233423945
0.707022233021504,0.947569811935195,1.0,0.0013266726589812455
0.7070019843680395,0.9475683890577508,1.0,0.0013266726946200985
0.7064552707244969,0.9478645946533363,1.0,0.0013266727302589534
0.706090794962135,0.9479936929099608,1.0,0.0013266727658978101
0.7060705463086705,0.9479922790419487,1.0,0.001326672801536669
0.7060705463086705,0.9480438269758843,1.0,0.0013266728371755295
0.7060705463086705,0.9480696030451332,1.0,0.001326672872814392
0.7060502976552059,0.9480681910873052,1.0,0.0013266729084532565
0.7060098003482769,0.9480653669412948,1.0,0.0013266729440921227
0.7059895516948123,0.9481412993228727,1.0,0.001326672979730991
0.7059490543878832,0.9481900514019962,1.0,0.0013266730153698612
0.7059288057344186,0.9481886422976501,1.0,0.0013266730510087333
0.7059085570809541,0.9481872331166535,1.0,0.0013266730866476073
0.7058883084274896,0.9481858238590002,1.0,0.0013266731222864832
0.7058478111205605,0.9481830051136981,1.0,0.0013266731579253612
0.705827562467096,0.948233181904736,1.0,0.0013266731935642408
0.7058073138136314,0.9482317736670294,1.0,0.0013266732292031224
0.705422589397805,0.948669770988209,1.0,0.001326673264842006
0.7054023407443405,0.9486683731822886,1.0,0.0013266733004808915
0.7054023407443405,0.948694207674083,1.0,0.001326673336119779
0.7054023407443405,0.9487200435729848,1.0,0.0013266733717586683
0.705382092090876,0.9487186470219777,1.0,0.0013266734073975595
0.7053415947839469,0.9487416929948796,1.0,0.0013266734430364526
0.7053213461304824,0.9487402968813836,1.0,0.0013266734786753476
0.7053010974770177,0.9487389006918342,1.0,0.0013266735143142446
0.7052808488235532,0.9487375044262251,1.0,0.0013266735499531436
0.7051998542096951,0.9487577639751553,1.0,0.0013266735855920445
0.705159356902766,0.9488066695727986,1.0,0.0013266736212309471
0.7051391082493014,0.9488052747731793,1.0,0.0013266736568698517
0.7051188595958369,0.9488038798975532,1.0,0.0013266736925087582
0.7050783622889077,0.9488527985176304,1.0,0.0013266737281476667
0.7049973676750496,0.9488989425487845,1.0,0.0013266737637865772
0.7049771190215851,0.9488975498078548,1.0,0.0013266737994254896
0.7049771190215851,0.9489234123739438,1.0,0.0013266738350644037
0.7049568703681205,0.9489220202240454,1.0,0.0013266738707033198
0.704936621714656,0.9489206279982556,1.0,0.0013266739063422378
0.7046531405661524,0.9491081656030109,1.0,0.0013266739419811578
0.7044709026849715,0.9491733507939106,1.0,0.0013266739776200797
0.7044506540315069,0.9491719640957084,1.0,0.0013266740132590034
0.7044101567245779,0.9491691904722928,1.0,0.0013266740488979292
0.7044101567245779,0.9491950886766712,1.0,0.0013266740845368568
0.7043899080711132,0.9492196027068326,1.0,0.0013266741201757863
0.7043696594176487,0.949218217043687,1.0,0.0013266741558147178
0.7043494107641842,0.9492427343430209,1.0,0.0013266741914536512
0.7043291621107196,0.9492413491976859,1.0,0.0013266742270925864
0.7043291621107196,0.9492672543186966,1.0,0.0013266742627315235
0.7043089134572551,0.9492658697669342,1.0,0.0013266742983704628
0.704268416150326,0.9492631004366813,1.0,0.0013266743340094038
0.7041469242295387,0.9493066171653199,1.0,0.0013266743696483468
0.7041469242295387,0.9493325325543939,1.0,0.0013266744052872915
0.7041064269226096,0.9493297660323787,1.0,0.0013266744409262384
0.7040861782691451,0.9493283826580758,1.0,0.001326674476565187
0.7040254323087515,0.9493501529051988,1.0,0.0013266745122041375
0.7039646863483578,0.9493719279082469,1.0,0.00132667454784309
0.7039241890414287,0.9493691627068654,1.0,0.0013266745834820445
0.7039039403879642,0.9493937076687787,1.0,0.001326674619121001
0.7038431944275706,0.9493895610848606,1.0,0.001326674654759959
0.7038431944275706,0.9494154921883535,1.0,0.0013266746903989191
0.7038431944275706,0.949441424708421,1.0,0.0013266747260378814
0.7037621998137124,0.9494359002376594,1.0,0.0013266747616768454
0.7037419511602478,0.9494345189313227,1.0,0.0013266747973158112
0.7037217025067833,0.9494331375495151,1.0,0.001326674832954779
0.7037014538533187,0.9494317560922304,1.0,0.001326674868593749
0.7036812051998542,0.9494303745594623,1.0,0.0013266749042327205
0.7036609565463897,0.9494289929512049,1.0,0.001326674939871694
0.7036407078929251,0.9494276112674517,1.0,0.0013266749755106695
0.7036204592394606,0.9494262295081968,1.0,0.001326675011149647
0.703600210585996,0.9494767330655518,1.0,0.0013266750467886262
0.7035799619325315,0.9494753524975407,1.0,0.0013266750824276075
0.7035394646256024,0.9494725911351588,1.0,0.0013266751180665906
0.6883327258737294,0.9538427004124694,1.0,0.0013266751537055756
0.6883124772202649,0.953841405241596,1.0,0.0013266751893445626
0.6882719799133358,0.9538388146817824,1.0,0.0013266752249835516
0.6882314826064067,0.9538362238311725,1.0,0.0013266752606225425
0.6881909852994775,0.9538336326897171,1.0,0.001326675296261535
0.6881909852994775,0.9538604024585333,1.0,0.0013266753319005297
0.688170736646013,0.9539126529695745,1.0,0.0013266753675395262
0.6881504879925485,0.9539113593622814,1.0,0.0013266754031785247
0.6881302393390839,0.9539100656823668,1.0,0.001326675438817525
0.6880694933786903,0.9539061842068327,1.0,0.0013266754744565275
0.6880492447252258,0.9539048902363708,1.0,0.0013266755100955316
0.6880289960717613,0.9539035961932568,1.0,0.0013266755457345377
0.6880087474182967,0.9539023020774846,1.0,0.0013266755813735457
0.6879884987648321,0.953901007889048,1.0,0.0013266756170125557
0.6879682501113676,0.9538997136279409,1.0,0.0013266756526515676
0.6879682501113676,0.9539264957744897,1.0,0.0013266756882905815
0.687948001457903,0.9539252021563343,1.0,0.001326675723929597
0.6879277528044385,0.953977480133659,1.0,0.0013266757595686146
0.6878467581905803,0.9539723103709736,1.0,0.0013266757952076341
0.6878062608836513,0.9539697250540624,1.0,0.0013266758308466556
0.6877860122301866,0.9539684322866933,1.0,0.001326675866485679
0.6877657635767221,0.953967139446707,1.0,0.0013266759021247042
0.6876645203093994,0.9541214811485081,1.0,0.0013266759377637315
0.6876442716559349,0.9541201921726182,1.0,0.0013266759734027606
0.6876240230024704,0.9541189031242976,1.0,0.0013266760090417916
0.6875835256955413,0.95411632481034,1.0,0.0013266760446808245
0.6875632770420766,0.9541150355446908,1.0,0.0013266760803198594
0.6875632770420766,0.9541418455659211,1.0,0.001326676115958896
0.6875430283886121,0.9541405569449518,1.0,0.0013266761515979347
0.6875227797351476,0.9541392682515596,1.0,0.0013266761872369754
0.687502531081683,0.9541379794857384,1.0,0.001326676222876018
0.6874822824282185,0.954136690647482,1.0,0.0013266762585150624
0.6874417851212894,0.9541341127536395,1.0,0.0013266762941541086
0.6874012878143604,0.9541315345699831,1.0,0.001326676329793157
0.6874012878143604,0.9541583518367577,1.0,0.001326676365432207
0.6873810391608958,0.9541570633537579,1.0,0.001326676401071259
0.6873202932005021,0.9541531974701335,1.0,0.001326676436710313
0.6873000445470376,0.9541519086973632,1.0,0.001326676472349369
0.6873000445470376,0.9541787310600737,1.0,0.0013266765079884269
0.6872797958935731,0.9541774429326436,1.0,0.0013266765436274865
0.6872797958935731,0.9542042675212954,1.0,0.0013266765792665483
0.6869153201312113,0.9543958362638908,1.0,0.0013266766149056118
0.6866723362896368,0.9544610188573037,1.0,0.0013266766505446773
0.6866723362896368,0.9544878831377185,1.0,0.0013266766861837447
0.6866520876361722,0.9544866021166404,1.0,0.001326676721822814
0.6866318389827076,0.954485321023447,1.0,0.0013266767574618853
0.6866115903292431,0.9544840398581321,1.0,0.0013266767931009583
0.6865913416757785,0.9544827586206897,1.0,0.0013266768287400334
0.686571093022314,0.9544814773111137,1.0,0.0013266768643791103
0.6863686064876686,0.9546837154283783,1.0,0.0013266769000181893
0.686348357834204,0.9546824390930855,1.0,0.00132667693565727
0.6863281091807395,0.954708052840605,1.0,0.0013266769712963527
0.6863078605272749,0.9547067770829812,1.0,0.0013266770069354373
0.6862876118738104,0.9547055012534859,1.0,0.0013266770425745238
0.6862876118738104,0.9547323943661972,1.0,0.0013266770782136123
0.6862673632203459,0.9547311191864559,1.0,0.0013266771138527027
0.6862268659134168,0.9547554654045526,1.0,0.001326677149491795
0.6862066172599522,0.9547541907310889,1.0,0.0013266771851308892
0.6861863686064876,0.9547529159858004,1.0,0.0013266772207699853
0.6861661199530231,0.9547516411686812,1.0,0.0013266772564090833
0.6861458712995586,0.954750366279725,1.0,0.0013266772920481832
0.6854371684282995,0.9550828090172954,1.0,0.0013266773276872851
0.685416919774835,0.955108490166756,1.0,0.001326677363326389
0.6853966711213705,0.955107223476298,1.0,0.0013266773989654946
0.6853764224679059,0.9551059567143543,1.0,0.0013266774346046022
0.6853359251609767,0.9551034229759856,1.0,0.0013266774702437119
0.6853156765075122,0.9551021559995485,1.0,0.0013266775058828231
0.6852954278540477,0.9551547991984873,1.0,0.0013266775415219365
0.6852954278540477,0.9551817566041996,1.0,0.0013266775771610519
0.6852954278540477,0.9552087155315966,1.0,0.001326677612800169
0.6852751792005831,0.9552074513124471,1.0,0.001326677648439288
0.6852549305471186,0.9552061870219312,1.0,0.001326677684078409
0.6852144332401895,0.9552306215773726,1.0,0.001326677719717532
0.6852144332401895,0.955257586450247,1.0,0.0013266777553566568
0.685194184586725,0.9552563233965673,1.0,0.0013266777909957837
0.685194184586725,0.9552832905174604,1.0,0.0013266778266349123
0.685194184586725,0.9553102591609735,1.0,0.0013266778622740428
0.6851739359332605,0.9553089974873663,1.0,0.0013266778979131753
0.6851536872797959,0.9553077357425184,1.0,0.0013266779335523097
0.6851334386263314,0.9553064739264236,1.0,0.0013266779691914461
0.6845664763293241,0.9557572159556724,1.0,0.0013266780048305843
0.6842222492204268,0.9561145379435233,1.0,0.0013266780404697245
0.6842020005669623,0.9561132961715854,1.0,0.0013266780761088666
0.6841817519134977,0.9561120543293719,1.0,0.0013266781117480106
0.6841615032600332,0.9561108124168766,1.0,0.0013266781473871565
0.6841412546065687,0.9561095704340936,1.0,0.0013266781830263044
0.6841210059531041,0.9561083283810171,1.0,0.001326678218665454
0.6841007572996396,0.956107086257641,1.0,0.0013266782543046056
0.684080508646175,0.9561329031527707,1.0,0.0013266782899437593
0.684080508646175,0.9561599637732432,1.0,0.0013266783255829148
0.6840602599927105,0.9561857858537828,1.0,0.0013266783612220722
0.6840197626857814,0.9562374387861975,1.0,0.0013266783968612313
0.6839995140323168,0.9562361999660307,1.0,0.0013266784325003927
0.6839995140323168,0.9562632696390658,1.0,0.0013266784681395557
0.6839792653788523,0.9562620314800135,1.0,0.0013266785037787208
0.6839792653788523,0.9562891034170371,1.0,0.0013266785394178877
0.6839590167253877,0.9562878659192571,1.0,0.0013266785750570566
0.6839590167253877,0.9563149401206081,1.0,0.0013266786106962275
0.6839387680719232,0.9563137032842582,1.0,0.0013266786463354
0.6839185194184587,0.9563124663778703,1.0,0.0013266786819745747
0.6836350382699551,0.9565931886439621,1.0,0.0013266787176137514
0.6834932976957032,0.9566659108944564,1.0,0.0013266787532529298
0.6834325517353096,0.956770700456388,1.0,0.00132667878889211
0.6833920544283805,0.9567682494684621,1.0,0.0013266788245312924
0.6833515571214515,0.9567657982025912,1.0,0.0013266788601704767
0.6833515571214515,0.9567929235654343,1.0,0.0013266788958096627
0.6832908111610578,0.956789248348408,1.0,0.0013266789314488507
0.6832705625075932,0.9567880231371215,1.0,0.0013266789670880407
0.6832503138541287,0.956813928429649,1.0,0.0013266790027272326
0.6832300652006642,0.9568127038139799,1.0,0.0013266790383664262
0.6832098165471996,0.9568114791288567,1.0,0.001326679074005622
0.6831895678937351,0.9568102543742734,1.0,0.0013266791096448196
0.6831693192402705,0.9568090295502241,1.0,0.001326679145284019
0.6831693192402705,0.9568361646011174,1.0,0.0013266791809232205
0.683149070586806,0.9568349404424277,1.0,0.001326679216562424
0.6831288219333415,0.9568608542742073,1.0,0.001326679252201629
0.6831085732798768,0.9568596307116317,1.0,0.0013266792878408363
0.6831085732798768,0.9568867710460631,1.0,0.0013266793234800454
0.6830883246264123,0.9568855481491987,1.0,0.0013266793591192563
0.6830478273194832,0.956883102147335,1.0,0.0013266793947584693
0.6813064431215324,0.9580308077788218,1.0,0.0013266794303976842
0.6813064431215324,0.9580580865603645,1.0,0.001326679466036901
0.6812861944680678,0.9580568922805319,1.0,0.0013266795016761196
0.6812659458146033,0.9580556979326841,1.0,0.00132667953731534
0.6812456971611388,0.9580545035168152,1.0,0.0013266795729545626
0.6812456971611388,0.9580817860804192,1.0,0.001326679608593787
0.6812254485076742,0.9580805923394561,1.0,0.0013266796442330134
0.6811647025472806,0.9580770107085896,1.0,0.0013266796798722415
0.6811444538938161,0.9581031045286243,1.0,0.0013266797155114718
0.6811242052403516,0.9581019111908627,1.0,0.0013266797511507038
0.6811039565868869,0.9581007177851202,1.0,0.0013266797867899378
0.6810837079334224,0.9580995243113909,1.0,0.0013266798224291737
0.6810634592799579,0.958098330769669,1.0,0.0013266798580684116
0.6810432106264933,0.9581244302643573,1.0,0.0013266798937076512
0.6810229619730288,0.9581505327331776,1.0,0.001326679929346893
0.6810027133195643,0.9581493404746304,1.0,0.0013266799649861365
0.6809824646660997,0.9581481481481482,1.0,0.001326680000625382
0.6809622160126352,0.9581469557537252,1.0,0.0013266800362646293
0.6809622160126352,0.9581742549433017,1.0,0.0013266800719038787
0.6809217187057061,0.9581718714383406,1.0,0.0013266801075431298
0.6809217187057061,0.9581991736714631,1.0,0.0013266801431823828
0.6808204754383833,0.9583570858511002,1.0,0.001326680178821638
0.6806382375572024,0.9583737241261333,1.0,0.001326680214460895
0.6806179889037379,0.9583725372793888,1.0,0.0013266802501001537
0.6805977402502733,0.9584260051325919,1.0,0.0013266802857394146
0.680435751022557,0.9585258714130869,1.0,0.0013266803213786774
0.6804155023690924,0.9585520310360566,1.0,0.001326680357017942
0.6804155023690924,0.9586340684106924,1.0,0.0013266803926572084
0.6803952537156279,0.9586328882802693,1.0,0.0013266804282964768
0.6803750050621634,0.9586317080825083,1.0,0.0013266804639357472
0.6803750050621634,0.9586590584878745,1.0,0.0013266804995750196
0.6803750050621634,0.9586864104539359,1.0,0.0013266805352142937
0.6803547564086988,0.958712585956002,1.0,0.00132668057085357
0.6803345077552343,0.9587114078639503,1.0,0.001326680606492848
0.6803142591017697,0.9587102297046655,1.0,0.0013266806421321279
0.6802940104483052,0.9587364095539765,1.0,0.0013266806777714095
0.6802737617948407,0.9587899543378996,1.0,0.0013266807134106934
0.680253513141376,0.9587887782185565,1.0,0.0013266807490499792
0.680213015834447,0.9587864257784627,1.0,0.0013266807846892667
0.6801927671809824,0.9587852494577006,1.0,0.0013266808203285562
0.6801725185275179,0.9587840730697873,1.0,0.0013266808559678476
0.6801522698740534,0.9587828966147172,1.0,0.001326680891607141
0.6801320212205888,0.9588090888330669,1.0,0.001326680927246436
0.6801117725671243,0.9588079129913505,1.0,0.0013266809628857334
0.679767545458227,0.9590892209239208,1.0,0.0013266809985250324
0.6793828210424007,0.959313795568263,1.0,0.0013266810341643334
0.6793828210424007,0.9593412249099331,1.0,0.0013266810698036363
0.6793625723889362,0.9593400623338003,1.0,0.0013266811054429412
0.6793423237354715,0.9593388996911815,1.0,0.001326681141082248
0.679322075082007,0.9593377369820708,1.0,0.0013266811767215566
0.6793018264285425,0.9593365742064627,1.0,0.001326681212360867
0.6792815777750779,0.9593354113643513,1.0,0.0013266812480001798
0.6792410804681489,0.959333085480596,1.0,0.001326681283639494
0.6792005831612198,0.9593307593307593,1.0,0.0013266813192788103
0.6790790912404325,0.9593786652172669,1.0,0.0013266813549181287
0.6790588425869679,0.9593775031468131,1.0,0.0013266813905574487
0.6790385939335034,0.9593763410098698,1.0,0.001326681426196771
0.6790183452800389,0.9593751788064313,1.0,0.0013266814618360949
0.6789980966265743,0.9593740165364919,1.0,0.0013266814974754208
0.6789778479731098,0.9593728542000458,1.0,0.0013266815331147484
0.6789575993196453,0.9593991416309013,1.0,0.0013266815687540782
0.6789575993196453,0.9594540460112166,1.0,0.0013266816043934098
0.6789171020127162,0.9594517255193727,1.0,0.0013266816400327435
0.6788968533592517,0.9594505651738446,1.0,0.001326681675672079
0.678876604705787,0.9594494047619048,1.0,0.0013266817113114161
0.6788563560523225,0.9594482442835475,1.0,0.0013266817469507555
0.6783298910622444,0.95985788372826,1.0,0.0013266817825900968
0.6783096424087798,0.9598567335243553,1.0,0.0013266818182294398
0.6783096424087798,0.9598842373706983,1.0,0.0013266818538687848
0.6782893937553153,0.9599105940338711,1.0,0.0013266818895081318
0.6782691451018508,0.9599094452086199,1.0,0.0013266819251474807
0.6782488964483862,0.959908296317524,1.0,0.0013266819607868315
0.678167901834528,0.9599587262460948,1.0,0.0013266819964261843
0.6781476531810635,0.9599575785370328,1.0,0.0013266820320655388
0.6781274045275989,0.9599564307621751,1.0,0.0013266820677048953
0.6781071558741344,0.9599552829215158,1.0,0.0013266821033442538
0.6780869072206698,0.9599541350150494,1.0,0.0013266821389836141
0.6776616854979144,0.9599575481169148,1.0,0.0013266821746229765
0.6774591989632689,0.960111343874652,1.0,0.0013266822102623406
0.6774389503098044,0.9601101991620272,1.0,0.0013266822459017068
0.6773984530028753,0.9601630216405488,1.0,0.0013266822815410748
0.6773782043494108,0.960161878246893,1.0,0.0013266823171804447
0.6773174583890171,0.9601584476720822,1.0,0.0013266823528198166
0.6773174583890171,0.9601860091282257,1.0,0.0013266823884591902
0.6773174583890171,0.9602135721667241,1.0,0.001326682424098566
0.6772972097355526,0.9602124300272714,1.0,0.0013266824597379435
0.6772567124286235,0.9602101455516321,1.0,0.001326682495377323
0.677236463775159,0.9602090032154341,1.0,0.0013266825310167044
0.6771554691613008,0.9603147254766827,1.0,0.0013266825666560878
0.6771352205078363,0.9603135858484335,1.0,0.001326682602295473
0.6770947232009071,0.9603664665843361,1.0,0.0013266826379348601
0.6769934799335844,0.960360774401103,1.0,0.0013266826735742494
0.6769934799335844,0.9604159485234977,1.0,0.0013266827092136403
0.6769934799335844,0.9604435379621384,1.0,0.0013266827448530332
0.6769529826266554,0.960441265190037,1.0,0.001326682780492428
0.6769327339731908,0.9604401287060446,1.0,0.0013266828161318247
0.6768922366662617,0.9604654503663267,1.0,0.0013266828517712235
0.6768719880127971,0.9604643144466153,1.0,0.001326682887410624
0.6768719880127971,0.9605195103729671,1.0,0.0013266829230500264
0.6768517393593326,0.9605183759087382,1.0,0.0013266829586894308
0.676831490705868,0.9605172413793104,1.0,0.0013266829943288372
0.6768112420524035,0.9605161067846777,1.0,0.0013266830299682455
0.676790993398939,0.9605149721248347,1.0,0.0013266830656076555
0.6767707447454744,0.9605138373997758,1.0,0.0013266831012470675
0.6568663183898271,0.9646722968954443,1.0,0.0013266831368864815
0.6568663183898271,0.9647009843280697,1.0,0.0013266831725258974
0.6568460697363625,0.9646999345744365,1.0,0.0013266832081653152
0.6568055724294335,0.9646978348798477,1.0,0.001326683243804735
0.6567853237759689,0.9646967849388811,1.0,0.0013266832794441566
0.6567650751225044,0.9646957349354589,1.0,0.0013266833150835803
0.6567043291621107,0.9646925845504031,1.0,0.0013266833507230057
0.6566840805086461,0.9646915342971027,1.0,0.001326683386362433
0.6566638318551816,0.964690483981319,1.0,0.0013266834220018622
0.6566435832017171,0.9646894336030462,1.0,0.0013266834576412935
0.6566233345482525,0.9646883831622788,1.0,0.0013266834932807265
0.6566233345482525,0.9647170821681442,1.0,0.0013266835289201617
0.6565828372413235,0.9647436851030913,1.0,0.0013266835645595987
0.6565220912809299,0.9647979527465333,1.0,0.0013266836001990375
0.6565018426274652,0.9647969052224371,1.0,0.0013266836358384782
0.6564815939740007,0.9647958576359957,1.0,0.001326683671477921
0.6564613453205362,0.9647948099872036,1.0,0.0013266837071173655
0.6564613453205362,0.9648235224093804,1.0,0.0013266837427568122
0.6563196047462844,0.9649598094671034,1.0,0.0013266837783962606
0.6562791074393552,0.9649577229963082,1.0,0.001326683814035711
0.6562588587858907,0.9649566796677286,1.0,0.001326683849675163
0.6561981128254971,0.9650110178071586,1.0,0.0013266838853146173
0.656157615518568,0.9650089338892198,1.0,0.0013266839209540734
0.656157615518568,0.9650376723547456,1.0,0.0013266839565935313
0.6561171182116389,0.9650355898382822,1.0,0.0013266839922329912
0.6560968695581744,0.9650345484870145,1.0,0.0013266840278724531
0.655934880330458,0.9650262154432793,1.0,0.001326684063511917
0.6559146316769935,0.9650251735335299,1.0,0.0013266840991513827
0.6558741343700644,0.9650230895277819,1.0,0.0013266841347908502
0.6558538857165999,0.9650507999880821,1.0,0.0013266841704303197
0.6558538857165999,0.9651083102410536,1.0,0.001326684206069791
0.6558336370631354,0.9651072705601907,1.0,0.0013266842417092644
0.6555096586077026,0.9652920654799177,1.0,0.0013266842773487397
0.6553071720730571,0.9653968916863049,1.0,0.0013266843129882168
0.6552869234195926,0.9653958594355946,1.0,0.001326684348627696
0.6552666747661281,0.9653948271232958,1.0,0.001326684384267177
0.6552464261126635,0.9653937947494033,1.0,0.0013266844199066599
0.655226177459199,0.9653927623139115,1.0,0.0013266844555461447
0.6551856801522699,0.9653906972581078,1.0,0.0013266844911856313
0.6549629449641599,0.9654081480376063,1.0,0.00132668452682512
0.6549426963106953,0.9654359311106468,1.0,0.0013266845624646105
0.6549021990037662,0.9654338676457419,1.0,0.001326684598104103
0.6548819503503017,0.9654328358208956,1.0,0.0013266846337435974
0.6548212043899081,0.9654297399767143,1.0,0.0013266846693830937
0.6548009557364435,0.9654287079054216,1.0,0.001326684705022592
0.654780707082979,0.9654276757725033,1.0,0.001326684740662092
0.6547402097760499,0.9654256113217687,1.0,0.0013266847763015943
0.6546794638156562,0.9654225141833384,1.0,0.0013266848119410982
0.6538087717166808,0.9658689799581215,1.0,0.001326684847580604
0.6537682744097517,0.9658669378963743,1.0,0.001326684883220112
0.6537480257562872,0.9658659167738655,1.0,0.0013266849188596215
0.6537277771028227,0.9658648955902591,1.0,0.0013266849544991332
0.6537075284493581,0.9658638743455498,1.0,0.0013266849901386467
0.6536872797958936,0.965862853039732,1.0,0.0013266850257781621
0.6536670311424291,0.9658618316728002,1.0,0.0013266850614176795
0.6536467824889645,0.965860810244749,1.0,0.0013266850970571988
0.6535657878751063,0.9658856270760391,1.0,0.0013266851326967201
0.6535252905681772,0.9658835852162203,1.0,0.0013266851683362431
0.6535050419147127,0.9658825641946489,1.0,0.001326685203975768
0.6534645446077836,0.9658805219681551,1.0,0.001326685239615295
0.65340379864739,0.9659063697318008,1.0,0.001326685275254824
0.65340379864739,0.9659352830245158,1.0,0.0013266853108943547
0.6533835499939254,0.965934263305993,1.0,0.0013266853465338875
0.6526748471226663,0.9661301441716872,1.0,0.001326685382173422
0.6520673875187301,0.9663605809626695,1.0,0.0013266854178129587
0.6520471388652654,0.9663595714671548,1.0,0.001326685453452497
0.6520268902118009,0.9663875633984574,1.0,0.0013266854890920375
0.6520066415583363,0.9663865546218487,1.0,0.0013266855247315796
0.6519863929048718,0.9663855457846874,1.0,0.0013266855603711238
0.6519458955979427,0.9663835279286851,1.0,0.0013266855960106698
0.6519256469444782,0.9663825189098331,1.0,0.001326685631650218
0.6518244036771554,0.9663774729068476,1.0,0.001326685667289768
0.6517839063702264,0.9664044673952203,1.0,0.0013266857029293198
0.6517636577167618,0.9664034587323986,1.0,0.0013266857385688734
0.6517434090632973,0.9664024500090074,1.0,0.0013266857742084291
0.6517434090632973,0.9664314667467347,1.0,0.0013266858098479866
0.6512574413801482,0.9665815176558978,1.0,0.0013266858454875463
0.6511966954197546,0.9665785044481846,1.0,0.0013266858811271077
0.6511966954197546,0.9666366095581606,1.0,0.001326685916766671
0.65117644676629,0.9667227800156316,1.0,0.001326685952406236
0.6510752034989673,0.9667468430547204,1.0,0.0013266859880458034
0.6510549548455028,0.9667458432304038,1.0,0.0013266860236853723
0.6510347061920382,0.9667739122590733,1.0,0.0013266860593249433
0.6509334629247155,0.9667689161554193,1.0,0.0013266860949645162
0.6508929656177864,0.966766917293233,1.0,0.001326686130604091
0.6508727169643219,0.9667659177719631,1.0,0.0013266861662436678
0.6508524683108573,0.9667649181905679,1.0,0.0013266862018832465
0.6508322196573928,0.966763918549042,1.0,0.001326686237522827
0.6508119710039283,0.9667629188473801,1.0,0.0013266862731624095
0.6507917223504637,0.9667619190855767,1.0,0.0013266863088019938
0.65073097639007,0.9667589194392636,1.0,0.0013266863444415802
0.6507107277366055,0.9667579194368401,1.0,0.0013266863800811685
0.6506904790831409,0.9667569193742479,1.0,0.0013266864157207585
0.6506499817762119,0.9667549190685361,1.0,0.0013266864513603507
0.6505892358158183,0.9667519181585678,1.0,0.0013266864869999446
0.6505892358158183,0.9667810074020581,1.0,0.0013266865226395405
0.6505689871623537,0.9668090996629755,1.0,0.0013266865582791383
0.6505284898554247,0.9668071020162504,1.0,0.0013266865939187379
0.65050824120196,0.9668061031027115,1.0,0.0013266866295583396
0.65050824120196,0.9668351992295654,1.0,0.001326686665197943
0.6504879925484955,0.9668342011015139,1.0,0.0013266867008375485
0.6504474952415664,0.9668322046651617,1.0,0.0013266867364771558
0.6504272465881019,0.9668312063568505,1.0,0.0013266867721167652
0.6504069979346373,0.9668302079884418,1.0,0.0013266868077563764
0.6503867492811728,0.9668292095599301,1.0,0.0013266868433959894
0.6503462519742437,0.9668272125225768,1.0,0.0013266868790356046
0.6503057546673147,0.9668252152447468,1.0,0.0013266869146752215
0.6480581541327501,0.9678833882722957,1.0,0.0013266869503148404
0.6480379054792856,0.9678824169842134,1.0,0.0013266869859544612
0.6480176568258211,0.9679107186063393,1.0,0.0013266870215940837
0.6479974081723565,0.9679097480567401,1.0,0.0013266870572337084
0.647977159518892,0.9679087774484302,1.0,0.001326687092873335
0.647977159518892,0.967938053900366,1.0,0.0013266871285129633
0.6479569108654275,0.9679370840895342,1.0,0.0013266871641525936
0.6479164135584984,0.9679351442918507,1.0,0.001326687199792226
0.6478961649050338,0.9679341743049884,1.0,0.0013266872354318602
0.6478759162515693,0.9679624867644835,1.0,0.0013266872710714962
0.6478556675981048,0.9679615175167907,1.0,0.0013266873067111341
0.6478354189446401,0.9679898342006535,1.0,0.001326687342350774
0.6478354189446401,0.9680191219630269,1.0,0.0013266873779904159
0.6478354189446401,0.9680484114977307,1.0,0.0013266874136300597
0.6477139270238529,0.9680426098535286,1.0,0.0013266874492697054
0.6476936783703884,0.9680709400157376,1.0,0.001326687484909353
0.6476126837565301,0.968067074278104,1.0,0.0013266875205490026
0.6475519377961365,0.9680641743605267,1.0,0.001326687556188654
0.6474506945288139,0.9681179605183481,1.0,0.0013266875918283073
0.6474304458753493,0.9681169951857571,1.0,0.0013266876274679624
0.6471469647268456,0.9682501211827436,1.0,0.0013266876631076196
0.6471267160733811,0.9682491592692459,1.0,0.0013266876987472786
0.6471267160733811,0.9682784948191238,1.0,0.0013266877343869397
0.647086218766452,0.9683059115837954,1.0,0.0013266877700266026
0.6470659701129875,0.9683049512150779,1.0,0.0013266878056662674
0.647045721459523,0.9683333333333334,1.0,0.001326687841305934
0.6470254728060584,0.968361718892054,1.0,0.0013266878769456027
0.6470254728060584,0.9683910658544717,1.0,0.0013266879125852732
0.6469849754991293,0.9683891498711926,1.0,0.0013266879482249458
0.6469647268456648,0.9684175431152062,1.0,0.0013266879838646202
0.6469444781922002,0.9684752955441043,1.0,0.0013266880195042965
0.6469242295387356,0.9685036983145386,1.0,0.0013266880551439746
0.6469039808852711,0.9685027435050171,1.0,0.0013266880907836548
0.6459725428259021,0.9687822654114789,1.0,0.0013266881264233368
0.6454055805288949,0.9691091517178474,1.0,0.0013266881620630207
0.6453650832219657,0.9691072731695451,1.0,0.0013266881977027065
0.6453448345685012,0.969106333809712,1.0,0.0013266882333423944
0.6453245859150366,0.9691053943927507,1.0,0.0013266882689820841
0.6453043372615721,0.9691044549186559,1.0,0.0013266883046217759
0.6452840886081076,0.9691329866496365,1.0,0.0013266883402614693
0.6451625966873203,0.9691568317313541,1.0,0.0013266883759011647
0.6451423480338557,0.9691558935361216,1.0,0.001326688411540862
0.6451018507269266,0.9691540169744167,1.0,0.0013266884471805614
0.6450613534199976,0.969152140184357,1.0,0.0013266884828202626
0.645041104766533,0.9691512017036812,1.0,0.0013266885184599656
0.645000607459604,0.9692083003712043,1.0,0.0013266885540996708
0.6449601101526748,0.9692064264849075,1.0,0.0013266885897393777
0.6449398614992103,0.9692644776482761,1.0,0.0013266886253790865
0.6449196128457457,0.9692635423006695,1.0,0.0013266886610187973
0.6448791155388167,0.9692616714346582,1.0,0.0013266886966585099
0.6448386182318876,0.969318804407378,1.0,0.0013266887322982246
0.6442514072814158,0.96949844597477,1.0,0.001326688767937941
0.6441906613210222,0.9694956574737162,1.0,0.0013266888035776594
0.6441501640140931,0.9694937981897419,1.0,0.0013266888392173797
0.6441299153606285,0.9694928684627575,1.0,0.001326688874857102
0.6441299153606285,0.9695224162628386,1.0,0.0013266889104968263
0.644109666707164,0.9695214873514173,1.0,0.0013266889461365523
0.6440894180536995,0.9695796628768251,1.0,0.0013266889817762804
0.6440894180536995,0.9696092178260074,1.0,0.0013266890174160103
0.6439274288259831,0.9697496416918244,1.0,0.0013266890530557421
0.6439071801725186,0.9697487191998049,1.0,0.001326689088695476
0.643886931519054,0.9697477966515202,1.0,0.0013266891243352114
0.6435629530636213,0.9698217990967899,1.0,0.0013266891599749491
0.6433402178755113,0.9700485451714347,1.0,0.0013266891956146885
0.6433199692220467,0.9700476306790425,1.0,0.00132668923125443
0.6432997205685822,0.9700467161308052,1.0,0.0013266892668941732
0.6432592232616531,0.9700448868667746,1.0,0.0013266893025339185
0.6432389746081886,0.970043972150971,1.0,0.0013266893381736658
0.643218725954724,0.9701319325677987,1.0,0.0013266893738134147
0.6431984773012595,0.9701310203707663,1.0,0.0013266894094531656
0.6431984773012595,0.9701902812986775,1.0,0.0013266894450929187
0.643178228647795,0.9701893708002444,1.0,0.0013266894807326735
0.6431579799943303,0.9701884602461895,1.0,0.00132668951637243
0.6430162394200786,0.9702710134742889,1.0,0.0013266895520121888
0.6429959907666141,0.9702701051087753,1.0,0.0013266895876519493
0.6429757421131495,0.9702691966877501,1.0,0.001326689623291712
0.6429757421131495,0.9702988449550816,1.0,0.0013266896589314763
0.6427935042319686,0.9703203325589925,1.0,0.0013266896945712426
0.6427530069250394,0.9703185180656599,1.0,0.0013266897302110106
0.6427125096181104,0.9703167033504524,1.0,0.0013266897658507808
0.6426720123111813,0.9703148884133292,1.0,0.0013266898014905528
0.6426315150042522,0.9703724087323427,1.0,0.001326689837130327
0.6426112663507877,0.9703715028283137,1.0,0.0013266898727701028
0.6426112663507877,0.9704011741682974,1.0,0.0013266899084098806
0.6425707690438586,0.970399363953275,1.0,0.0013266899440496603
0.6425505203903941,0.970398458762729,1.0,0.0013266899796894418
0.6425302717369294,0.9704272301905257,1.0,0.0013266900153292255
0.6425100230834649,0.9704263257691602,1.0,0.0013266900509690109
0.6424897744300004,0.970484783606056,1.0,0.0013266900866087982
0.6167942331834932,0.9742531823706262,1.0,0.0013266901222485875
0.6167537358765642,0.9742515353121801,1.0,0.0013266901578883785
0.6167334872230996,0.9742507117039312,1.0,0.0013266901935281717
0.6167132385696351,0.9742498880429915,1.0,0.0013266902291679667
0.6166929899161706,0.9742490643293561,1.0,0.0013266902648077638
0.6166524926092415,0.9742785846823213,1.0,0.0013266903004475626
0.6166119953023124,0.9743081107022876,1.0,0.0013266903360873634
0.6165714979953834,0.9743064665792084,1.0,0.001326690371727166
0.6165512493419187,0.9743056444387559,1.0,0.0013266904073669706
0.6165310006884542,0.9743048222456882,1.0,0.001326690443006777
0.6165107520349897,0.974304,1.0,0.0013266904786465854
0.6163690114607379,0.9742982428063887,1.0,0.0013266905142863957
0.6163487628072734,0.9742974201395558,1.0,0.001326690549926208
0.6163285141538087,0.974296597420057,1.0,0.0013266905855660223
0.6163082655003442,0.9743269630910081,1.0,0.0013266906212058384
0.6162070222330215,0.9744164451986808,1.0,0.0013266906568456564
0.6160855303122342,0.9744427363566487,1.0,0.0013266906924854762
0.6160652816587697,0.9744419178169939,1.0,0.001326690728125298
0.6160247843518406,0.9744402805803786,1.0,0.0013266907637651218
0.6160247843518406,0.9744714926329276,1.0,0.0013266907994049476
0.6160045356983761,0.9745018899352937,1.0,0.001326690835044775
0.615964038391447,0.9745002562788314,1.0,0.0013266908706846047
0.6158830437775888,0.9744969883378188,1.0,0.001326690906324436
0.6158830437775888,0.974528211207587,1.0,0.0013266909419642693
0.6158627951241242,0.9745273950656841,1.0,0.0013266909776041046
0.6158425464706597,0.9745265788714794,1.0,0.0013266910132439416
0.6158222978171951,0.9745257626249679,1.0,0.0013266910488837808
0.6158020491637306,0.9745249463261447,1.0,0.0013266910845236217
0.615741303203337,0.9745224971157543,1.0,0.0013266911201634645
0.6157008058964079,0.9745520976891766,1.0,0.0013266911558033093
0.6156805572429433,0.974551282051282,1.0,0.001326691191443156
0.6156198112825497,0.9745800743685088,1.0,0.0013266912270830048
0.6155793139756206,0.9745784445726743,1.0,0.0013266912627228553
0.6155590653221561,0.9745776295963838,1.0,0.0013266912983627079
0.615073097639007,0.9746205922931306,1.0,0.0013266913340025622
0.6147491191835743,0.9747327190419623,1.0,0.0013266913696424185
0.6147288705301097,0.9747319077891222,1.0,0.0013266914052822766
0.6147086218766452,0.9747310964841869,1.0,0.0013266914409221368
0.6146883732231807,0.9747302851271513,1.0,0.001326691476561999
0.6146681245697161,0.9747294737180104,1.0,0.0013266915122018628
0.6144656380350707,0.9747839773858854,1.0,0.0013266915478417286
0.6144453893816061,0.9747831673626727,1.0,0.0013266915834815964
0.6144251407281416,0.9747823572874169,1.0,0.0013266916191214662
0.6144251407281416,0.9748136725777435,1.0,0.0013266916547613377
0.6144048920746771,0.9748128634304623,1.0,0.0013266916904012113
0.6143846434212125,0.9748120542311893,1.0,0.0013266917260410867
0.6143846434212125,0.9748433734939759,1.0,0.001326691761680964
0.614364394767748,0.9748425652229791,1.0,0.0013266917973208433
0.6143441461142835,0.9748417569000418,1.0,0.0013266918329607246
0.613250718827198,0.9751118838339934,1.0,0.0013266918686006077
0.6131089782529462,0.9751376767253873,1.0,0.0013266919042404927
0.6130887295994817,0.9751368760064413,1.0,0.0013266919398803795
0.6130684809460171,0.9751360752359174,1.0,0.0013266919755202684
0.6130482322925526,0.9751352744138109,1.0,0.0013266920111601591
0.613027983639088,0.9751344735401166,1.0,0.0013266920468000519
0.6130077349856234,0.9751336726148296,1.0,0.0013266920824399466
0.6129064917183007,0.9751924997583685,1.0,0.001326692118079843
0.6128862430648362,0.9752231207913136,1.0,0.0013266921537197413
0.6128457457579071,0.9752215240857097,1.0,0.0013266921893596417
0.6128254971044426,0.9752207256557324,1.0,0.001326692224999544
0.6128052484509781,0.9752199271742983,1.0,0.0013266922606394482
0.6127242538371198,0.9752167327338941,1.0,0.0013266922962793543
0.6127040051836553,0.9752159339951012,1.0,0.0013266923319192622
0.6126837565301907,0.9752151352048216,1.0,0.001326692367559172
0.6126635078767262,0.9752143363630503,1.0,0.001326692403199084
0.6126432592232617,0.9752135374697825,1.0,0.0013266924388389977
0.6119953023123962,0.9755656692811723,1.0,0.0013266924744789134
0.6113878427084599,0.9758257384784436,1.0,0.0013266925101188308
0.6113878427084599,0.975857276752529,1.0,0.0013266925457587505
0.6113675940549953,0.9758564964447317,1.0,0.0013266925813986718
0.6113473454015308,0.9758557160864928,1.0,0.001326692617038595
0.6113270967480663,0.9758549356778072,1.0,0.0013266926526785204
0.6113068480946017,0.9758541552186702,1.0,0.0013266926883184476
0.6112258534807435,0.9758510328775094,1.0,0.0013266927239583765
0.6112258534807435,0.975882581145739,1.0,0.0013266927595983076
0.611205604827279,0.9758818014289871,1.0,0.0013266927952382405
0.6111853561738144,0.975881021661817,1.0,0.0013266928308781753
0.6111651075203499,0.9758802418442238,1.0,0.001326692866518112
0.6111246102134208,0.9758786820577489,1.0,0.0013266929021580505
0.6105576479164135,0.9759199922322556,1.0,0.0013266929377979911
0.610537399262949,0.9759192128430865,1.0,0.0013266929734379335
0.6104564046490908,0.9759476870285844,1.0,0.0013266930090778779
0.6103754100352327,0.9759445721500956,1.0,0.0013266930447178242
0.6103551613817682,0.9759437933044097,1.0,0.0013266930803577724
0.6103349127283035,0.9759430144082888,1.0,0.0013266931159977226
0.6102944154213745,0.9759414564647217,1.0,0.0013266931516376747
0.6102741667679099,0.9759406774172658,1.0,0.0013266931872776286
0.6102539181144454,0.9759398983193549,1.0,0.0013266932229175844
0.6101729235005872,0.9759367814230657,1.0,0.0013266932585575422
0.6101526748471227,0.9759360020728074,1.0,0.001326693294197502
0.6101121775401935,0.9759344432208331,1.0,0.0013266933298374636
0.610091928886729,0.9759336637191073,1.0,0.001326693365477427
0.6100716802332645,0.9759328841668826,1.0,0.0013266934011173924
0.6100311829263354,0.9759313249109167,1.0,0.0013266934367573598
0.6100109342728709,0.9759621614617079,1.0,0.001326693472397329
0.6099906856194063,0.9759930020086827,1.0,0.0013266935080373003
0.6099704369659418,0.9759922242021707,1.0,0.0013266935436772734
0.6099501883124773,0.9759914463452566,1.0,0.0013266935793172484
0.6099299396590127,0.9759906684379354,1.0,0.0013266936149572254
0.6099096910055481,0.9759898904802022,1.0,0.0013266936505972042
0.6098894423520835,0.9759891124720521,1.0,0.001326693686237185
0.609869193698619,0.9760199617615607,1.0,0.0013266937218771677
0.6065484145304337,0.9769740060663383,1.0,0.0013266937575171522
0.6065281658769692,0.9769732550554469,1.0,0.0013266937931571388
0.6065079172235046,0.9769725039955641,1.0,0.0013266938287971272
0.6064876685700401,0.9769717528866854,1.0,0.0013266938644371175
0.6064066739561819,0.977000619841451,1.0,0.0013266939000771097
0.6063864253027174,0.9769998695028057,1.0,0.001326693935717104
0.6063459279957882,0.9769983686786297,1.0,0.0013266939713570999
0.6063054306888592,0.9769968676585747,1.0,0.001326694006997098
0.6063054306888592,0.9770287466962508,1.0,0.0013266940426370979
0.6062851820353946,0.9770279971284996,1.0,0.0013266940782770997
0.6062649333819301,0.9770591306617935,1.0,0.0013266941139171034
0.6062446847284656,0.9770583820122051,1.0,0.0013266941495571091
0.6062446847284656,0.977090268259252,1.0,0.0013266941851971168
0.606224436075001,0.9771214099216711,1.0,0.0013266942208371262
0.606183938768072,0.977119916443632,1.0,0.0013266942564771375
0.606183938768072,0.9771518099030584,1.0,0.0013266942921171508
0.6061029441542137,0.9771488264290145,1.0,0.001326694327757166
0.6058599603126392,0.9771398713301329,1.0,0.0013266943633971832
0.6058599603126392,0.9771717831482691,1.0,0.0013266943990372024
0.6058397116591747,0.9771710375910383,1.0,0.0013266944346772233
0.6056169764710647,0.9772586178728966,1.0,0.001326694470317246
0.6056169764710647,0.9772905502548687,1.0,0.0013266945059572709
0.6055967278176001,0.9772898081887397,1.0,0.0013266945415972976
0.6055562305106711,0.9772883239109833,1.0,0.0013266945772373263
0.6055359818572065,0.9772875816993464,1.0,0.001326694612877357
0.605515733203742,0.9772868394391974,1.0,0.0013266946485173893
0.6054954845502774,0.9772860971305314,1.0,0.0013266946841574236
0.6054752358968128,0.9772853547733438,1.0,0.00132669471979746
0.6054549872433483,0.9772846123676298,1.0,0.0013266947554374982
0.6054347385898837,0.9773158135582141,1.0,0.0013266947910775383
0.6053334953225611,0.977312105658897,1.0,0.0013266948267175803
0.604402057263192,0.9774699544814487,1.0,0.0013266948623576243
0.6035111165107521,0.9776298094269689,1.0,0.0013266948979976702
0.6034908678572874,0.977629075641278,1.0,0.001326694933637718
0.6034706192038229,0.9776283418074463,1.0,0.0013266949692777676
0.6033693759365002,0.9776888247260319,1.0,0.0013266950049178193
0.6033491272830357,0.9776880926600388,1.0,0.0013266950405578727
0.6033491272830357,0.9777201732510828,1.0,0.0013266950761979283
0.6033288786295712,0.9777194421657096,1.0,0.0013266951118379856
0.6033086299761066,0.9777187110323554,1.0,0.0013266951474780449
0.6032883813226421,0.9777179798510156,1.0,0.001326695183118106
0.6032681326691774,0.9777172486216855,1.0,0.001326695218758169
0.6031871380553193,0.977746414153018,1.0,0.0013266952543982342
0.6031871380553193,0.9777785071883411,1.0,0.001326695290038301
0.6024986838375248,0.9780107809623981,1.0,0.0013266953256783698
0.6024784351840603,0.9780100581796667,1.0,0.0013266953613184406
0.6024784351840603,0.9780422062980738,1.0,0.0013266953969585133
0.6024581865305957,0.9780414845008383,1.0,0.001326695432598588
0.6024379378771312,0.9780407626561473,1.0,0.0013266954682386643
0.6023974405702021,0.9780393188243803,1.0,0.001326695503878743
0.6023771919167376,0.9780385968372949,1.0,0.0013266955395188232
0.6023366946098084,0.978037152720697,1.0,0.0013266955751589054
0.6022152026890212,0.978161486597599,1.0,0.0013266956107989896
0.6021949540355567,0.9781607683199579,1.0,0.0013266956464390756
0.6021747053820921,0.9781600499950662,1.0,0.0013266956820791637
0.6021544567286276,0.9781593316229196,1.0,0.0013266957177192535
0.602134208075163,0.978158613203513,1.0,0.0013266957533593453
0.6017089863524075,0.9782723202528312,1.0,0.001326695788999439
0.6014255052039039,0.9783267457180501,1.0,0.0013266958246395347
0.6014052565504394,0.9783260318192298,1.0,0.0013266958602796324
0.6013445105900458,0.9783238898405587,1.0,0.0013266958959197318
0.6013040132831167,0.9783224616195559,1.0,0.0013266959315598333
0.6012837646296522,0.978321747438474,1.0,0.0013266959671999366
0.6012230186692585,0.9783196046128501,1.0,0.0013266960028400418
0.6012027700157939,0.9783188902435006,1.0,0.0013266960384801488
0.6011825213623294,0.978350413549939,1.0,0.001326696074120258
0.6011420240554003,0.9783489866534849,1.0,0.0013266961097603688
0.6009395375207549,0.9783741016680952,1.0,0.0013266961454004818
0.6008990402138258,0.9783726757220098,1.0,0.0013266961810405966
0.6007572996395739,0.9783676834295136,1.0,0.0013266962166807133
0.6007370509861094,0.9783669700567208,1.0,0.001326696252320832
0.6007370509861094,0.9783992349041981,1.0,0.0013266962879609524
0.6007168023326449,0.9783985225248994,1.0,0.001326696323601075
0.6006560563722513,0.9783963851050497,1.0,0.0013266963592411993
0.6006155590653222,0.9783949599234752,1.0,0.0013266963948813256
0.6005953104118577,0.9783942472621718,1.0,0.0013266964305214538
0.6005143157979994,0.9783913961467405,1.0,0.001326696466161584
0.6004940671445349,0.9783906832503052,1.0,0.0013266965018017159
0.6004130725306767,0.9783878311941135,1.0,0.00132669653744185
0.6003928238772122,0.9783871180624298,1.0,0.0013266965730819858
0.6003725752237477,0.9783864048836826,1.0,0.0013266966087221235
0.600352326570283,0.9783856916578669,1.0,0.0013266966443622632
0.6003320779168185,0.9784172661870504,1.0,0.001326696680002405
0.600311829263354,0.9784165539091119,1.0,0.0013266967156425483
0.6002308346494958,0.9784137043271611,1.0,0.0013266967512826939
0.5644109666707164,0.98206673008491,1.0,0.0013266967869228412
0.5643704693637873,0.9820654663331102,1.0,0.0013266968225629904
0.5643502207103228,0.9820648343904158,1.0,0.0013266968582031416
0.5643299720568582,0.9820642024031855,1.0,0.0013266968938432948
0.5643097234033937,0.9820635703714145,1.0,0.0013266969294834497
0.5642894747499291,0.9820975472230054,1.0,0.0013266969651236067
0.5642692260964646,0.9820969162995594,1.0,0.0013266970007637655
0.5642489774430001,0.9820962853316416,1.0,0.0013266970364039263
0.5642287287895354,0.9820956543192472,1.0,0.001326697072044089
0.564208480136071,0.9821296394205351,1.0,0.0013266971076842536
0.5641882314826064,0.9821290095170955,1.0,0.00132669714332442
0.5641072368687482,0.9821611140490041,1.0,0.0013266971789645883
0.5641072368687482,0.9821957410802425,1.0,0.0013266972146047588
0.5640869882152837,0.9821951133519021,1.0,0.001326697250244931
0.5639857449479609,0.9822266107134041,1.0,0.0013266972858851052
0.5639249989875673,0.9822247301967977,1.0,0.0013266973215252812
0.5639047503341028,0.9822241032694953,1.0,0.0013266973571654593
0.5638642530271737,0.982257495590829,1.0,0.001326697392805639
0.5637225124529219,0.9822531136435805,1.0,0.0013266974284458209
0.5637022637994573,0.9822524874744196,1.0,0.0013266974640860046
0.5636617664925282,0.9822512350035286,1.0,0.0013266974997261903
0.5636415178390637,0.982250608701789,1.0,0.001326697535366378
0.5636212691855992,0.9822499823558473,1.0,0.0013266975710065673
0.5636010205321346,0.9822493559656985,1.0,0.0013266976066467588
0.5634795286113473,0.9822455966961985,1.0,0.001326697642286952
0.5634592799578828,0.9822449699964702,1.0,0.0013266976779271473
0.5634390313044183,0.9822443432524974,1.0,0.0013266977135673445
0.5634390313044183,0.9822790172267721,1.0,0.0013266977492075434
0.5634187826509537,0.9822783916404844,1.0,0.0013266977848477445
0.5633377880370956,0.9822758888535819,1.0,0.0013266978204879473
0.5632972907301664,0.9822746371950143,1.0,0.001326697856128152
0.5632567934232373,0.9822733853596526,1.0,0.0013266978917683588
0.5632365447697728,0.9822727593756622,1.0,0.0013266979274085674
0.5632162961163083,0.9822721333474591,1.0,0.001326697963048778
0.5627505770866238,0.9822924398261054,1.0,0.0013266979986889904
0.562203863443081,0.9823102777286397,1.0,0.001326698034329205
0.5621836147896165,0.9823096518539485,1.0,0.0013266980699694212
0.5620823715222938,0.9823065218160586,1.0,0.0013266981056096394
0.5615761551856802,0.9823952392759733,1.0,0.0013266981412498595
0.5615559065322157,0.9823946156571024,1.0,0.0013266981768900814
0.561495160571822,0.982392744535374,1.0,0.0013266982125303055
0.5614749119183574,0.9823921207397435,1.0,0.0013266982481705313
0.5614546632648929,0.9823914968999115,1.0,0.001326698283810759
0.5614141659579638,0.9823902490876236,1.0,0.0013266983194509887
0.5613939173044993,0.9823896251151584,1.0,0.0013266983550912204
0.5613331713441057,0.9823877529324214,1.0,0.001326698390731454
0.561312922690641,0.9823871287830462,1.0,0.0013266984263716893
0.5612926740371765,0.9823865045894319,1.0,0.0013266984620119266
0.5602397440570203,0.982493519406271,1.0,0.0013266984976521659
0.5602194954035556,0.9824928977272728,1.0,0.001326698533292407
0.5601385007896975,0.9825253063399041,1.0,0.0013266985689326502
0.5601182521362329,0.9825246856574554,1.0,0.0013266986045728953
0.5600980034827684,0.9825240649309133,1.0,0.0013266986402131421
0.5600575061758393,0.9825228233455294,1.0,0.0013266986758533911
0.5600372575223748,0.9825222024866785,1.0,0.0013266987114936419
0.5600170088689103,0.9825215815837153,1.0,0.0013266987471338945
0.5599157656015875,0.9825883021817924,1.0,0.001326698782774149
0.5598955169481229,0.9825876834511922,1.0,0.0013266988184144055
0.5598752682946584,0.9825870646766169,1.0,0.0013266988540546639
0.5597335277204066,0.9825827320228913,1.0,0.0013266988896949244
0.5597335277204066,0.9826176596047206,1.0,0.0013266989253351866
0.559713279066942,0.9826519729825809,1.0,0.0013266989609754508
0.5596930304134775,0.9826513562515553,1.0,0.0013266989966157167
0.5596322844530839,0.9826495057953495,1.0,0.0013266990322559848
0.5587210950471794,0.9827966946858527,1.0,0.0013266990678962546
0.5579921435224557,0.9829849468502533,1.0,0.0013266991035365266
0.5579718948689912,0.9829843398851353,1.0,0.0013266991391768003
0.5579111489085976,0.9829825187299323,1.0,0.001326699174817076
0.557890900255133,0.9829819115915659,1.0,0.0013266992104573533
0.557850402948204,0.9829806971848575,1.0,0.001326699246097633
0.5577896569878104,0.9829788752497859,1.0,0.0013266992817379142
0.5577086623739521,0.9829764453961456,1.0,0.0013266993173781975
0.5576884137204876,0.9829758378243335,1.0,0.0013266993530184827
0.5572429433442676,0.9831029185867896,1.0,0.0013266993886587699
0.5571619487304095,0.9831356295555238,1.0,0.001326699424299059
0.5570809541165512,0.9831332189822756,1.0,0.00132669945993935
0.5570607054630867,0.9831326162312832,1.0,0.0013266994955796428
0.5570202081561576,0.98313141060005,1.0,0.0013266995312199376
0.5569797108492285,0.9831653441990135,1.0,0.0013266995668602343
0.556959462195764,0.9831647424670265,1.0,0.001326699602500533
0.5569392135422995,0.9831641406920217,1.0,0.0013266996381408336
0.5569189648888349,0.9831635388739947,1.0,0.001326699673781136
0.5568987162353704,0.9831629370129406,1.0,0.0013266997094214404
0.5568784675819058,0.983162335108855,1.0,0.0013266997450617467
0.5568582189284412,0.9831617331617332,1.0,0.0013266997807020548
0.5568379702749767,0.9831611311715706,1.0,0.001326699816342365
0.5567974729680476,0.9831599270621044,1.0,0.0013266998519826769
0.5567569756611185,0.9831587227804198,1.0,0.001326699887622991
0.5567164783541895,0.9831575183264796,1.0,0.0013266999232633067
0.5566962297007249,0.9831920752422845,1.0,0.0013266999589036247
0.5566759810472603,0.9831914741434804,1.0,0.0013266999945439444
0.5566557323937958,0.983190873001681,1.0,0.0013267000301842658
0.5566354837403312,0.9831902718168812,1.0,0.0013267000658245894
0.5529299801563196,0.9837524317313927,1.0,0.001326700101464915
0.552909731502855,0.983751846381093,1.0,0.0013267001371052422
0.5528894828493905,0.9837512609886151,1.0,0.0013267001727455714
0.5528692341959259,0.9837506755539542,1.0,0.0013267002083859026
0.5528287368889969,0.9837495045580658,1.0,0.0013267002440262357
0.5528084882355323,0.983748918996829,1.0,0.0013267002796665708
0.5527477422751387,0.9837826149632406,1.0,0.0013267003153069076
0.5526667476612805,0.983780276816609,1.0,0.0013267003509472464
0.5526464990078159,0.9837796921746026,1.0,0.0013267003865875871
0.5525452557404933,0.9837767683322518,1.0,0.0013267004222279298
0.5524440124731705,0.9837738434356182,1.0,0.0013267004578682744
0.5524035151662414,0.9837726731816379,1.0,0.001326700493508621
0.5523630178593124,0.9837715027588445,1.0,0.0013267005291489693
0.5519985420969505,0.983760961351088,1.0,0.0013267005647893198
0.551978293443486,0.9837603753157704,1.0,0.001326700600429672
0.5519377961365569,0.983759203118233,1.0,0.0013267006360700262
0.5519175474830924,0.9837586169560039,1.0,0.0013267006717103823
0.5518972988296278,0.9837580307514617,1.0,0.0013267007073507401
0.5518972988296278,0.9837935390723697,1.0,0.0013267007429911002
0.5518770501761633,0.9837929540860526,1.0,0.001326700778631462
0.5518568015226988,0.9837923690575028,1.0,0.0013267008142718256
0.5518365528692342,0.9837917839867157,1.0,0.0013267008499121913
0.5517960555623052,0.983826130907253,1.0,0.001326700885552559
0.5517758069088405,0.9838255469709004,1.0,0.0013267009211929282
0.5510468553841169,0.9841246880989405,1.0,0.0013267009568332998
0.5501154173247479,0.9843834921555129,1.0,0.001326700992473673
0.5500951686712834,0.9843829262990071,1.0,0.0013267010281140482
0.5500749200178188,0.984382360401493,1.0,0.0013267010637544254
0.5500546713643543,0.9843817944629657,1.0,0.0013267010993948045
0.5500344227108898,0.9843812284834209,1.0,0.0013267011350351855
0.5500141740574251,0.9843806624628543,1.0,0.0013267011706755683
0.5498926821366379,0.9844129481277414,1.0,0.001326701206315953
0.5498724334831734,0.9844123830928732,1.0,0.0013267012419563397
0.5498521848297089,0.9844118180170383,1.0,0.0013267012775967284
0.5498116875227798,0.9844463780726561,1.0,0.001326701313237119
0.5498116875227798,0.9844820709908996,1.0,0.0013267013488775115
0.5497914388693151,0.9844815083393763,1.0,0.0013267013845179058
0.5497509415623861,0.9844803829139169,1.0,0.001326701420158302
0.5497306929089215,0.9844798201399717,1.0,0.0013267014557987002
0.5488600008099461,0.9847059250917282,1.0,0.0013267014914391004
0.548819503503017,0.9847048138056312,1.0,0.0013267015270795024
0.5487992548495525,0.98470425810202,1.0,0.0013267015627199063
0.548779006196088,0.9847037023580278,1.0,0.0013267015983603123
0.5487182602356944,0.9847020348837209,1.0,0.00132670163400072
0.5486980115822297,0.9847014789781605,1.0,0.0013267016696411297
0.5486777629287652,0.9847009230321971,1.0,0.0013267017052815413
0.5486575142753007,0.9847003670458262,1.0,0.0013267017409219549
0.5486170169683716,0.9846992549518444,1.0,0.0013267017765623702
0.5485967683149071,0.9846986988442248,1.0,0.0013267018122027877
0.548556271007978,0.9847333793755225,1.0,0.0013267018478432069
0.5485360223545134,0.9847328244274809,1.0,0.001326701883483628
0.5482322925525452,0.9847603113406561,1.0,0.0013267019191240512
0.5481917952456161,0.9847592026771425,1.0,0.0013267019547644763
0.5481715465921516,0.9847586482848932,1.0,0.001326701990404903
0.5481512979386871,0.98475809385231,1.0,0.0013267020260453318
0.5481310492852225,0.9847575393793881,1.0,0.0013267020616857628
0.5477058275624671,0.9847817380857028,1.0,0.0013267020973261954
0.547442595067428,0.9848104032346192,1.0,0.00132670213296663
0.5473616004535699,0.9848081897336879,1.0,0.0013267021686070664
0.5473413518001053,0.9848076362576508,1.0,0.001326702204247505
0.5473211031466407,0.9848070827412831,1.0,0.0013267022398879451
0.5472603571862471,0.9848054219501531,1.0,0.0013267022755283873
0.5472401085327826,0.9848048682724192,1.0,0.0013267023111688315
0.547219859879318,0.9848043145543328,1.0,0.0013267023468092776
0.5471591139189244,0.9848026531579139,1.0,0.0013267023824497257
0.5471388652654599,0.984802099278373,1.0,0.0013267024180901755
0.5470781193050662,0.984800437397485,1.0,0.0013267024537306274
0.5468756327704207,0.9847948951686417,1.0,0.0013267024893710811
0.5468351354634917,0.9847937862378295,1.0,0.0013267025250115368
0.5466933948892398,0.9847899037058652,1.0,0.0013267025606519944
0.5466731462357753,0.9847893488965894,1.0,0.0013267025962924537
0.5466326489288462,0.9847882391566045,1.0,0.0013267026319329152
0.5466124002753817,0.9847876842258865,1.0,0.0013267026675733784
0.5465921516219171,0.9847871292546788,1.0,0.0013267027032138436
0.5465314056615235,0.9847854640980735,1.0,0.0013267027388543108
0.546511157008059,0.984784908964863,1.0,0.0013267027744947799
0.5464909083545945,0.9848562253685593,1.0,0.001326702810135251
0.5464706597011298,0.9848556727365617,1.0,0.0013267028457757237
0.5464504110476653,0.9848551200642289,1.0,0.0013267028814161984
0.5464099137407362,0.9848540145985402,1.0,0.0013267029170566753
0.5463694164338071,0.9848529089714577,1.0,0.001326702952697154
0.5463289191268781,0.9848518031829464,1.0,0.0013267029883376343
0.5463086704734135,0.9848512502281438,1.0,0.0013267030239781168
0.546288421819949,0.9848506972329707,1.0,0.0013267030596186011
0.4953833070100838,0.9881654414734631,1.0,0.0013267030952590876
0.4953630583566193,0.9881649634446823,1.0,0.0013267031308995757
0.49534280970315475,0.9881644853772823,1.0,0.0013267031665400658
0.49530231239622563,0.9881635291266058,1.0,0.001326703202180558
0.4952820637427611,0.98816305094332,1.0,0.0013267032378210517
0.49526181508929656,0.9881625727213963,1.0,0.0013267032734615477
0.4952213177823675,0.9881616161616161,1.0,0.0013267033091020454
0.4951808204754384,0.9882405237210055,1.0,0.001326703344742545
0.4951605718219738,0.9882400484946454,1.0,0.0013267033803830467
0.49512007451504475,0.9882390979266863,1.0,0.0013267034160235503
0.4949580852873284,0.9882352941176471,1.0,0.0013267034516640556
0.4948770906734702,0.9882733522038011,1.0,0.001326703487304563
0.4948568420200057,0.9882728779974929,1.0,0.0013267035229450723
0.4948365933665411,0.9882724037528308,1.0,0.0013267035585855834
0.49479609605961206,0.9882714551484267,1.0,0.0013267035942260965
0.49465435548536024,0.9883081155433288,1.0,0.0013267036298666116
0.4946138581784311,0.9883071694448939,1.0,0.0013267036655071284
0.4945936095249666,0.9883066963382561,1.0,0.0013267037011476474
0.4944113716437857,0.9883424408014572,1.0,0.001326703736788168
0.49435062568339205,0.9883410250182172,1.0,0.0013267037724286907
0.49410764184181755,0.9884154244977317,1.0,0.0013267038080692153
0.4940671445348884,0.9884144859434497,1.0,0.0013267038437097419
0.49404689588142386,0.9884140166092769,1.0,0.0013267038793502702
0.4936014255052039,0.9885239253852393,1.0,0.0013267039149908006
0.4931762037824485,0.9886345185906803,1.0,0.0013267039506313328
0.49313570647551935,0.9886335958431436,1.0,0.001326703986271867
0.49311545782205485,0.9886331344131856,1.0,0.001326704021912403
0.4930952091685903,0.9886326729457616,1.0,0.001326704057552941
0.4930547118616612,0.9886317498984978,1.0,0.0013267040931934809
0.4930142145547321,0.9886308267013155,1.0,0.0013267041288340228
0.49299396590126754,0.9886303650464937,1.0,0.0013267041644745665
0.4924675009111894,0.9886987275905524,1.0,0.0013267042001151121
0.49242700360426034,0.9886978086758548,1.0,0.0013267042357556597
0.4924067549507958,0.9886973491624654,1.0,0.0013267042713962093
0.49236625764386666,0.988696430023583,1.0,0.0013267043070367605
0.49234600899040215,0.9886959703980808,1.0,0.0013267043426773138
0.4923257603369376,0.9886955107351985,1.0,0.0013267043783178692
0.4910703438221358,0.988868501529052,1.0,0.0013267044139584263
0.49105009516867126,0.9888680476268146,1.0,0.0013267044495989854
0.4910095978617422,0.9888671397112797,1.0,0.0013267044852395462
0.49098934920827764,0.9888666856979732,1.0,0.0013267045208801092
0.49096910055481313,0.9888662316476345,1.0,0.001326704556520674
0.49094885190134857,0.9888657775602594,1.0,0.0013267045921612406
0.490928603247884,0.9888653234358431,1.0,0.0013267046278018092
0.49088810594095494,0.9888644150758689,1.0,0.0013267046634423798
0.4908476086340258,0.9888635065676756,1.0,0.0013267046990829523
0.4908273599805613,0.9888630522579855,1.0,0.0013267047347235265
0.49072611671323857,0.9888607801534193,1.0,0.001326704770364103
0.49072611671323857,0.988901130289305,1.0,0.0013267048060046811
0.48898473251528773,0.9891860893786097,1.0,0.0013267048416452612
0.48797229984206053,0.9892857142857143,1.0,0.0013267048772858433
0.48795205118859597,0.9892852744365532,1.0,0.0013267049129264271
0.4879318025351314,0.9892848345512768,1.0,0.001326704948567013
0.48791155388166685,0.9892843946298805,1.0,0.0013267049842076008
0.48789130522820234,0.98928395467236,1.0,0.0013267050198481904
0.4878710565747378,0.9892835146787108,1.0,0.001326705055488782
0.4878508079212732,0.9892830746489283,1.0,0.0013267050911293756
0.4878305592678087,0.9892826345830082,1.0,0.0013267051267699711
0.4873040942777305,0.9893931919092255,1.0,0.0013267051624105684
0.48728384562426597,0.9893927558278173,1.0,0.0013267051980511678
0.48722309966387234,0.9893914473684211,1.0,0.001326705233691769
0.4871016077430851,0.989470220467259,1.0,0.001326705269332372
0.4870813590896205,0.9894697873390647,1.0,0.001326705304972977
0.487061110436156,0.9894693541752365,1.0,0.0013267053406135839
0.48695986716883327,0.989467187821436,1.0,0.0013267053762541928
0.4868788725549751,0.9894654540965392,1.0,0.0013267054118948035
0.4868586239015105,0.9894650205761317,1.0,0.0013267054475354161
0.4867978779411169,0.9894637198007985,1.0,0.0013267054831760307
0.4867776292876524,0.9894632861376358,1.0,0.0013267055188166473
0.48675738063418783,0.9894628524387734,1.0,0.0013267055544572655
0.486615640059936,0.9894598155467721,1.0,0.001326705590097886
0.48659539140647146,0.9894593815621526,1.0,0.0013267056257385082
0.48657514275300695,0.9894589475417936,1.0,0.0013267056613791323
0.4865548940995424,0.9894585134856908,1.0,0.0013267056970197584
0.48653464544607783,0.9894580793938396,1.0,0.0013267057326603864
0.48649414813914876,0.9894572111028745,1.0,0.0013267057683010164
0.4814927307334062,0.9898018648018648,1.0,0.0013267058039416481
0.4814319847730126,0.9898005911494109,1.0,0.0013267058395822818
0.4814117361195481,0.9898001665278934,1.0,0.0013267058752229174
0.4813914874660835,0.9897997418710188,1.0,0.001326705910863555
0.4813509901591544,0.9897988924511805,1.0,0.0013267059465041945
0.4813307415056899,0.9897984676882079,1.0,0.001326705982144836
0.48126999554529626,0.9897971931870237,1.0,0.0013267060177854792
0.4812497468918317,0.9897967682825254,1.0,0.0013267060534261244
0.48114850362450895,0.9897946432290582,1.0,0.0013267060890667717
0.4811080063175799,0.9897937929598001,1.0,0.0013267061247074206
0.4810877576641153,0.989793367772038,1.0,0.0013267061603480716
0.48100676305025714,0.9897916666666666,1.0,0.0013267061959887246
0.4809460170898635,0.9897903904654749,1.0,0.0013267062316293793
0.480925768436399,0.9897899649941657,1.0,0.001326706267270036
0.48050054671364356,0.9898223074997914,1.0,0.0013267063029106946
0.480480298060179,0.989821882951654,1.0,0.0013267063385513551
0.4804195520997854,0.9898206090947017,1.0,0.0013267063741920176
0.4803993034463208,0.9898201844048563,1.0,0.001326706409832682
0.4803183088324626,0.9898184852910494,1.0,0.0013267064454733483
0.48027781152553356,0.9898176355214289,1.0,0.0013267064811140164
0.4794273680800227,0.9898411371237458,1.0,0.0013267065167546865
0.47805045964443366,0.989895178197065,1.0,0.0013267065523953586
0.4780302109909691,0.9898947544970439,1.0,0.0013267065880360326
0.47798971368404003,0.9898939069903971,1.0,0.0013267066236767086
0.4779492163771109,0.9899345747357826,1.0,0.0013267066593173863
0.47790871907018184,0.9899337303917457,1.0,0.001326706694958066
0.47782772445632365,0.9899320412786308,1.0,0.0013267067305987475
0.4778074758028591,0.9899316189117758,1.0,0.001326706766239431
0.4777872271493946,0.9899311965094815,1.0,0.0013267068018801165
0.4767950431296319,0.9900353178607467,1.0,0.0013267068375208038
0.47677479447616733,0.9900348988773494,1.0,0.0013267068731614932
0.47675454582270277,0.9900344798587167,1.0,0.0013267069088021843
0.4767140485157737,0.9900336417157275,1.0,0.0013267069444428774
0.476390070060341,0.99006859403274,1.0,0.0013267069800835724
0.47636982140687645,0.9900681760794546,1.0,0.0013267070157242692
0.47600534564451463,0.9900606469002695,1.0,0.0013267070513649682
0.4756206212286883,0.9900526870389884,1.0,0.0013267070870056688
0.47560037257522375,0.9900522677457427,1.0,0.0013267071226463717
0.4755801239217592,0.9900518484171479,1.0,0.0013267071582870763
0.47551937796136556,0.9900505902192243,1.0,0.0013267071939277826
0.4754383833475074,0.9900489121268342,1.0,0.001326707229568491
0.47541813469404287,0.9900484925152857,1.0,0.0013267072652092015
0.4753978860405783,0.9900480728683478,1.0,0.0013267073008499137
0.47537763738711375,0.9900476531860161,1.0,0.0013267073364906278
0.47523589681286194,0.9900447144182908,1.0,0.0013267073721313439
0.47519539950593287,0.9900438744515694,1.0,0.0013267074077720619
0.47507390758514556,0.9900413537007342,1.0,0.0013267074434127819
0.4750334102782165,0.9900405131667792,1.0,0.0013267074790535036
0.47501316162475193,0.9900400928465921,1.0,0.0013267075146942272
0.47499291297128743,0.990039672490926,1.0,0.001326707550334953
0.47497266431782287,0.9900392520997763,1.0,0.0013267075859756806
0.4749524156643583,0.9900388316731387,1.0,0.00132670762161641
0.4749321670108938,0.9900384112110084,1.0,0.0013267076572571414
0.47491191835742924,0.9900379907133812,1.0,0.0013267076928978746
0.4748511723970356,0.9900367290074724,1.0,0.00132670772853861
0.38324626412343576,0.9935433070866142,1.0,0.001326707764179347
0.38318551816304214,0.9935422901244291,1.0,0.0013267077998200861
0.38314502085611307,0.9935416119716461,1.0,0.0013267078354608271
0.3831247722026485,0.9935412728418399,1.0,0.0013267078711015699
0.38308427489571945,0.9935405944753702,1.0,0.0013267079067423148
0.3829830316283967,0.9935388979355991,1.0,0.0013267079423830614
0.3829627829749322,0.9935385585206976,1.0,0.00132670797802381
0.38294253432146763,0.993538219070134,1.0,0.0013267080136645606
0.38286153970760944,0.993536860911145,1.0,0.001326708049305313
0.3828210424006804,0.9935361816175311,1.0,0.0013267080849460676
0.3828007937472158,0.9935358419171747,1.0,0.0013267081205868237
0.3824768152917831,0.9935304018514622,1.0,0.0013267081562275819
0.38241606933138944,0.9935293808196117,1.0,0.001326708191868342
0.38239582067792494,0.9935290404040404,1.0,0.001326708227509104
0.3822743287571376,0.9935792853007737,1.0,0.001326708263149868
0.3821123395294213,0.9935765808455747,1.0,0.001326708298790634
0.38209209087595675,0.9935762426284751,1.0,0.0013267083344314016
0.3820718422224922,0.9935759043757569,1.0,0.0013267083700721713
0.3816061231928077,0.9935681147195277,1.0,0.001326708405712943
0.38109990685619405,0.9935596262471625,1.0,0.0013267084413537164
0.38107965820272954,0.9935592862422131,1.0,0.0013267084769944919
0.381059409549265,0.9935589462013621,1.0,0.0013267085126352693
0.3810391608958004,0.993558606124604,1.0,0.0013267085482760485
0.3803507066780059,0.993599576831526,1.0,0.0013267085839168298
0.38033045802454135,0.9935992382564537,1.0,0.001326708619557613
0.38031020937107685,0.9935988996455589,1.0,0.001326708655198398
0.3802899607176123,0.9935985609988361,1.0,0.0013267086908391847
0.3802697120641477,0.9935982223162796,1.0,0.0013267087264799736
0.3785890738265905,0.9936227879045544,1.0,0.0013267087621207643
0.3784878305592678,0.9936210929194131,1.0,0.001326708797761557
0.3784878305592678,0.9936739141991388,1.0,0.0013267088334023517
0.3784473332523387,0.9936732415333085,1.0,0.001326708869043148
0.378346089985016,0.9936715592427143,1.0,0.0013267089046839465
0.3782853440246224,0.9937234042553191,1.0,0.001326708940324747
0.3782853440246224,0.9938291307585914,1.0,0.001326708975965549
0.3760377434900579,0.9939520445300792,1.0,0.0013267090116063532
0.3748025756287207,0.9939322343338882,1.0,0.0013267090472471592
0.3747215810148625,0.9939309307696439,1.0,0.0013267090828879672
0.3746810837079334,0.9939302787774614,1.0,0.0013267091185287772
0.3746203377475398,0.9939293005264854,1.0,0.0013267091541695891
0.3745798404406107,0.9939286481839673,1.0,0.0013267091898104028
0.37455959178714615,0.9939283219601311,1.0,0.0013267092254512184
0.37455959178714615,0.9939817302525524,1.0,0.001326709261092036
0.37370914834163527,0.9940216513168525,1.0,0.0013267092967328554
0.37368889968817076,0.994021329311645,1.0,0.001326709332373677
0.3736281537277771,0.9940203630878629,1.0,0.0013267093680145
0.3735066618069898,0.9940719982754904,1.0,0.0013267094036553254
0.37346616450006076,0.9940713592756278,1.0,0.0013267094392961525
0.3732636779654153,0.9940681622088007,1.0,0.0013267094749369816
0.37324342931195076,0.9940678423124629,1.0,0.0013267095105778126
0.3732231806584862,0.9940675223816201,1.0,0.0013267095462186453
0.3671283359656583,0.9945148373649279,1.0,0.0013267095818594802
0.3670878386587292,0.9945142355587251,1.0,0.0013267096175003169
0.3670878386587292,0.9945687952600395,1.0,0.0013267096531411557
0.3670473413518001,0.9945681992757599,1.0,0.0013267096887819962
0.3669865953914065,0.9945673050540526,1.0,0.0013267097244228385
0.3668651034706192,0.9945655157270681,1.0,0.001326709760063683
0.36680435751022555,0.9945646206215,1.0,0.0013267097957045293
0.36670311424290286,0.9945631281234555,1.0,0.0013267098313453774
0.3659944113716438,0.9946073845815221,1.0,0.0013267098669862275
0.36597416271817923,0.9946070878274268,1.0,0.0013267099026270796
0.36595391406471467,0.9946067910406692,1.0,0.0013267099382679335
0.364738994856842,0.9950284483234823,1.0,0.0013267099739087895
0.363362086421253,0.9951752440106477,1.0,0.0013267100095496471
0.36334183776778844,0.9951749764294826,1.0,0.0013267100451905068
0.36317984854007207,0.9951728347112023,1.0,0.0013267100808313686
0.363139351233143,0.9951722989845181,1.0,0.001326710116472232
0.36194468067873486,0.9952118478926563,1.0,0.0013267101521130973
0.36162070222330217,0.9953185086106002,1.0,0.0013267101877539648
0.36147896164905036,0.9953166815343444,1.0,0.001326710223394834
0.36133722107479854,0.9953148530314017,1.0,0.0013267102590357053
0.3612967237678694,0.9953143303397111,1.0,0.0013267102946765783
0.36111448588668854,0.9953119767831231,1.0,0.0013267103303174533
0.36095249665897217,0.9953098827470687,1.0,0.0013267103659583303
0.0,1.0,1.0,0.001326710401599209
